_MEMBER_gene,_LogP_gene,GO,_PATTERN_,_RANK_,GiniIndex,Category,CategoryID,Description,PARENT_GO,LogP,Enrichment,Z-score,#TotalGeneInLibrary,#GeneInGO,#GeneInHitList,#GeneInGOAndHitList,%InGO,STDV %InGO,GeneID,Hits,Log(q-value),EvidenceCutoff
1,-10,PGB:00034,M1,1,0,PaGenBase,36,Tissue-specific: spinal cord,,-10,25,15,21160,27,278,9,3.2,1.1,16494|17136|17433|17441|19144|76960|77767|217893|320587,Kcna6|Mag|Mobp|Mog|Klk6|Bcas1|Ermn|Pacs2|Tmem88b,-7.4,0
1,-7.8,PGB:00010,M1,1,0,PaGenBase,36,Tissue-specific: brain,,-7.8,3.3,7.1,21160,661,278,29,10,1.8,12424|13655|14394|14417|14758|16494|17136|17433|17441|17957|19055|20604|20713|21333|21367|22771|28018|50914|56177|67272|68423|72948|75141|76161|76982|77767|237730|245607|381979,Cck|Egr3|Gabra1|Gad2|Gpm6b|Kcna6|Mag|Mobp|Mog|Napb|Ppp3ca|Sst|Serpini1|Tac1|Cntn2|Zic1|Ubfd1|Olig1|Olfm1|Cmtm5|Ankrd13d|Tppp|Rasd2|Lamp5|Vxn|Ermn|Fbll1|Gprasp2|Brsk1,-5.1,0
1,-4,PGB:00229,M1,1,0,PaGenBase,36,Tissue-specific: dorsal striatum,,-4,16,7.6,21160,19,278,4,1.4,0.71,16492|19049|75141|108655,Kcna4|Ppp1r1b|Rasd2|Foxp1,-1.6,0
1,-3.6,PGB:00258,M1,1,0,PaGenBase,36,Cell-specific: medial olfactory epithelium,,-3.6,2.6,4.2,21160,532,278,18,6.5,1.5,11815|12971|14758|14859|18417|19378|22092|27220|27276|50914|56177|74019|75429|77125|77767|78896|114679|241226,Apod|Crym|Gpm6b|Gsta3|Cldn11|Aldh1a2|Rsph1|Cartpt|Plekhb1|Olig1|Olfm1|Traf3ip1|Cfap144|Il33|Ermn|Ecrg4|Selenom|Itga8,-1.3,0
