_MEMBER_gene,_LogP_gene,GO,_PATTERN_,_RANK_,GiniIndex,Category,CategoryID,Description,PARENT_GO,LogP,Enrichment,Z-score,#TotalGeneInLibrary,#GeneInGO,#GeneInHitList,#GeneInGOAndHitList,%InGO,STDV %InGO,GeneID,Hits,Log(q-value),EvidenceCutoff
1,-5.5,TRR00839,M1,1,0,TRRUST,34,Regulated by: Mycn,,-5.5,34,11,21160,9,278,4,1.4,0.71,16008|16012|17128|17988,Igfbp2|Igfbp6|Smad4|Ndrg1,-3,0
1,-2.5,TRR00168,M1,1,0,TRRUST,34,Regulated by: Crebbp,,-2.5,6.8,4.5,21160,45,278,4,1.4,0.71,12955|17748|20604|84505,Cryab|Mt1|Sst|Setdb1,-0.35,0
1,-2.4,TRR00293,M1,1,0,TRRUST,34,Regulated by: Egr1,,-2.4,4.8,3.9,21160,79,278,5,1.8,0.8,14714|17131|17988|19049|56351,Gnrh1|Smad7|Ndrg1|Ppp1r1b|Ptges3,-0.32,0
1,-2.4,TRR01347,M1,1,0,TRRUST,34,Regulated by: Sp1,,-2.4,2.7,3.3,21160,280,278,10,3.6,1.1,11475|11758|11816|12842|16852|17131|17988|22041|84505|236539,Acta2|Prdx6|Apoe|Col1a1|Lgals1|Smad7|Ndrg1|Trf|Setdb1|Phgdh,-0.32,0
