Category,CategoryID,GO,Description,PARENT_GO,LogP,Enrichment,Z-score,#TotalGeneInLibrary,#GeneInGO,#GeneInHitList,#GeneInGOAndHitList,%InGO,STDV %InGO,GeneID,Hits,Log(q-value),GeneList
GO Biological Processes,19,GO:0008366,axon ensheathment,19_GO:0032502 developmental process,-15,9.9,13,21222,158,284,21,7.4,1.6,14745|14758|14912|17136|17153|17988|18417|19317|20665|22239|50913|53897|64383|67801|70747|76960|118446|192897|224020|225908|338521,Lpar1|Gpm6b|Nkx6-2|Mag|Mal|Ndrg1|Cldn11|Qki|Sox10|Ugt8a|Olig2|Gal3st1|Sirt2|Pllp|Tspan2|Bcas1|Gjc3|Itgb4|Pi4ka|Myrf|Fa2h,-11,Gene
GO Biological Processes,19,GO:0007272,ensheathment of neurons,19_GO:0032502 developmental process,-15,9.9,13,21222,158,284,21,7.4,1.6,14745|14758|14912|17136|17153|17988|18417|19317|20665|22239|50913|53897|64383|67801|70747|76960|118446|192897|224020|225908|338521,Lpar1|Gpm6b|Nkx6-2|Mag|Mal|Ndrg1|Cldn11|Qki|Sox10|Ugt8a|Olig2|Gal3st1|Sirt2|Pllp|Tspan2|Bcas1|Gjc3|Itgb4|Pi4ka|Myrf|Fa2h,-11,Gene
GO Biological Processes,19,GO:0042552,myelination,19_GO:0032502 developmental process,-14,9.6,13,21222,155,284,20,7,1.5,14745|14758|14912|17136|17153|17988|19317|20665|22239|50913|53897|64383|67801|70747|76960|118446|192897|224020|225908|338521,Lpar1|Gpm6b|Nkx6-2|Mag|Mal|Ndrg1|Qki|Sox10|Ugt8a|Olig2|Gal3st1|Sirt2|Pllp|Tspan2|Bcas1|Gjc3|Itgb4|Pi4ka|Myrf|Fa2h,-9.8,Gene
GO Biological Processes,19,GO:0021782,glial cell development,19_GO:0032502 developmental process,-13,9.7,12,21222,147,284,19,6.7,1.5,13488|14580|14745|14758|14912|17136|17153|17988|20665|22352|50914|64383|70747|77630|192897|224020|225908|236539|338521,Drd1|Gfap|Lpar1|Gpm6b|Nkx6-2|Mag|Mal|Ndrg1|Sox10|Vim|Olig1|Sirt2|Tspan2|Prdm8|Itgb4|Pi4ka|Myrf|Phgdh|Fa2h,-9.3,Gene
GO Biological Processes,19,GO:0014013,regulation of gliogenesis,19_GO:0032502 developmental process,-12,9,11,21222,150,284,18,6.3,1.4,11484|12017|14580|14912|17136|18606|19317|20665|22041|22352|50913|64383|71918|76441|77125|103743|118454|225908,Aspa|Bag1|Gfap|Nkx6-2|Mag|Enpp2|Qki|Sox10|Trf|Vim|Olig2|Sirt2|Zcchc24|Daam2|Il33|Tmem98|Gjc2|Myrf,-8.2,Gene
GO Biological Processes,19,GO:0010001,glial cell differentiation,19_GO:0032502 developmental process,-11,6.3,10,21222,260,284,22,7.7,1.6,12799|13488|14580|14745|14758|14912|17136|17153|17988|19317|20665|22352|50913|50914|64383|70747|77630|192897|224020|225908|236539|338521,Cnp|Drd1|Gfap|Lpar1|Gpm6b|Nkx6-2|Mag|Mal|Ndrg1|Qki|Sox10|Vim|Olig2|Olig1|Sirt2|Tspan2|Prdm8|Itgb4|Pi4ka|Myrf|Phgdh|Fa2h,-7.6,Gene
GO Biological Processes,19,GO:0042063,gliogenesis,19_GO:0032502 developmental process,-11,5.6,9.6,21222,322,284,24,8.5,1.7,12799|13488|14580|14745|14758|14912|17136|17153|17988|18619|19317|20665|22352|50913|50914|64383|70747|77125|77630|192897|224020|225908|236539|338521,Cnp|Drd1|Gfap|Lpar1|Gpm6b|Nkx6-2|Mag|Mal|Ndrg1|Penk|Qki|Sox10|Vim|Olig2|Olig1|Sirt2|Tspan2|Il33|Prdm8|Itgb4|Pi4ka|Myrf|Phgdh|Fa2h,-7.5,Gene
GO Biological Processes,19,GO:0014015,positive regulation of gliogenesis,19_GO:0032502 developmental process,-10,11,11,21222,97,284,14,4.9,1.3,11484|12017|14580|14912|17136|18606|19317|20665|22041|22352|50913|77125|118454|225908,Aspa|Bag1|Gfap|Nkx6-2|Mag|Enpp2|Qki|Sox10|Trf|Vim|Olig2|Il33|Gjc2|Myrf,-7,Gene
GO Biological Processes,19,GO:0048713,regulation of oligodendrocyte differentiation,19_GO:0032502 developmental process,-9.5,14,12,21222,59,284,11,3.9,1.1,11484|14912|18606|19317|50913|64383|76441|77125|103743|225908|226115,Aspa|Nkx6-2|Enpp2|Qki|Olig2|Sirt2|Daam2|Il33|Tmem98|Myrf|Opalin,-6.2,Gene
GO Biological Processes,19,GO:0045685,regulation of glial cell differentiation,19_GO:0032502 developmental process,-9.1,9.7,10,21222,100,284,13,4.6,1.2,11484|12017|14912|17136|18606|19317|50913|64383|76441|77125|103743|225908|226115,Aspa|Bag1|Nkx6-2|Mag|Enpp2|Qki|Olig2|Sirt2|Daam2|Il33|Tmem98|Myrf|Opalin,-5.8,Gene
GO Biological Processes,19,GO:0048709,oligodendrocyte differentiation,19_GO:0032502 developmental process,-8.9,9.3,9.9,21222,104,284,13,4.6,1.2,12799|14745|14758|14912|17136|17153|20665|50913|50914|70747|77630|225908|338521,Cnp|Lpar1|Gpm6b|Nkx6-2|Mag|Mal|Sox10|Olig2|Olig1|Tspan2|Prdm8|Myrf|Fa2h,-5.6,Gene
GO Biological Processes,19,GO:0050767,regulation of neurogenesis,19_GO:0032502 developmental process,-8.7,4,7.8,21222,483,284,26,9.2,1.7,11484|11816|12017|13643|14580|14912|16885|17136|18606|19317|20354|20361|20393|20665|22041|22352|50913|64383|71918|76441|77125|103743|118454|140571|225908|320790,Aspa|Apoe|Bag1|Efnb3|Gfap|Nkx6-2|Limk1|Mag|Enpp2|Qki|Sema4d|Sema7a|Sgk1|Sox10|Trf|Vim|Olig2|Sirt2|Zcchc24|Daam2|Il33|Tmem98|Gjc2|Plxnb3|Myrf|Chd7,-5.5,Gene
GO Biological Processes,19,GO:0014003,oligodendrocyte development,19_GO:0032502 developmental process,-8.5,13,11,21222,56,284,10,3.5,1.1,14745|14758|14912|17136|17153|20665|50914|77630|225908|338521,Lpar1|Gpm6b|Nkx6-2|Mag|Mal|Sox10|Olig1|Prdm8|Myrf|Fa2h,-5.3,Gene
GO Biological Processes,19,GO:0050769,positive regulation of neurogenesis,19_GO:0032502 developmental process,-7.8,4.6,7.6,21222,324,284,20,7,1.5,11484|11816|12017|14580|14912|16885|17136|18606|19317|20354|20361|20393|20665|22041|22352|50913|77125|118454|140571|225908,Aspa|Apoe|Bag1|Gfap|Nkx6-2|Limk1|Mag|Enpp2|Qki|Sema4d|Sema7a|Sgk1|Sox10|Trf|Vim|Olig2|Il33|Gjc2|Plxnb3|Myrf,-4.7,Gene
GO Biological Processes,19,GO:0007267,cell-cell signaling,19_GO:0050789 regulation of biological process,-7.8,3.2,6.9,21222,734,284,31,11,1.9,12424|12490|13488|13643|13655|14042|14183|14226|14394|14618|14678|17260|17957|18111|18619|19293|20191|20496|20614|21333|22353|27220|72961|75141|109648|109905|118446|118454|140919|235415|381979,Cck|Cd34|Drd1|Efnb3|Egr3|Ext1|Fgfr2|Fkbp1b|Gabra1|Gjb1|Gnai2|Mef2c|Napb|Nnat|Penk|Pvalb|Ryr2|Slc12a2|Snap25|Tac1|Vip|Cartpt|Slc17a7|Rasd2|Npy|Rap1a|Gjc3|Gjc2|Slc17a6|Cplx3|Brsk1,-4.7,Gene
GO Biological Processes,19,GO:0061564,axon development,19_GO:0032502 developmental process,-7.6,3.8,7.2,21222,470,284,24,8.5,1.7,11658|11815|12305|12424|12799|13643|14042|14183|14758|16765|16885|17136|17260|20354|20361|50913|50914|70747|77630|106042|107449|108655|270190|381979,Alcam|Apod|Ddr1|Cck|Cnp|Efnb3|Ext1|Fgfr2|Gpm6b|Stmn1|Limk1|Mag|Mef2c|Sema4d|Sema7a|Olig2|Olig1|Tspan2|Prdm8|Prickle1|Unc5b|Foxp1|Ephb1|Brsk1,-4.6,Gene
GO Biological Processes,19,GO:0051960,regulation of nervous system development,19_GO:0032502 developmental process,-7.5,3.4,6.9,21222,593,284,27,9.5,1.7,11484|11816|12017|13643|14580|14912|16885|17136|18606|19317|20354|20361|20393|20665|22041|22352|50913|64383|71918|76441|77125|103743|118454|140571|225908|270190|320790,Aspa|Apoe|Bag1|Efnb3|Gfap|Nkx6-2|Limk1|Mag|Enpp2|Qki|Sema4d|Sema7a|Sgk1|Sox10|Trf|Vim|Olig2|Sirt2|Zcchc24|Daam2|Il33|Tmem98|Gjc2|Plxnb3|Myrf|Ephb1|Chd7,-4.4,Gene
GO Biological Processes,19,GO:0051962,positive regulation of nervous system development,19_GO:0032502 developmental process,-7.1,4,7,21222,392,284,21,7.4,1.6,11484|11816|12017|14580|14912|16885|17136|18606|19317|20354|20361|20393|20665|22041|22352|50913|77125|118454|140571|225908|270190,Aspa|Apoe|Bag1|Gfap|Nkx6-2|Limk1|Mag|Enpp2|Qki|Sema4d|Sema7a|Sgk1|Sox10|Trf|Vim|Olig2|Il33|Gjc2|Plxnb3|Myrf|Ephb1,-4.1,Gene
GO Biological Processes,19,GO:0045687,positive regulation of glial cell differentiation,19_GO:0032502 developmental process,-7.1,11,9.3,21222,59,284,9,3.2,1,11484|12017|14912|17136|18606|19317|50913|77125|225908,Aspa|Bag1|Nkx6-2|Mag|Enpp2|Qki|Olig2|Il33|Myrf,-4.1,Gene
GO Biological Processes,19,GO:0032291,axon ensheathment in central nervous system,19_GO:0032502 developmental process,-6.7,16,10,21222,32,284,7,2.5,0.92,14758|14912|17136|17153|20665|225908|338521,Gpm6b|Nkx6-2|Mag|Mal|Sox10|Myrf|Fa2h,-3.8,Gene
GO Biological Processes,19,GO:0022010,central nervous system myelination,19_GO:0032502 developmental process,-6.7,16,10,21222,32,284,7,2.5,0.92,14758|14912|17136|17153|20665|225908|338521,Gpm6b|Nkx6-2|Mag|Mal|Sox10|Myrf|Fa2h,-3.8,Gene
GO Biological Processes,19,GO:0010720,positive regulation of cell development,19_GO:0032502 developmental process,-6.7,3.3,6.5,21222,566,284,25,8.8,1.7,11484|11816|12017|12349|13655|14580|14683|14912|16885|17136|18606|19317|20354|20361|20393|20665|22041|22352|50913|64383|74256|77125|118454|140571|225908,Aspa|Apoe|Bag1|Car2|Egr3|Gfap|Gnas|Nkx6-2|Limk1|Mag|Enpp2|Qki|Sema4d|Sema7a|Sgk1|Sox10|Trf|Vim|Olig2|Sirt2|Cyld|Il33|Gjc2|Plxnb3|Myrf,-3.8,Gene
GO Biological Processes,19,GO:0120035,regulation of plasma membrane bounded cell projection organization,19_GO:0050789 regulation of biological process,-6.5,2.8,6.1,21222,792,284,30,11,1.8,11816|12305|13643|14226|14580|14745|16554|16852|16885|17136|18606|19144|19317|19347|20354|20361|20393|20614|20713|22352|26921|56212|74256|76441|104252|109905|140571|235180|242687|381979,Apoe|Ddr1|Efnb3|Fkbp1b|Gfap|Lpar1|Kif13b|Lgals1|Limk1|Mag|Enpp2|Klk6|Qki|Dennd5a|Sema4d|Sema7a|Sgk1|Snap25|Serpini1|Vim|Map4k4|Rhog|Cyld|Daam2|Cdc42ep2|Rap1a|Plxnb3|Fez1|Wasf2|Brsk1,-3.6,Gene
GO Biological Processes,19,GO:0048714,positive regulation of oligodendrocyte differentiation,19_GO:0032502 developmental process,-6.5,15,9.6,21222,35,284,7,2.5,0.92,11484|14912|18606|19317|50913|77125|225908,Aspa|Nkx6-2|Enpp2|Qki|Olig2|Il33|Myrf,-3.6,Gene
GO Biological Processes,19,GO:0120039,plasma membrane bounded cell projection morphogenesis,19_GO:0032502 developmental process,-6.1,3.1,6,21222,572,284,24,8.5,1.7,11658|12305|12424|12799|13643|14042|14183|16765|16885|17260|20354|20361|20393|21828|22239|26921|77630|78829|106042|107449|108655|242687|270190|381979,Alcam|Ddr1|Cck|Cnp|Efnb3|Ext1|Fgfr2|Stmn1|Limk1|Mef2c|Sema4d|Sema7a|Sgk1|Thbs4|Ugt8a|Map4k4|Prdm8|Tsc22d4|Prickle1|Unc5b|Foxp1|Wasf2|Ephb1|Brsk1,-3.2,Gene
GO Biological Processes,19,GO:0048858,cell projection morphogenesis,19_GO:0032502 developmental process,-5.9,3.1,5.9,21222,582,284,24,8.5,1.7,11658|12305|12424|12799|13643|14042|14183|16765|16885|17260|20354|20361|20393|21828|22239|26921|77630|78829|106042|107449|108655|242687|270190|381979,Alcam|Ddr1|Cck|Cnp|Efnb3|Ext1|Fgfr2|Stmn1|Limk1|Mef2c|Sema4d|Sema7a|Sgk1|Thbs4|Ugt8a|Map4k4|Prdm8|Tsc22d4|Prickle1|Unc5b|Foxp1|Wasf2|Ephb1|Brsk1,-3.1,Gene
GO Biological Processes,19,GO:0010975,regulation of neuron projection development,19_GO:0032502 developmental process,-5.9,3.1,5.9,21222,585,284,24,8.5,1.7,11816|12305|13643|14226|14580|14745|16554|16852|16885|17136|19144|19317|19347|20354|20361|20393|20614|20713|22352|26921|109905|140571|235180|381979,Apoe|Ddr1|Efnb3|Fkbp1b|Gfap|Lpar1|Kif13b|Lgals1|Limk1|Mag|Klk6|Qki|Dennd5a|Sema4d|Sema7a|Sgk1|Snap25|Serpini1|Vim|Map4k4|Rap1a|Plxnb3|Fez1|Brsk1,-3.1,Gene
GO Biological Processes,19,GO:0099536,synaptic signaling,19_GO:0050789 regulation of biological process,-5.7,3.3,5.9,21222,478,284,21,7.4,1.6,12424|13488|13643|13655|14042|14394|14678|17260|17957|18619|19293|20614|21333|27220|72961|75141|109648|109905|140919|235415|381979,Cck|Drd1|Efnb3|Egr3|Ext1|Gabra1|Gnai2|Mef2c|Napb|Penk|Pvalb|Snap25|Tac1|Cartpt|Slc17a7|Rasd2|Npy|Rap1a|Slc17a6|Cplx3|Brsk1,-2.9,Gene
GO Biological Processes,19,GO:0048812,neuron projection morphogenesis,19_GO:0032502 developmental process,-5.6,3,5.7,21222,566,284,23,8.1,1.6,11658|12305|12424|12799|13643|14042|14183|16765|16885|17260|20354|20361|20393|21828|22239|26921|77630|78829|106042|107449|108655|270190|381979,Alcam|Ddr1|Cck|Cnp|Efnb3|Ext1|Fgfr2|Stmn1|Limk1|Mef2c|Sema4d|Sema7a|Sgk1|Thbs4|Ugt8a|Map4k4|Prdm8|Tsc22d4|Prickle1|Unc5b|Foxp1|Ephb1|Brsk1,-2.8,Gene
WikiPathways,27,WP2910,Mecp2 and associated Rett syndrome,,-5.5,11,8.1,21222,47,284,7,2.5,0.92,12799|13007|14431|17136|17260|20604|22608,Cnp|Csrp1|Gamt|Mag|Mef2c|Sst|Ybx1,-2.8,Gene
GO Biological Processes,19,GO:0099537,trans-synaptic signaling,19_GO:0050789 regulation of biological process,-5.4,3.4,5.8,21222,416,284,19,6.7,1.5,13488|13643|13655|14042|14394|17260|17957|18619|19293|20614|21333|27220|72961|75141|109648|109905|140919|235415|381979,Drd1|Efnb3|Egr3|Ext1|Gabra1|Mef2c|Napb|Penk|Pvalb|Snap25|Tac1|Cartpt|Slc17a7|Rasd2|Npy|Rap1a|Slc17a6|Cplx3|Brsk1,-2.7,Gene
GO Biological Processes,19,GO:0098916,anterograde trans-synaptic signaling,19_GO:0050789 regulation of biological process,-5.2,3.4,5.7,21222,392,284,18,6.3,1.4,13488|13655|14042|14394|17260|17957|18619|19293|20614|21333|27220|72961|75141|109648|109905|140919|235415|381979,Drd1|Egr3|Ext1|Gabra1|Mef2c|Napb|Penk|Pvalb|Snap25|Tac1|Cartpt|Slc17a7|Rasd2|Npy|Rap1a|Slc17a6|Cplx3|Brsk1,-2.5,Gene
GO Biological Processes,19,GO:0007268,chemical synaptic transmission,19_GO:0050789 regulation of biological process,-5.2,3.4,5.7,21222,392,284,18,6.3,1.4,13488|13655|14042|14394|17260|17957|18619|19293|20614|21333|27220|72961|75141|109648|109905|140919|235415|381979,Drd1|Egr3|Ext1|Gabra1|Mef2c|Napb|Penk|Pvalb|Snap25|Tac1|Cartpt|Slc17a7|Rasd2|Npy|Rap1a|Slc17a6|Cplx3|Brsk1,-2.5,Gene
GO Biological Processes,19,GO:0031646,positive regulation of nervous system process,19_GO:0048518 positive regulation of biological process,-5,9.3,7.3,21222,56,284,7,2.5,0.92,17136|19317|20665|21333|22041|27220|225908,Mag|Qki|Sox10|Tac1|Trf|Cartpt|Myrf,-2.3,Gene
GO Biological Processes,19,GO:0007422,peripheral nervous system development,19_GO:0032502 developmental process,-4.8,7.1,6.5,21222,84,284,8,2.8,0.98,13655|17988|20665|64383|73940|192897|224020|338521,Egr3|Ndrg1|Sox10|Sirt2|Hapln2|Itgb4|Pi4ka|Fa2h,-2.1,Gene
Reactome Gene Sets,6,R-MMU-382551,Transport of small molecules,,-4.7,2.7,5,21222,641,284,23,8.1,1.6,11815|11816|12349|12727|14226|14683|18145|18553|20191|20393|20496|22041|54403|56188|56356|66066|67963|69029|72961|100434|117160|140919|215335,Apod|Apoe|Car2|Clcn4|Fkbp1b|Gnas|Npc1|Pcsk6|Ryr2|Sgk1|Slc12a2|Trf|Slc4a4|Fxyd1|Gltp|Gng11|Npc2|Smdt1|Slc17a7|Slc44a1|Ttyh2|Slc17a6|Slc36a1,-2,Gene
GO Biological Processes,19,GO:0031641,regulation of myelination,19_GO:0032502 developmental process,-4.6,8.2,6.7,21222,64,284,7,2.5,0.92,17136|19317|20665|22041|64383|103743|225908,Mag|Qki|Sox10|Trf|Sirt2|Tmem98|Myrf,-1.9,Gene
GO Biological Processes,19,GO:0050801,monoatomic ion homeostasis,19_GO:0042592 homeostatic process,-4.6,2.8,5,21222,561,284,21,7.4,1.6,11816|12349|14042|14325|16783|17748|17750|20191|20393|20496|22041|23831|27220|29876|52840|54403|56188|69029|109648|217893|229877,Apoe|Car2|Ext1|Ftl1|Lamp1|Mt1|Mt2|Ryr2|Sgk1|Slc12a2|Trf|Car14|Cartpt|Clic4|Dbndd2|Slc4a4|Fxyd1|Smdt1|Npy|Pacs2|Rap1gds1,-1.9,Gene
GO Biological Processes,19,GO:0007616,long-term memory,19_GO:0032501 multicellular organismal process,-4.6,10,7.1,21222,44,284,6,2.1,0.85,11816|20393|20614|21333|66259|72961,Apoe|Sgk1|Snap25|Tac1|Camk2n1|Slc17a7,-1.9,Gene
GO Biological Processes,19,GO:0031643,positive regulation of myelination,19_GO:0032502 developmental process,-4.5,13,7.6,21222,28,284,5,1.8,0.78,17136|19317|20665|22041|225908,Mag|Qki|Sox10|Trf|Myrf,-1.8,Gene
KEGG Pathway,24,mmu05032,Morphine addiction - Mus musculus (house mouse),,-4.4,6.4,6.1,21222,93,284,8,2.8,0.98,13488|14394|14678|14683|18573|18578|18584|66066,Drd1|Gabra1|Gnai2|Gnas|Pde1a|Pde4b|Pde8a|Gng11,-1.8,Gene
GO Biological Processes,19,GO:0050795,regulation of behavior,19_GO:0032501 multicellular organismal process,-4.4,5.6,5.9,21222,121,284,9,3.2,1,11816|12424|12854|13488|17260|18619|19215|27220|109648,Apoe|Cck|Cort|Drd1|Mef2c|Penk|Ptgds|Cartpt|Npy,-1.8,Gene
GO Biological Processes,19,GO:0030048,actin filament-based movement,19_GO:0009987 cellular process,-4.4,6.4,6.1,21222,94,284,8,2.8,0.98,17896|19317|20191|215280|227753|242687|245049|338367,Myl4|Qki|Ryr2|Wipf1|Gsn|Wasf2|Myrip|Myo1d,-1.8,Gene
GO Biological Processes,19,GO:0007409,axonogenesis,19_GO:0032502 developmental process,-4.4,3.1,5,21222,410,284,17,6,1.4,11658|12424|12799|13643|14042|14183|16765|16885|17260|20354|20361|77630|106042|107449|108655|270190|381979,Alcam|Cck|Cnp|Efnb3|Ext1|Fgfr2|Stmn1|Limk1|Mef2c|Sema4d|Sema7a|Prdm8|Prickle1|Unc5b|Foxp1|Ephb1|Brsk1,-1.8,Gene
GO Biological Processes,19,GO:0050890,cognition,19_GO:0032501 multicellular organismal process,-4.4,3.1,5,21222,412,284,17,6,1.4,11816|12424|13167|13488|14683|17260|19049|20393|20614|21333|22353|27220|66259|67092|72961|320790|381979,Apoe|Cck|Dbi|Drd1|Gnas|Mef2c|Ppp1r1b|Sgk1|Snap25|Tac1|Vip|Cartpt|Camk2n1|Gatm|Slc17a7|Chd7|Brsk1,-1.8,Gene
GO Biological Processes,19,GO:0019375,galactolipid biosynthetic process,19_GO:0009987 cellular process,-4.3,37,10,21222,6,284,3,1.1,0.61,22239|53897|338521,Ugt8a|Gal3st1|Fa2h,-1.8,Gene
GO Biological Processes,19,GO:0006682,galactosylceramide biosynthetic process,19_GO:0009987 cellular process,-4.3,37,10,21222,6,284,3,1.1,0.61,22239|53897|338521,Ugt8a|Gal3st1|Fa2h,-1.8,Gene
GO Biological Processes,19,GO:0030003,intracellular monoatomic cation homeostasis,19_GO:0042592 homeostatic process,-4.3,2.9,4.9,21222,457,284,18,6.3,1.4,11816|12349|14325|16783|17748|17750|20191|20393|20496|22041|27220|29876|54403|56188|69029|109648|217893|229877,Apoe|Car2|Ftl1|Lamp1|Mt1|Mt2|Ryr2|Sgk1|Slc12a2|Trf|Cartpt|Clic4|Slc4a4|Fxyd1|Smdt1|Npy|Pacs2|Rap1gds1,-1.7,Gene
GO Biological Processes,19,GO:0019732,antifungal humoral response,19_GO:0044419 biological process involved in interspecies interaction between organisms,-4.3,19,8.2,21222,16,284,4,1.4,0.7,21333|22353|71660|109648,Tac1|Vip|Rarres2|Npy,-1.7,Gene
GO Biological Processes,19,GO:2000822,regulation of behavioral fear response,19_GO:0032501 multicellular organismal process,-4.3,19,8.2,21222,16,284,4,1.4,0.7,11816|12424|17260|18619,Apoe|Cck|Mef2c|Penk,-1.7,Gene
KEGG Pathway,24,mmu04024,cAMP signaling pathway - Mus musculus (house mouse),,-4.3,4,5.3,21222,224,284,12,4.2,1.2,13488|14678|14683|15245|18578|19049|20191|20604|22353|56188|109648|109905,Drd1|Gnai2|Gnas|Hhip|Pde4b|Ppp1r1b|Ryr2|Sst|Vip|Fxyd1|Npy|Rap1a,-1.7,Gene
GO Biological Processes,19,GO:0055080,monoatomic cation homeostasis,19_GO:0042592 homeostatic process,-4.3,2.7,4.8,21222,548,284,20,7,1.5,11816|12349|14042|14325|16783|17748|17750|20191|20393|20496|22041|23831|27220|29876|54403|56188|69029|109648|217893|229877,Apoe|Car2|Ext1|Ftl1|Lamp1|Mt1|Mt2|Ryr2|Sgk1|Slc12a2|Trf|Car14|Cartpt|Clic4|Slc4a4|Fxyd1|Smdt1|Npy|Pacs2|Rap1gds1,-1.7,Gene
GO Biological Processes,19,GO:1903365,regulation of fear response,19_GO:0032501 multicellular organismal process,-4.2,18,8,21222,17,284,4,1.4,0.7,11816|12424|17260|18619,Apoe|Cck|Mef2c|Penk,-1.7,Gene
GO Biological Processes,19,GO:0006873,intracellular monoatomic ion homeostasis,19_GO:0042592 homeostatic process,-4.2,2.9,4.8,21222,468,284,18,6.3,1.4,11816|12349|14325|16783|17748|17750|20191|20393|20496|22041|27220|29876|54403|56188|69029|109648|217893|229877,Apoe|Car2|Ftl1|Lamp1|Mt1|Mt2|Ryr2|Sgk1|Slc12a2|Trf|Cartpt|Clic4|Slc4a4|Fxyd1|Smdt1|Npy|Pacs2|Rap1gds1,-1.7,Gene
GO Biological Processes,19,GO:0046476,glycosylceramide biosynthetic process,19_GO:0009987 cellular process,-4.1,32,9.6,21222,7,284,3,1.1,0.61,22239|53897|338521,Ugt8a|Gal3st1|Fa2h,-1.6,Gene
GO Biological Processes,19,GO:0048715,negative regulation of oligodendrocyte differentiation,19_GO:0048519 negative regulation of biological process,-4.1,17,7.7,21222,18,284,4,1.4,0.7,14912|64383|76441|103743,Nkx6-2|Sirt2|Daam2|Tmem98,-1.6,Gene
GO Biological Processes,19,GO:0022011,myelination in peripheral nervous system,19_GO:0032502 developmental process,-4.1,11,6.8,21222,34,284,5,1.8,0.78,17988|64383|192897|224020|338521,Ndrg1|Sirt2|Itgb4|Pi4ka|Fa2h,-1.6,Gene
GO Biological Processes,19,GO:0032292,peripheral nervous system axon ensheathment,19_GO:0032502 developmental process,-4.1,11,6.8,21222,34,284,5,1.8,0.78,17988|64383|192897|224020|338521,Ndrg1|Sirt2|Itgb4|Pi4ka|Fa2h,-1.6,Gene
GO Biological Processes,19,GO:0051222,positive regulation of protein transport,19_GO:0051179 localization,-3.9,3.2,4.7,21222,323,284,14,4.9,1.3,11816|12424|12520|14683|16480|18111|22771|27220|66259|67628|70456|72446|215280|245049,Apoe|Cck|Cd81|Gnas|Jup|Nnat|Zic1|Cartpt|Camk2n1|Anp32b|Mpc2|Prr5l|Wipf1|Myrip,-1.4,Gene
GO Biological Processes,19,GO:0006681,galactosylceramide metabolic process,19_GO:0009987 cellular process,-3.9,28,8.9,21222,8,284,3,1.1,0.61,22239|53897|338521,Ugt8a|Gal3st1|Fa2h,-1.4,Gene
GO Biological Processes,19,GO:0007626,locomotory behavior,19_GO:0032501 multicellular organismal process,-3.9,3.4,4.8,21222,284,284,13,4.6,1.2,11816|12799|13488|13643|14763|18145|18619|19049|20363|20614|22771|75141|320790,Apoe|Cnp|Drd1|Efnb3|Gpr37|Npc1|Penk|Ppp1r1b|Selenop|Snap25|Zic1|Rasd2|Chd7,-1.4,Gene
GO Biological Processes,19,GO:0050770,regulation of axonogenesis,19_GO:0032502 developmental process,-3.9,4.3,5.1,21222,175,284,10,3.5,1.1,11816|13643|16554|16885|17136|20354|20361|22352|140571|381979,Apoe|Efnb3|Kif13b|Limk1|Mag|Sema4d|Sema7a|Vim|Plxnb3|Brsk1,-1.4,Gene
GO Biological Processes,19,GO:1903530,regulation of secretion by cell,19_GO:0051179 localization,-3.9,2.4,4.4,21222,727,284,23,8.1,1.6,11816|12424|14226|14678|14683|16783|17260|18111|18952|20496|20614|21333|22319|26921|27220|66259|70456|109648|109905|229877|235415|245049|320790,Apoe|Cck|Fkbp1b|Gnai2|Gnas|Lamp1|Mef2c|Nnat|Septin4|Slc12a2|Snap25|Tac1|Vamp3|Map4k4|Cartpt|Camk2n1|Mpc2|Npy|Rap1a|Rap1gds1|Cplx3|Myrip|Chd7,-1.4,Gene
GO Biological Processes,19,GO:0007611,learning or memory,19_GO:0032501 multicellular organismal process,-3.9,3.1,4.6,21222,366,284,15,5.3,1.3,11816|12424|13167|13488|17260|19049|20393|20614|21333|22353|27220|66259|67092|72961|381979,Apoe|Cck|Dbi|Drd1|Mef2c|Ppp1r1b|Sgk1|Snap25|Tac1|Vip|Cartpt|Camk2n1|Gatm|Slc17a7|Brsk1,-1.4,Gene
GO Biological Processes,19,GO:0010038,response to metal ion,19_GO:0050896 response to stimulus,-3.7,3,4.5,21222,377,284,15,5.3,1.3,12349|12892|15165|17260|17748|17750|18145|18619|20191|20496|22041|29876|67092|69029|227753,Car2|Cpox|Hcn1|Mef2c|Mt1|Mt2|Npc1|Penk|Ryr2|Slc12a2|Trf|Clic4|Gatm|Smdt1|Gsn,-1.3,Gene
GO Biological Processes,19,GO:0019725,cellular homeostasis,19_GO:0042592 homeostatic process,-3.7,2.3,4.2,21222,745,284,23,8.1,1.6,11758|11816|12349|14226|14325|16783|17748|17750|20191|20393|20496|22041|27220|29876|54403|56188|66222|69029|72961|78829|109648|217893|229877,Prdx6|Apoe|Car2|Fkbp1b|Ftl1|Lamp1|Mt1|Mt2|Ryr2|Sgk1|Slc12a2|Trf|Cartpt|Clic4|Slc4a4|Fxyd1|Serpinb1a|Smdt1|Slc17a7|Tsc22d4|Npy|Pacs2|Rap1gds1,-1.3,Gene
GO Biological Processes,19,GO:0019374,galactolipid metabolic process,19_GO:0009987 cellular process,-3.7,25,8.4,21222,9,284,3,1.1,0.61,22239|53897|338521,Ugt8a|Gal3st1|Fa2h,-1.3,Gene
GO Biological Processes,19,GO:0051223,regulation of protein transport,19_GO:0051179 localization,-3.7,2.5,4.3,21222,559,284,19,6.7,1.5,11815|11816|12424|12520|14226|14683|16480|18111|20496|22771|26921|27220|66259|67628|70456|72446|215280|229877|245049,Apod|Apoe|Cck|Cd81|Fkbp1b|Gnas|Jup|Nnat|Slc12a2|Zic1|Map4k4|Cartpt|Camk2n1|Anp32b|Mpc2|Prr5l|Wipf1|Rap1gds1|Myrip,-1.3,Gene
WikiPathways,27,WP232,G protein signaling pathways,,-3.7,5.8,5.3,21222,90,284,7,2.5,0.92,14673|14678|14683|18573|18578|18584|66066,Gna12|Gnai2|Gnas|Pde1a|Pde4b|Pde8a|Gng11,-1.3,Gene
GO Biological Processes,19,GO:0030029,actin filament-based process,19_GO:0009987 cellular process,-3.7,2.5,4.3,21222,606,284,20,7,1.5,11867|13007|16885|17896|19317|20191|56212|76441|77767|104252|108897|213019|215280|224020|227753|229877|236920|242687|245049|338367,Arpc1b|Csrp1|Limk1|Myl4|Qki|Ryr2|Rhog|Daam2|Ermn|Cdc42ep2|Aif1l|Pdlim2|Wipf1|Pi4ka|Gsn|Rap1gds1|Stard8|Wasf2|Myrip|Myo1d,-1.3,Gene
GO Biological Processes,19,GO:0048667,cell morphogenesis involved in neuron differentiation,19_GO:0032502 developmental process,-3.7,2.6,4.3,21222,516,284,18,6.3,1.4,11658|12424|12799|13643|14042|14183|16765|16885|17260|20354|20361|77630|97031|106042|107449|108655|270190|381979,Alcam|Cck|Cnp|Efnb3|Ext1|Fgfr2|Stmn1|Limk1|Mef2c|Sema4d|Sema7a|Prdm8|Tprn|Prickle1|Unc5b|Foxp1|Ephb1|Brsk1,-1.2,Gene
GO Biological Processes,19,GO:0098771,inorganic ion homeostasis,19_GO:0042592 homeostatic process,-3.6,2.7,4.3,21222,476,284,17,6,1.4,11816|14042|14325|17748|17750|20191|20393|20496|22041|27220|56188|69029|72961|109648|140919|217893|229877,Apoe|Ext1|Ftl1|Mt1|Mt2|Ryr2|Sgk1|Slc12a2|Trf|Cartpt|Fxyd1|Smdt1|Slc17a7|Npy|Slc17a6|Pacs2|Rap1gds1,-1.2,Gene
GO Biological Processes,19,GO:2000987,positive regulation of behavioral fear response,19_GO:0048518 positive regulation of biological process,-3.6,22,7.9,21222,10,284,3,1.1,0.61,12424|17260|18619,Cck|Mef2c|Penk,-1.2,Gene
GO Biological Processes,19,GO:0035023,regulation of Rho protein signal transduction,19_GO:0050896 response to stimulus,-3.5,5.5,5.1,21222,95,284,7,2.5,0.92,11816|11857|14745|16765|20354|236920|319939,Apoe|Arhgdib|Lpar1|Stmn1|Sema4d|Stard8|Tns3,-1.2,Gene
GO Biological Processes,19,GO:0048520,positive regulation of behavior,19_GO:0048518 positive regulation of biological process,-3.5,8.5,5.8,21222,44,284,5,1.8,0.78,12424|13488|17260|18619|109648,Cck|Drd1|Mef2c|Penk|Npy,-1.2,Gene
GO Biological Processes,19,GO:0044057,regulation of system process,19_GO:0032501 multicellular organismal process,-3.5,2.3,4.1,21222,676,284,21,7.4,1.6,11816|13488|14226|14683|16480|17136|17260|17896|19317|20191|20665|21333|21952|22041|27220|56188|68312|103743|108655|225908|227753,Apoe|Drd1|Fkbp1b|Gnas|Jup|Mag|Mef2c|Myl4|Qki|Ryr2|Sox10|Tac1|Tnni1|Trf|Cartpt|Fxyd1|Gstm7|Tmem98|Foxp1|Myrf|Gsn,-1.1,Gene
GO Biological Processes,19,GO:0051129,negative regulation of cellular component organization,19_GO:0048519 negative regulation of biological process,-3.5,2.2,4,21222,779,284,23,8.1,1.6,11815|11816|12955|13643|14183|14580|14745|16765|16852|17136|19347|20393|22153|22352|26921|56612|64383|68423|140571|214444|227753|235180|242687,Apod|Apoe|Cryab|Efnb3|Fgfr2|Gfap|Lpar1|Stmn1|Lgals1|Mag|Dennd5a|Sgk1|Tubb4a|Vim|Map4k4|Pfdn5|Sirt2|Ankrd13d|Plxnb3|Cdk5rap2|Gsn|Fez1|Wasf2,-1.1,Gene
GO Biological Processes,19,GO:1902903,regulation of supramolecular fiber organization,19_GO:0050789 regulation of biological process,-3.4,2.8,4.2,21222,401,284,15,5.3,1.3,11816|12955|14745|16765|16885|17260|20393|21333|22153|56612|76441|104252|214444|227753|242687,Apoe|Cryab|Lpar1|Stmn1|Limk1|Mef2c|Sgk1|Tac1|Tubb4a|Pfdn5|Daam2|Cdc42ep2|Cdk5rap2|Gsn|Wasf2,-1.1,Gene
GO Biological Processes,19,GO:1903367,positive regulation of fear response,19_GO:0048518 positive regulation of biological process,-3.4,20,7.5,21222,11,284,3,1.1,0.61,12424|17260|18619,Cck|Mef2c|Penk,-1.1,Gene
GO Biological Processes,19,GO:0032288,myelin assembly,19_GO:0032502 developmental process,-3.4,11,6.2,21222,26,284,4,1.4,0.7,17136|22239|67801|192897,Mag|Ugt8a|Pllp|Itgb4,-1.1,Gene
GO Biological Processes,19,GO:0010977,negative regulation of neuron projection development,19_GO:0048519 negative regulation of biological process,-3.4,4.1,4.6,21222,164,284,9,3.2,1,11816|13643|14580|14745|16852|17136|19347|22352|26921,Apoe|Efnb3|Gfap|Lpar1|Lgals1|Mag|Dennd5a|Vim|Map4k4,-1.1,Gene
GO Biological Processes,19,GO:0043410,positive regulation of MAPK cascade,19_GO:0048518 positive regulation of biological process,-3.4,2.5,4.1,21222,541,284,18,6.3,1.4,11816|12520|13488|14183|14388|14678|14745|14763|16012|17260|18584|20361|24017|26921|27220|109648|109905|227753,Apoe|Cd81|Drd1|Fgfr2|Gab1|Gnai2|Lpar1|Gpr37|Igfbp6|Mef2c|Pde8a|Sema7a|Rnf13|Map4k4|Cartpt|Npy|Rap1a|Gsn,-1.1,Gene
GO Biological Processes,19,GO:0070201,regulation of establishment of protein localization,19_GO:0051179 localization,-3.4,2.3,4,21222,637,284,20,7,1.5,11815|11816|12424|12520|14226|14683|16480|18111|20496|20614|22771|26921|27220|66259|67628|70456|72446|215280|229877|245049,Apod|Apoe|Cck|Cd81|Fkbp1b|Gnas|Jup|Nnat|Slc12a2|Snap25|Zic1|Map4k4|Cartpt|Camk2n1|Anp32b|Mpc2|Prr5l|Wipf1|Rap1gds1|Myrip,-1.1,Gene
WikiPathways,27,WP2074,Neural crest differentiation,,-3.4,5.2,4.9,21222,101,284,7,2.5,0.92,14183|14580|14618|20665|22771|50913|50914,Fgfr2|Gfap|Gjb1|Sox10|Zic1|Olig2|Olig1,-1,Gene
GO Biological Processes,19,GO:0030534,adult behavior,19_GO:0032501 multicellular organismal process,-3.4,3.7,4.5,21222,203,284,10,3.5,1.1,12799|13488|13643|18145|18619|19049|22771|27220|109648|320790,Cnp|Drd1|Efnb3|Npc1|Penk|Ppp1r1b|Zic1|Cartpt|Npy|Chd7,-1,Gene
WikiPathways,27,WP5298,Dravet syndrome Scn1a A1783V point mutation model,,-3.4,6.1,5.1,21222,73,284,6,2.1,0.85,14394|14417|14580|19049|72446|72961,Gabra1|Gad2|Gfap|Ppp1r1b|Prr5l|Slc17a7,-1,Gene
GO Biological Processes,19,GO:0014044,Schwann cell development,19_GO:0032502 developmental process,-3.4,7.8,5.5,21222,48,284,5,1.8,0.78,17988|64383|192897|224020|338521,Ndrg1|Sirt2|Itgb4|Pi4ka|Fa2h,-1,Gene
GO Biological Processes,19,GO:1990778,protein localization to cell periphery,19_GO:0051179 localization,-3.3,3.2,4.3,21222,284,284,12,4.2,1.2,12520|14745|16480|17153|22319|57437|66460|67457|70423|73340|109905|217893,Cd81|Lpar1|Jup|Mal|Vamp3|Golga7|Sys1|Frmd8|Tspan15|Nptxr|Rap1a|Pacs2,-1,Gene
GO Biological Processes,19,GO:1905907,negative regulation of amyloid fibril formation,19_GO:0048519 negative regulation of biological process,-3.3,19,7.1,21222,12,284,3,1.1,0.61,11816|12955|56612,Apoe|Cryab|Pfdn5,-1,Gene
GO Biological Processes,19,GO:0071871,response to epinephrine,19_GO:0050896 response to stimulus,-3.3,19,7.1,21222,12,284,3,1.1,0.61,18619|20191|64383,Penk|Ryr2|Sirt2,-1,Gene
GO Biological Processes,19,GO:0070445,regulation of oligodendrocyte progenitor proliferation,19_GO:0032502 developmental process,-3.3,19,7.1,21222,12,284,3,1.1,0.61,22041|64383|118454,Trf|Sirt2|Gjc2,-1,Gene
GO Biological Processes,19,GO:0099538,synaptic signaling via neuropeptide,19_GO:0050789 regulation of biological process,-3.3,19,7.1,21222,12,284,3,1.1,0.61,12424|18619|109648,Cck|Penk|Npy,-1,Gene
GO Biological Processes,19,GO:0010880,regulation of release of sequestered calcium ion into cytosol by sarcoplasmic reticulum,19_GO:0042592 homeostatic process,-3.3,11,6,21222,28,284,4,1.4,0.7,14226|20191|68312|320790,Fkbp1b|Ryr2|Gstm7|Chd7,-1,Gene
GO Biological Processes,19,GO:0040013,negative regulation of locomotion,19_GO:0040011 locomotion,-3.3,2.8,4.1,21222,371,284,14,4.9,1.3,11815|11816|11857|12512|13488|14673|16480|17260|18600|27220|29876|66222|77125|140571,Apod|Apoe|Arhgdib|Cd63|Drd1|Gna12|Jup|Mef2c|Padi2|Cartpt|Clic4|Serpinb1a|Il33|Plxnb3,-1,Gene
GO Biological Processes,19,GO:1904951,positive regulation of establishment of protein localization,19_GO:0051179 localization,-3.3,2.8,4.1,21222,371,284,14,4.9,1.3,11816|12424|12520|14683|16480|18111|22771|27220|66259|67628|70456|72446|215280|245049,Apoe|Cck|Cd81|Gnas|Jup|Nnat|Zic1|Cartpt|Camk2n1|Anp32b|Mpc2|Prr5l|Wipf1|Myrip,-1,Gene
GO Biological Processes,19,GO:0007628,adult walking behavior,19_GO:0032501 multicellular organismal process,-3.3,7.5,5.3,21222,50,284,5,1.8,0.78,13488|13643|18145|22771|320790,Drd1|Efnb3|Npc1|Zic1|Chd7,-1,Gene
GO Biological Processes,19,GO:0008306,associative learning,19_GO:0032501 multicellular organismal process,-3.3,4.3,4.6,21222,138,284,8,2.8,0.98,12424|13488|19049|20393|20614|21333|27220|381979,Cck|Drd1|Ppp1r1b|Sgk1|Snap25|Tac1|Cartpt|Brsk1,-0.99,Gene
GO Biological Processes,19,GO:0060560,developmental growth involved in morphogenesis,19_GO:0040007 growth,-3.3,3.9,4.4,21222,173,284,9,3.2,1,11658|12305|14042|14183|16885|20361|20496|78829|106042,Alcam|Ddr1|Ext1|Fgfr2|Limk1|Sema7a|Slc12a2|Tsc22d4|Prickle1,-0.99,Gene
GO Biological Processes,19,GO:0032970,regulation of actin filament-based process,19_GO:0050789 regulation of biological process,-3.2,2.7,4,21222,420,284,15,5.3,1.3,14745|14758|16480|16765|16885|17260|20191|21333|56188|56212|76441|104252|212285|227753|242687,Lpar1|Gpm6b|Jup|Stmn1|Limk1|Mef2c|Ryr2|Tac1|Fxyd1|Rhog|Daam2|Cdc42ep2|Arap2|Gsn|Wasf2,-0.98,Gene
GO Biological Processes,19,GO:0098656,monoatomic anion transmembrane transport,19_GO:0051179 localization,-3.2,4.3,4.5,21222,140,284,8,2.8,0.98,12727|14394|20496|29876|54403|72961|117160|140919,Clcn4|Gabra1|Slc12a2|Clic4|Slc4a4|Slc17a7|Ttyh2|Slc17a6,-0.96,Gene
GO Biological Processes,19,GO:0009214,cyclic nucleotide catabolic process,19_GO:0009987 cellular process,-3.2,17,6.8,21222,13,284,3,1.1,0.61,12799|18573|18584,Cnp|Pde1a|Pde8a,-0.96,Gene
Reactome Gene Sets,6,R-MMU-416700,Other semaphorin interactions,,-3.2,17,6.8,21222,13,284,3,1.1,0.61,20354|20361|140571,Sema4d|Sema7a|Plxnb3,-0.96,Gene
Reactome Gene Sets,6,R-MMU-388396,GPCR downstream signalling,,-3.2,2.4,3.9,21222,563,284,18,6.3,1.4,12424|12854|13488|14673|14678|14683|14745|14763|18573|18578|18584|18619|19049|20604|21333|22353|66066|109648,Cck|Cort|Drd1|Gna12|Gnai2|Gnas|Lpar1|Gpr37|Pde1a|Pde4b|Pde8a|Penk|Ppp1r1b|Sst|Tac1|Vip|Gng11|Npy,-0.96,Gene
GO Biological Processes,19,GO:0045596,negative regulation of cell differentiation,19_GO:0048519 negative regulation of biological process,-3.2,2.2,3.8,21222,762,284,22,7.7,1.6,13643|14912|15903|16008|16852|17136|19317|20354|20665|22608|27220|50913|50915|64383|67272|67628|76441|103743|106042|108655|214444|270190,Efnb3|Nkx6-2|Id3|Igfbp2|Lgals1|Mag|Qki|Sema4d|Sox10|Ybx1|Cartpt|Olig2|Grb14|Sirt2|Cmtm5|Anp32b|Daam2|Tmem98|Prickle1|Foxp1|Cdk5rap2|Ephb1,-0.96,Gene
GO Biological Processes,19,GO:0030336,negative regulation of cell migration,19_GO:0040011 locomotion,-3.2,2.9,4.1,21222,336,284,13,4.6,1.2,11815|11816|11857|12512|13488|14673|16480|17260|18600|29876|66222|77125|140571,Apod|Apoe|Arhgdib|Cd63|Drd1|Gna12|Jup|Mef2c|Padi2|Clic4|Serpinb1a|Il33|Plxnb3,-0.96,Gene
GO Biological Processes,19,GO:0035902,response to immobilization stress,19_GO:0050896 response to stimulus,-3.2,10,5.7,21222,30,284,4,1.4,0.7,18619|22239|56356|225908,Penk|Ugt8a|Gltp|Myrf,-0.96,Gene
GO Biological Processes,19,GO:0045187,"regulation of circadian sleep/wake cycle, sleep",19_GO:0048511 rhythmic process,-3.2,10,5.7,21222,30,284,4,1.4,0.7,12854|13488|19215|27220,Cort|Drd1|Ptgds|Cartpt,-0.96,Gene
GO Biological Processes,19,GO:0141162,negative regulation of cAMP/PKA signal transduction,19_GO:0048519 negative regulation of biological process,-3.2,10,5.7,21222,30,284,4,1.4,0.7,14745|18573|18578|18584,Lpar1|Pde1a|Pde4b|Pde8a,-0.96,Gene
GO Biological Processes,19,GO:0040011,locomotion,19_GO:0040011 locomotion,-3.2,2.7,4,21222,382,284,14,4.9,1.3,13655|14388|14745|14763|18578|18606|20354|20361|20496|56212|67272|71660|140571|270190,Egr3|Gab1|Lpar1|Gpr37|Pde4b|Enpp2|Sema4d|Sema7a|Slc12a2|Rhog|Cmtm5|Rarres2|Plxnb3|Ephb1,-0.95,Gene
GO Biological Processes,19,GO:0031346,positive regulation of cell projection organization,19_GO:0048518 positive regulation of biological process,-3.2,2.5,3.9,21222,474,284,16,5.6,1.4,11816|12305|14226|14745|16885|18606|19317|20354|20361|20393|20713|104252|109905|140571|235180|242687,Apoe|Ddr1|Fkbp1b|Lpar1|Limk1|Enpp2|Qki|Sema4d|Sema7a|Sgk1|Serpini1|Cdc42ep2|Rap1a|Plxnb3|Fez1|Wasf2,-0.94,Gene
GO Biological Processes,19,GO:0014037,Schwann cell differentiation,19_GO:0032502 developmental process,-3.2,7,5.1,21222,53,284,5,1.8,0.78,17988|64383|192897|224020|338521,Ndrg1|Sirt2|Itgb4|Pi4ka|Fa2h,-0.94,Gene
GO Biological Processes,19,GO:0042176,regulation of protein catabolic process,19_GO:0050789 regulation of biological process,-3.1,2.7,4,21222,384,284,14,4.9,1.3,11816|12520|14580|14673|22041|22353|28075|64383|66222|70423|77125|93739|106042|225896,Apoe|Cd81|Gfap|Gna12|Trf|Vip|Desi1|Sirt2|Serpinb1a|Tspan15|Il33|Gabarapl2|Prickle1|Ubxn1,-0.94,Gene
GO Biological Processes,19,GO:0006688,glycosphingolipid biosynthetic process,19_GO:0009987 cellular process,-3.1,9.6,5.6,21222,31,284,4,1.4,0.7,20448|22239|53897|338521,St6galnac4|Ugt8a|Gal3st1|Fa2h,-0.93,Gene
GO Biological Processes,19,GO:0072659,protein localization to plasma membrane,19_GO:0051179 localization,-3.1,3.4,4.2,21222,219,284,10,3.5,1.1,12520|14745|16480|22319|57437|66460|67457|70423|109905|217893,Cd81|Lpar1|Jup|Vamp3|Golga7|Sys1|Frmd8|Tspan15|Rap1a|Pacs2,-0.91,Gene
GO Biological Processes,19,GO:0007613,memory,19_GO:0032501 multicellular organismal process,-3.1,3.7,4.2,21222,183,284,9,3.2,1,11816|12424|13488|19049|20393|20614|21333|66259|72961,Apoe|Cck|Drd1|Ppp1r1b|Sgk1|Snap25|Tac1|Camk2n1|Slc17a7,-0.88,Gene
GO Biological Processes,19,GO:0006935,chemotaxis,19_GO:0040011 locomotion,-3.1,2.8,3.9,21222,346,284,13,4.6,1.2,13655|14388|14745|18578|18606|20354|20361|20496|56212|67272|71660|140571|270190,Egr3|Gab1|Lpar1|Pde4b|Enpp2|Sema4d|Sema7a|Slc12a2|Rhog|Cmtm5|Rarres2|Plxnb3|Ephb1,-0.88,Gene
GO Biological Processes,19,GO:0055082,intracellular chemical homeostasis,19_GO:0042592 homeostatic process,-3.1,2.3,3.7,21222,628,284,19,6.7,1.5,11816|12349|14226|14325|16783|17748|17750|20191|20393|20496|22041|27220|29876|54403|56188|69029|109648|217893|229877,Apoe|Car2|Fkbp1b|Ftl1|Lamp1|Mt1|Mt2|Ryr2|Sgk1|Slc12a2|Trf|Cartpt|Clic4|Slc4a4|Fxyd1|Smdt1|Npy|Pacs2|Rap1gds1,-0.88,Gene
GO Biological Processes,19,GO:0042330,taxis,19_GO:0040011 locomotion,-3.1,2.8,3.9,21222,348,284,13,4.6,1.2,13655|14388|14745|18578|18606|20354|20361|20496|56212|67272|71660|140571|270190,Egr3|Gab1|Lpar1|Pde4b|Enpp2|Sema4d|Sema7a|Slc12a2|Rhog|Cmtm5|Rarres2|Plxnb3|Ephb1,-0.87,Gene
GO Biological Processes,19,GO:0008015,blood circulation,19_GO:0032501 multicellular organismal process,-3,2.5,3.8,21222,485,284,16,5.6,1.4,11816|13488|14042|14673|14683|17896|20191|21333|21952|27220|66259|71660|109648|227753|229877|320790,Apoe|Drd1|Ext1|Gna12|Gnas|Myl4|Ryr2|Tac1|Tnni1|Cartpt|Camk2n1|Rarres2|Npy|Gsn|Rap1gds1|Chd7,-0.87,Gene
KEGG Pathway,24,mmu04972,Pancreatic secretion - Mus musculus (house mouse),,-3,4.5,4.4,21222,115,284,7,2.5,0.92,12349|12424|14683|20191|20496|54403|109905,Car2|Cck|Gnas|Ryr2|Slc12a2|Slc4a4|Rap1a,-0.86,Gene
GO Biological Processes,19,GO:1902476,chloride transmembrane transport,19_GO:0051179 localization,-3,4.5,4.4,21222,115,284,7,2.5,0.92,12727|14394|20496|29876|72961|117160|140919,Clcn4|Gabra1|Slc12a2|Clic4|Slc17a7|Ttyh2|Slc17a6,-0.86,Gene
WikiPathways,27,WP385,Myometrial relaxation and contraction pathways,,-3,4,4.3,21222,150,284,8,2.8,0.98,14683|14745|16008|16012|17896|18578|20191|66066,Gnas|Lpar1|Igfbp2|Igfbp6|Myl4|Pde4b|Ryr2|Gng11,-0.86,Gene
GO Biological Processes,19,GO:0006677,glycosylceramide metabolic process,19_GO:0009987 cellular process,-3,15,6.3,21222,15,284,3,1.1,0.61,22239|53897|338521,Ugt8a|Gal3st1|Fa2h,-0.86,Gene
GO Biological Processes,19,GO:0031115,negative regulation of microtubule polymerization,19_GO:0048519 negative regulation of biological process,-3,15,6.3,21222,15,284,3,1.1,0.61,16765|20393|22153,Stmn1|Sgk1|Tubb4a,-0.86,Gene
GO Biological Processes,19,GO:0031345,negative regulation of cell projection organization,19_GO:0048519 negative regulation of biological process,-3,3.3,4.1,21222,226,284,10,3.5,1.1,11816|13643|14580|14745|16852|17136|19347|22352|26921|140571,Apoe|Efnb3|Gfap|Lpar1|Lgals1|Mag|Dennd5a|Vim|Map4k4|Plxnb3,-0.85,Gene
GO Biological Processes,19,GO:2000146,negative regulation of cell motility,19_GO:0040011 locomotion,-3,2.8,3.9,21222,352,284,13,4.6,1.2,11815|11816|11857|12512|13488|14673|16480|17260|18600|29876|66222|77125|140571,Apod|Apoe|Arhgdib|Cd63|Drd1|Gna12|Jup|Mef2c|Padi2|Clic4|Serpinb1a|Il33|Plxnb3,-0.85,Gene
GO Biological Processes,19,GO:0033555,multicellular organismal response to stress,19_GO:0032501 multicellular organismal process,-3,4.5,4.4,21222,117,284,7,2.5,0.92,13167|13488|14042|15165|18619|21333|21828,Dbi|Drd1|Ext1|Hcn1|Penk|Tac1|Thbs4,-0.85,Gene
Reactome Gene Sets,6,R-MMU-71291,Metabolism of amino acids and derivatives,,-3,3.3,4,21222,227,284,10,3.5,1.1,11484|12971|14431|67092|67824|100434|107272|110391|211488|236539,Aspa|Crym|Gamt|Gatm|Nmral1|Slc44a1|Psat1|Qdpr|Ado|Phgdh,-0.85,Gene
GO Biological Processes,19,GO:0006813,potassium ion transport,19_GO:0051179 localization,-3,3.6,4.1,21222,189,284,9,3.2,1,12892|15165|16492|20496|20614|56188|72961|140919|217826,Cpox|Hcn1|Kcna4|Slc12a2|Snap25|Fxyd1|Slc17a7|Slc17a6|Kcnk13,-0.84,Gene
GO Biological Processes,19,GO:0042749,regulation of circadian sleep/wake cycle,19_GO:0048511 rhythmic process,-3,8.8,5.3,21222,34,284,4,1.4,0.7,12854|13488|19215|27220,Cort|Drd1|Ptgds|Cartpt,-0.83,Gene
Reactome Gene Sets,6,R-MMU-418594,G alpha (i) signalling events,,-3,3,3.9,21222,270,284,11,3.9,1.1,12854|14678|14745|14763|18573|18578|18619|19049|20604|66066|109648,Cort|Gnai2|Lpar1|Gpr37|Pde1a|Pde4b|Penk|Ppp1r1b|Sst|Gng11|Npy,-0.82,Gene
Reactome Gene Sets,6,R-MMU-381426,Regulation of Insulin-like Growth Factor (IGF) transport and uptake by Insulin-like Growth Factor Binding Proteins (IGFBPs),,-3,4.4,4.3,21222,119,284,7,2.5,0.92,11816|12268|16008|16012|16852|18619|22041,Apoe|C4b|Igfbp2|Igfbp6|Lgals1|Penk|Trf,-0.82,Gene
GO Biological Processes,19,GO:0035249,"synaptic transmission, glutamatergic",19_GO:0050789 regulation of biological process,-2.9,6.3,4.8,21222,59,284,5,1.8,0.78,13488|14042|17957|72961|140919,Drd1|Ext1|Napb|Slc17a7|Slc17a6,-0.81,Gene
GO Biological Processes,19,GO:0070307,lens fiber cell development,19_GO:0032502 developmental process,-2.9,14,6.1,21222,16,284,3,1.1,0.61,14183|22352|107993,Fgfr2|Vim|Bfsp2,-0.81,Gene
GO Biological Processes,19,GO:0010881,regulation of cardiac muscle contraction by regulation of the release of sequestered calcium ion,19_GO:0042592 homeostatic process,-2.9,14,6.1,21222,16,284,3,1.1,0.61,14226|20191|68312,Fkbp1b|Ryr2|Gstm7,-0.81,Gene
GO Biological Processes,19,GO:1905906,regulation of amyloid fibril formation,19_GO:0050789 regulation of biological process,-2.9,14,6.1,21222,16,284,3,1.1,0.61,11816|12955|56612,Apoe|Cryab|Pfdn5,-0.81,Gene
GO Biological Processes,19,GO:0060441,epithelial tube branching involved in lung morphogenesis,19_GO:0032502 developmental process,-2.9,8.5,5.2,21222,35,284,4,1.4,0.7,14042|14183|15245|64138,Ext1|Fgfr2|Hhip|Ctsz,-0.81,Gene
Reactome Gene Sets,6,R-MMU-372790,Signaling by GPCR,,-2.9,2.3,3.6,21222,596,284,18,6.3,1.4,12424|12854|13488|14673|14678|14683|14745|14763|18573|18578|18584|18619|19049|20604|21333|22353|66066|109648,Cck|Cort|Drd1|Gna12|Gnai2|Gnas|Lpar1|Gpr37|Pde1a|Pde4b|Pde8a|Penk|Ppp1r1b|Sst|Tac1|Vip|Gng11|Npy,-0.81,Gene
GO Biological Processes,19,GO:1901699,cellular response to nitrogen compound,19_GO:0050896 response to stimulus,-2.9,2.1,3.6,21222,697,284,20,7,1.5,11816|12349|13488|14394|14678|14683|15165|16480|17260|18619|19049|20191|20393|22352|50915|68312|71660|109905|229877|232087,Apoe|Car2|Drd1|Gabra1|Gnai2|Gnas|Hcn1|Jup|Mef2c|Penk|Ppp1r1b|Ryr2|Sgk1|Vim|Grb14|Gstm7|Rarres2|Rap1a|Rap1gds1|Mat2a,-0.81,Gene
GO Biological Processes,19,GO:0098773,skin epidermis development,19_GO:0032502 developmental process,-2.9,3.8,4.1,21222,156,284,8,2.8,0.98,13167|14042|14183|14683|16765|54325|83925|338521,Dbi|Ext1|Fgfr2|Gnas|Stmn1|Elovl1|Trps1|Fa2h,-0.8,Gene
GO Biological Processes,19,GO:0090659,walking behavior,19_GO:0032501 multicellular organismal process,-2.9,6.2,4.7,21222,60,284,5,1.8,0.78,13488|13643|18145|22771|320790,Drd1|Efnb3|Npc1|Zic1|Chd7,-0.8,Gene
KEGG Pathway,24,mmu04810,Regulation of actin cytoskeleton - Mus musculus (house mouse),,-2.9,3.2,3.9,21222,235,284,10,3.5,1.1,11867|14183|14673|14745|16885|18718|117150|192897|227753|242687,Arpc1b|Fgfr2|Gna12|Lpar1|Limk1|Pip4k2a|Pip4k2c|Itgb4|Gsn|Wasf2,-0.78,Gene
GO Biological Processes,19,GO:0043001,Golgi to plasma membrane protein transport,19_GO:0051179 localization,-2.9,8.3,5.1,21222,36,284,4,1.4,0.7,14745|22319|57437|66460,Lpar1|Vamp3|Golga7|Sys1,-0.78,Gene
GO Biological Processes,19,GO:0006820,monoatomic anion transport,19_GO:0051179 localization,-2.9,3.8,4.1,21222,158,284,8,2.8,0.98,12727|14394|20496|29876|54403|72961|117160|140919,Clcn4|Gabra1|Slc12a2|Clic4|Slc4a4|Slc17a7|Ttyh2|Slc17a6,-0.78,Gene
KEGG Pathway,24,mmu04082,Neuroactive ligand signaling - Mus musculus (house mouse),,-2.9,3.4,4,21222,196,284,9,3.2,1,13488|14394|14678|14683|18619|21333|66066|72961|140919,Drd1|Gabra1|Gnai2|Gnas|Penk|Tac1|Gng11|Slc17a7|Slc17a6,-0.78,Gene
GO Biological Processes,19,GO:0008544,epidermis development,19_GO:0032502 developmental process,-2.9,2.7,3.7,21222,365,284,13,4.6,1.2,13167|14042|14183|14388|14683|16765|18822|22608|29876|54325|83925|97031|338521,Dbi|Ext1|Fgfr2|Gab1|Gnas|Stmn1|Plod1|Ybx1|Clic4|Elovl1|Trps1|Tprn|Fa2h,-0.77,Gene
GO Biological Processes,19,GO:0043408,regulation of MAPK cascade,19_GO:0050896 response to stimulus,-2.8,2.1,3.5,21222,759,284,21,7.4,1.6,11816|12520|13488|14183|14388|14678|14745|14763|16012|17260|18584|20361|24017|26921|27220|74256|109648|109905|227753|229877|270190,Apoe|Cd81|Drd1|Fgfr2|Gab1|Gnai2|Lpar1|Gpr37|Igfbp6|Mef2c|Pde8a|Sema7a|Rnf13|Map4k4|Cartpt|Cyld|Npy|Rap1a|Gsn|Rap1gds1|Ephb1,-0.76,Gene
GO Biological Processes,19,GO:0014014,negative regulation of gliogenesis,19_GO:0048519 negative regulation of biological process,-2.8,6,4.6,21222,62,284,5,1.8,0.78,14912|20665|64383|76441|103743,Nkx6-2|Sox10|Sirt2|Daam2|Tmem98,-0.76,Gene
GO Biological Processes,19,GO:0045686,negative regulation of glial cell differentiation,19_GO:0048519 negative regulation of biological process,-2.8,8.1,5,21222,37,284,4,1.4,0.7,14912|64383|76441|103743,Nkx6-2|Sirt2|Daam2|Tmem98,-0.75,Gene
GO Biological Processes,19,GO:0030072,peptide hormone secretion,19_GO:0051179 localization,-2.8,4.9,4.3,21222,92,284,6,2.1,0.85,14226|18111|20614|22353|27220|235415,Fkbp1b|Nnat|Snap25|Vip|Cartpt|Cplx3,-0.75,Gene
GO Biological Processes,19,GO:0015833,peptide transport,19_GO:0051179 localization,-2.8,4.2,4.2,21222,125,284,7,2.5,0.92,14226|18111|20614|22353|27220|56615|235415,Fkbp1b|Nnat|Snap25|Vip|Cartpt|Mgst1|Cplx3,-0.75,Gene
GO Biological Processes,19,GO:0090257,regulation of muscle system process,19_GO:0032501 multicellular organismal process,-2.8,2.9,3.8,21222,281,284,11,3.9,1.1,14226|14683|16480|17260|20191|21952|27220|56188|68312|108655|227753,Fkbp1b|Gnas|Jup|Mef2c|Ryr2|Tnni1|Cartpt|Fxyd1|Gstm7|Foxp1|Gsn,-0.75,Gene
GO Biological Processes,19,GO:0141161,regulation of cAMP/PKA signal transduction,19_GO:0050896 response to stimulus,-2.8,5.9,4.6,21222,63,284,5,1.8,0.78,14745|18573|18578|18584|22353,Lpar1|Pde1a|Pde4b|Pde8a|Vip,-0.74,Gene
GO Biological Processes,19,GO:0006821,chloride transport,19_GO:0051179 localization,-2.8,4.2,4.1,21222,126,284,7,2.5,0.92,12727|14394|20496|29876|72961|117160|140919,Clcn4|Gabra1|Slc12a2|Clic4|Slc17a7|Ttyh2|Slc17a6,-0.74,Gene
GO Biological Processes,19,GO:0009914,hormone transport,19_GO:0051179 localization,-2.8,4.2,4.1,21222,126,284,7,2.5,0.92,12971|14226|18111|20614|22353|27220|235415,Crym|Fkbp1b|Nnat|Snap25|Vip|Cartpt|Cplx3,-0.74,Gene
GO Biological Processes,19,GO:0015698,inorganic anion transport,19_GO:0051179 localization,-2.8,3.7,4,21222,162,284,8,2.8,0.98,12727|14394|20496|29876|54403|72961|117160|140919,Clcn4|Gabra1|Slc12a2|Clic4|Slc4a4|Slc17a7|Ttyh2|Slc17a6,-0.74,Gene
GO Biological Processes,19,GO:0043254,regulation of protein-containing complex assembly,19_GO:0050789 regulation of biological process,-2.8,2.4,3.6,21222,464,284,15,5.3,1.3,11816|12424|12955|16765|17957|20393|22153|64383|67971|76441|104252|214444|217826|227753|381979,Apoe|Cck|Cryab|Stmn1|Napb|Sgk1|Tubb4a|Sirt2|Tppp3|Daam2|Cdc42ep2|Cdk5rap2|Kcnk13|Gsn|Brsk1,-0.74,Gene
GO Biological Processes,19,GO:0048660,regulation of smooth muscle cell proliferation,19_GO:0050789 regulation of biological process,-2.8,3.3,3.9,21222,201,284,9,3.2,1,11815|11816|14183|14673|14678|17260|18573|22353|108655,Apod|Apoe|Fgfr2|Gna12|Gnai2|Mef2c|Pde1a|Vip|Foxp1,-0.74,Gene
GO Biological Processes,19,GO:0014002,astrocyte development,19_GO:0032502 developmental process,-2.8,7.9,4.9,21222,38,284,4,1.4,0.7,13488|14580|22352|70747,Drd1|Gfap|Vim|Tspan2,-0.73,Gene
GO Biological Processes,19,GO:0043217,myelin maintenance,19_GO:0032502 developmental process,-2.8,12,5.7,21222,18,284,3,1.1,0.61,17988|225908|338521,Ndrg1|Myrf|Fa2h,-0.73,Gene
GO Biological Processes,19,GO:0003013,circulatory system process,19_GO:0032501 multicellular organismal process,-2.8,2.3,3.5,21222,516,284,16,5.6,1.4,11816|13488|14042|14673|14683|17896|20191|21333|21952|27220|66259|71660|109648|227753|229877|320790,Apoe|Drd1|Ext1|Gna12|Gnas|Myl4|Ryr2|Tac1|Tnni1|Cartpt|Camk2n1|Rarres2|Npy|Gsn|Rap1gds1|Chd7,-0.72,Gene
GO Biological Processes,19,GO:0006942,regulation of striated muscle contraction,19_GO:0032501 multicellular organismal process,-2.7,4.7,4.2,21222,96,284,6,2.1,0.85,14226|14683|16480|20191|56188|68312,Fkbp1b|Gnas|Jup|Ryr2|Fxyd1|Gstm7,-0.69,Gene
Reactome Gene Sets,6,R-MMU-9013026,RHOB GTPase cycle,,-2.7,5.7,4.4,21222,66,284,5,1.8,0.78,16480|22319|59079|84004|236920,Jup|Vamp3|Erbin|Mcam|Stard8,-0.68,Gene
GO Biological Processes,19,GO:0061136,regulation of proteasomal protein catabolic process,19_GO:0050789 regulation of biological process,-2.7,3.2,3.8,21222,207,284,9,3.2,1,11816|14673|22041|28075|64383|77125|93739|106042|225896,Apoe|Gna12|Trf|Desi1|Sirt2|Il33|Gabarapl2|Prickle1|Ubxn1,-0.68,Gene
GO Biological Processes,19,GO:0010092,specification of animal organ identity,19_GO:0032502 developmental process,-2.7,12,5.5,21222,19,284,3,1.1,0.61,14042|14183|17260,Ext1|Fgfr2|Mef2c,-0.68,Gene
GO Biological Processes,19,GO:1903998,regulation of eating behavior,19_GO:0032501 multicellular organismal process,-2.7,12,5.5,21222,19,284,3,1.1,0.61,12424|27220|109648,Cck|Cartpt|Npy,-0.68,Gene
GO Biological Processes,19,GO:0021554,optic nerve development,19_GO:0032502 developmental process,-2.7,12,5.5,21222,19,284,3,1.1,0.61,14042|14745|270190,Ext1|Lpar1|Ephb1,-0.68,Gene
KEGG Pathway,24,mmu00260,"Glycine, serine and threonine metabolism - Mus musculus (house mouse)",,-2.7,7.5,4.8,21222,40,284,4,1.4,0.7,14431|67092|107272|236539,Gamt|Gatm|Psat1|Phgdh,-0.68,Gene
GO Biological Processes,19,GO:0007420,brain development,19_GO:0032502 developmental process,-2.7,2,3.4,21222,780,284,21,7.4,1.6,11815|13167|13488|14042|14183|14745|18111|18952|20361|20363|22771|50913|67102|67628|70598|77630|109648|214444|235180|270190|320790,Apod|Dbi|Drd1|Ext1|Fgfr2|Lpar1|Nnat|Septin4|Sema7a|Selenop|Zic1|Olig2|D16Ertd472e|Anp32b|Filip1|Prdm8|Npy|Cdk5rap2|Fez1|Ephb1|Chd7,-0.67,Gene
GO Biological Processes,19,GO:0046513,ceramide biosynthetic process,19_GO:0009987 cellular process,-2.7,5.6,4.4,21222,67,284,5,1.8,0.78,20448|22239|53897|54325|338521,St6galnac4|Ugt8a|Gal3st1|Elovl1|Fa2h,-0.67,Gene
Reactome Gene Sets,6,R-MMU-111885,Opioid Signalling,,-2.7,5.6,4.4,21222,67,284,5,1.8,0.78,14678|18573|18578|19049|66066,Gnai2|Pde1a|Pde4b|Ppp1r1b|Gng11,-0.67,Gene
GO Biological Processes,19,GO:0042886,amide transport,19_GO:0051179 localization,-2.7,3.5,3.9,21222,169,284,8,2.8,0.98,14226|18111|20614|22353|27220|56356|56615|235415,Fkbp1b|Nnat|Snap25|Vip|Cartpt|Gltp|Mgst1|Cplx3,-0.67,Gene
GO Biological Processes,19,GO:0002790,peptide secretion,19_GO:0051179 localization,-2.7,4.6,4.1,21222,98,284,6,2.1,0.85,14226|18111|20614|22353|27220|235415,Fkbp1b|Nnat|Snap25|Vip|Cartpt|Cplx3,-0.67,Gene
GO Biological Processes,19,GO:1990138,neuron projection extension,19_GO:0040007 growth,-2.7,4.5,4.1,21222,99,284,6,2.1,0.85,11658|12305|16885|20361|78829|106042,Alcam|Ddr1|Limk1|Sema7a|Tsc22d4|Prickle1,-0.65,Gene
Reactome Gene Sets,6,R-MMU-9013408,RHOG GTPase cycle,,-2.7,5.5,4.3,21222,68,284,5,1.8,0.78,11857|22319|56212|59079|84004,Arhgdib|Vamp3|Rhog|Erbin|Mcam,-0.65,Gene
GO Biological Processes,19,GO:0098661,inorganic anion transmembrane transport,19_GO:0051179 localization,-2.7,3.9,3.9,21222,134,284,7,2.5,0.92,12727|14394|20496|29876|72961|117160|140919,Clcn4|Gabra1|Slc12a2|Clic4|Slc17a7|Ttyh2|Slc17a6,-0.64,Gene
GO Biological Processes,19,GO:0046394,carboxylic acid biosynthetic process,19_GO:0009987 cellular process,-2.6,2.8,3.6,21222,296,284,11,3.9,1.1,14417|14431|19215|19317|54325|64383|67092|68312|107272|236539|338521,Gad2|Gamt|Ptgds|Qki|Elovl1|Sirt2|Gatm|Gstm7|Psat1|Phgdh|Fa2h,-0.64,Gene
GO Biological Processes,19,GO:1902904,negative regulation of supramolecular fiber organization,19_GO:0048519 negative regulation of biological process,-2.6,3.5,3.8,21222,172,284,8,2.8,0.98,11816|12955|16765|20393|22153|56612|227753|242687,Apoe|Cryab|Stmn1|Sgk1|Tubb4a|Pfdn5|Gsn|Wasf2,-0.64,Gene
GO Biological Processes,19,GO:0001878,response to yeast,19_GO:0044419 biological process involved in interspecies interaction between organisms,-2.6,11,5.3,21222,20,284,3,1.1,0.61,21333|22353|109648,Tac1|Vip|Npy,-0.64,Gene
Reactome Gene Sets,6,R-MMU-9716542,"Signaling by Rho GTPases, Miro GTPases and RHOBTB3",,-2.6,2.2,3.4,21222,582,284,17,6,1.4,11857|11867|16480|16885|22153|22319|22352|56212|59079|66905|68458|70598|84004|104252|215280|236920|242687,Arhgdib|Arpc1b|Jup|Limk1|Tubb4a|Vamp3|Vim|Rhog|Erbin|Plin3|Ppp1r14a|Filip1|Mcam|Cdc42ep2|Wipf1|Stard8|Wasf2,-0.64,Gene
GO Biological Processes,19,GO:0040008,regulation of growth,19_GO:0040007 growth,-2.6,2.1,3.3,21222,686,284,19,6.7,1.5,11816|12305|12955|14183|14431|14683|16885|17136|17260|17748|17750|20354|20361|20363|20393|56177|107250|108655|320790,Apoe|Ddr1|Cryab|Fgfr2|Gamt|Gnas|Limk1|Mag|Mef2c|Mt1|Mt2|Sema4d|Sema7a|Selenop|Sgk1|Olfm1|Kazald1|Foxp1|Chd7,-0.63,Gene
GO Biological Processes,19,GO:0032434,regulation of proteasomal ubiquitin-dependent protein catabolic process,19_GO:0050789 regulation of biological process,-2.6,3.8,3.9,21222,136,284,7,2.5,0.92,14673|22041|28075|64383|77125|106042|225896,Gna12|Trf|Desi1|Sirt2|Il33|Prickle1|Ubxn1,-0.62,Gene
GO Biological Processes,19,GO:0035239,tube morphogenesis,19_GO:0032502 developmental process,-2.6,2,3.3,21222,793,284,21,7.4,1.6,11816|12305|12490|13655|14042|14183|14388|15245|17260|19317|20191|20496|20665|29876|64138|84004|106042|107449|242687|270190|320790,Apoe|Ddr1|Cd34|Egr3|Ext1|Fgfr2|Gab1|Hhip|Mef2c|Qki|Ryr2|Slc12a2|Sox10|Clic4|Ctsz|Mcam|Prickle1|Unc5b|Wasf2|Ephb1|Chd7,-0.62,Gene
GO Biological Processes,19,GO:0016053,organic acid biosynthetic process,19_GO:0009987 cellular process,-2.6,2.7,3.5,21222,301,284,11,3.9,1.1,14417|14431|19215|19317|54325|64383|67092|68312|107272|236539|338521,Gad2|Gamt|Ptgds|Qki|Elovl1|Sirt2|Gatm|Gstm7|Psat1|Phgdh|Fa2h,-0.6,Gene
Reactome Gene Sets,6,R-MMU-6811440,Retrograde transport at the Trans-Golgi-Network,,-2.6,7,4.5,21222,43,284,4,1.4,0.7,17957|22319|66460|66905,Napb|Vamp3|Sys1|Plin3,-0.6,Gene
GO Biological Processes,19,GO:0001763,morphogenesis of a branching structure,19_GO:0032502 developmental process,-2.6,3.1,3.6,21222,216,284,9,3.2,1,12305|14042|14183|15245|20496|20665|29876|64138|77767,Ddr1|Ext1|Fgfr2|Hhip|Slc12a2|Sox10|Clic4|Ctsz|Ermn,-0.6,Gene
GO Biological Processes,19,GO:0090090,negative regulation of canonical Wnt signaling pathway,19_GO:0048519 negative regulation of biological process,-2.6,3.8,3.8,21222,138,284,7,2.5,0.92,11816|20665|56612|67457|74256|106042|320587,Apoe|Sox10|Pfdn5|Frmd8|Cyld|Prickle1|Tmem278,-0.6,Gene
Reactome Gene Sets,6,R-MMU-163685,Integration of energy metabolism,,-2.6,5.3,4.2,21222,71,284,5,1.8,0.78,14678|14683|21351|66066|109905,Gnai2|Gnas|Taldo1|Gng11|Rap1a,-0.6,Gene
GO Biological Processes,19,GO:0010882,regulation of cardiac muscle contraction by calcium ion signaling,19_GO:0032501 multicellular organismal process,-2.6,11,5.2,21222,21,284,3,1.1,0.61,14226|20191|68312,Fkbp1b|Ryr2|Gstm7,-0.6,Gene
GO Biological Processes,19,GO:0007263,nitric oxide mediated signal transduction,19_GO:0050896 response to stimulus,-2.6,11,5.2,21222,21,284,3,1.1,0.61,11816|17748|17750,Apoe|Mt1|Mt2,-0.6,Gene
GO Biological Processes,19,GO:0051248,negative regulation of protein metabolic process,19_GO:0048519 negative regulation of biological process,-2.6,2,3.2,21222,746,284,20,7,1.5,11815|11816|12017|12955|13167|13488|19317|22608|52840|56188|56612|64138|64383|66222|72446|75141|93739|103743|214444|225896,Apod|Apoe|Bag1|Cryab|Dbi|Drd1|Qki|Ybx1|Dbndd2|Fxyd1|Pfdn5|Ctsz|Sirt2|Serpinb1a|Prr5l|Rasd2|Gabarapl2|Tmem98|Cdk5rap2|Ubxn1,-0.6,Gene
GO Biological Processes,19,GO:0030036,actin cytoskeleton organization,19_GO:0009987 cellular process,-2.6,2.2,3.3,21222,540,284,16,5.6,1.4,11867|13007|16885|56212|76441|77767|104252|108897|213019|215280|224020|227753|229877|236920|242687|338367,Arpc1b|Csrp1|Limk1|Rhog|Daam2|Ermn|Cdc42ep2|Aif1l|Pdlim2|Wipf1|Pi4ka|Gsn|Rap1gds1|Stard8|Wasf2|Myo1d,-0.6,Gene
GO Biological Processes,19,GO:0050708,regulation of protein secretion,19_GO:0051179 localization,-2.6,2.6,3.4,21222,350,284,12,4.2,1.2,11816|12424|14226|14683|18111|20496|26921|27220|66259|70456|229877|245049,Apoe|Cck|Fkbp1b|Gnas|Nnat|Slc12a2|Map4k4|Cartpt|Camk2n1|Mpc2|Rap1gds1|Myrip,-0.58,Gene
GO Biological Processes,19,GO:0031644,regulation of nervous system process,19_GO:0032501 multicellular organismal process,-2.6,3.4,3.7,21222,178,284,8,2.8,0.98,17136|19317|20665|21333|22041|27220|103743|225908,Mag|Qki|Sox10|Tac1|Trf|Cartpt|Tmem98|Myrf,-0.58,Gene
Reactome Gene Sets,6,R-MMU-6811442,Intra-Golgi and retrograde Golgi-to-ER traffic,,-2.5,3.3,3.7,21222,179,284,8,2.8,0.98,16554|17957|22153|22319|66460|66905|69654|71169,Kif13b|Napb|Tubb4a|Vamp3|Sys1|Plin3|Dctn2|Nbas,-0.57,Gene
KEGG Pathway,24,mmu04081,Hormone signaling - Mus musculus (house mouse),,-2.5,3.1,3.6,21222,220,284,9,3.2,1,12424|13488|14673|14678|14683|18619|20604|22353|66066,Cck|Drd1|Gna12|Gnai2|Gnas|Penk|Sst|Vip|Gng11,-0.57,Gene
KEGG Pathway,24,mmu04360,Axon guidance - Mus musculus (house mouse),,-2.5,3.3,3.6,21222,181,284,8,2.8,0.98,13643|14678|16885|20354|20361|107449|140571|270190,Efnb3|Gnai2|Limk1|Sema4d|Sema7a|Unc5b|Plxnb3|Ephb1,-0.55,Gene
GO Biological Processes,19,GO:0060326,cell chemotaxis,19_GO:0040011 locomotion,-2.5,3,3.5,21222,222,284,9,3.2,1,13655|14388|14745|18578|18606|20496|56212|140571|270190,Egr3|Gab1|Lpar1|Pde4b|Enpp2|Slc12a2|Rhog|Plxnb3|Ephb1,-0.55,Gene
GO Biological Processes,19,GO:0030162,regulation of proteolysis,19_GO:0050789 regulation of biological process,-2.5,2.3,3.3,21222,450,284,14,4.9,1.3,11816|14673|22041|28075|64138|64383|66222|70423|77125|93739|103743|106042|225896|227753,Apoe|Gna12|Trf|Desi1|Ctsz|Sirt2|Serpinb1a|Tspan15|Il33|Gabarapl2|Tmem98|Prickle1|Ubxn1|Gsn,-0.55,Gene
GO Biological Processes,19,GO:0048588,developmental cell growth,19_GO:0040007 growth,-2.5,3.6,3.7,21222,144,284,7,2.5,0.92,11658|12305|14042|16885|20361|78829|106042,Alcam|Ddr1|Ext1|Limk1|Sema7a|Tsc22d4|Prickle1,-0.53,Gene
GO Biological Processes,19,GO:0008360,regulation of cell shape,19_GO:0032502 developmental process,-2.5,3.6,3.7,21222,144,284,7,2.5,0.92,14673|14745|20354|56212|77767|104252|140571,Gna12|Lpar1|Sema4d|Rhog|Ermn|Cdc42ep2|Plxnb3,-0.53,Gene
GO Biological Processes,19,GO:0072330,monocarboxylic acid biosynthetic process,19_GO:0009987 cellular process,-2.5,3.3,3.6,21222,183,284,8,2.8,0.98,14431|19215|19317|54325|64383|67092|68312|338521,Gamt|Ptgds|Qki|Elovl1|Sirt2|Gatm|Gstm7|Fa2h,-0.53,Gene
GO Biological Processes,19,GO:0048662,negative regulation of smooth muscle cell proliferation,19_GO:0048519 negative regulation of biological process,-2.5,5,4,21222,75,284,5,1.8,0.78,11815|11816|14673|17260|22353,Apod|Apoe|Gna12|Mef2c|Vip,-0.53,Gene
Reactome Gene Sets,6,R-MMU-6811558,"PI5P, PP2A and IER3 Regulate PI3K/AKT Signaling",,-2.5,4.2,3.8,21222,108,284,6,2.1,0.85,14183|14388|18718|56212|77125|117150,Fgfr2|Gab1|Pip4k2a|Rhog|Il33|Pip4k2c,-0.53,Gene
GO Biological Processes,19,GO:0042053,regulation of dopamine metabolic process,19_GO:0050789 regulation of biological process,-2.5,9.7,4.9,21222,23,284,3,1.1,0.61,13488|14763|109648,Drd1|Gpr37|Npy,-0.52,Gene
GO Biological Processes,19,GO:0098900,regulation of action potential,19_GO:0050789 regulation of biological process,-2.5,4.9,4,21222,76,284,5,1.8,0.78,15165|16480|20191|21333|108655,Hcn1|Jup|Ryr2|Tac1|Foxp1,-0.51,Gene
GO Biological Processes,19,GO:0071526,semaphorin-plexin signaling pathway,19_GO:0050896 response to stimulus,-2.4,6.4,4.3,21222,47,284,4,1.4,0.7,17260|20354|20361|140571,Mef2c|Sema4d|Sema7a|Plxnb3,-0.51,Gene
GO Biological Processes,19,GO:0007218,neuropeptide signaling pathway,19_GO:0050896 response to stimulus,-2.4,4.1,3.8,21222,110,284,6,2.1,0.85,12854|14763|18619|21333|27220|109648,Cort|Gpr37|Penk|Tac1|Cartpt|Npy,-0.5,Gene
GO Biological Processes,19,GO:0003015,heart process,19_GO:0032501 multicellular organismal process,-2.4,4.1,3.8,21222,110,284,6,2.1,0.85,14042|17896|20191|21952|227753|229877,Ext1|Myl4|Ryr2|Tnni1|Gsn|Rap1gds1,-0.5,Gene
GO Biological Processes,19,GO:0097435,supramolecular fiber organization,19_GO:0009987 cellular process,-2.4,2.1,3.2,21222,558,284,16,5.6,1.4,11867|13007|14580|16765|16885|20393|22352|56212|67971|77767|107993|108897|227753|229877|338367|100502861,Arpc1b|Csrp1|Gfap|Stmn1|Limk1|Sgk1|Vim|Rhog|Tppp3|Ermn|Bfsp2|Aif1l|Gsn|Rap1gds1|Myo1d|Ccdc13,-0.5,Gene
GO Biological Processes,19,GO:0010721,negative regulation of cell development,19_GO:0048519 negative regulation of biological process,-2.4,2.6,3.3,21222,316,284,11,3.9,1.1,13643|14912|16852|17136|19317|20665|27220|50915|64383|76441|103743,Efnb3|Nkx6-2|Lgals1|Mag|Qki|Sox10|Cartpt|Grb14|Sirt2|Daam2|Tmem98,-0.5,Gene
GO Biological Processes,19,GO:0051493,regulation of cytoskeleton organization,19_GO:0050789 regulation of biological process,-2.4,2.1,3.2,21222,559,284,16,5.6,1.4,14745|14758|16765|16885|17260|20393|21333|22153|56212|74256|76441|104252|212285|214444|227753|242687,Lpar1|Gpm6b|Stmn1|Limk1|Mef2c|Sgk1|Tac1|Tubb4a|Rhog|Cyld|Daam2|Cdc42ep2|Arap2|Cdk5rap2|Gsn|Wasf2,-0.5,Gene
GO Biological Processes,19,GO:0055117,regulation of cardiac muscle contraction,19_GO:0032501 multicellular organismal process,-2.4,4.9,3.9,21222,77,284,5,1.8,0.78,14226|16480|20191|56188|68312,Fkbp1b|Jup|Ryr2|Fxyd1|Gstm7,-0.5,Gene
KEGG Pathway,24,mmu05100,Bacterial invasion of epithelial cells - Mus musculus (house mouse),,-2.4,4.9,3.9,21222,77,284,5,1.8,0.78,11867|14388|52398|56212|242687,Arpc1b|Gab1|Septin11|Rhog|Wasf2,-0.5,Gene
GO Biological Processes,19,GO:0090316,positive regulation of intracellular protein transport,19_GO:0051179 localization,-2.4,4,3.7,21222,111,284,6,2.1,0.85,12520|16480|22771|67628|72446|215280,Cd81|Jup|Zic1|Anp32b|Prr5l|Wipf1,-0.5,Gene
KEGG Pathway,24,mmu00565,Ether lipid metabolism - Mus musculus (house mouse),,-2.4,6.2,4.2,21222,48,284,4,1.4,0.7,18606|22239|53897|320981,Enpp2|Ugt8a|Gal3st1|Enpp6,-0.5,Gene
GO Biological Processes,19,GO:0009187,cyclic nucleotide metabolic process,19_GO:0009987 cellular process,-2.4,6.2,4.2,21222,48,284,4,1.4,0.7,12799|18573|18584|27220,Cnp|Pde1a|Pde8a|Cartpt,-0.5,Gene
GO Biological Processes,19,GO:0046686,response to cadmium ion,19_GO:0050896 response to stimulus,-2.4,6.2,4.2,21222,48,284,4,1.4,0.7,17748|17750|18145|227753,Mt1|Mt2|Npc1|Gsn,-0.5,Gene
KEGG Pathway,24,mmu05030,Cocaine addiction - Mus musculus (house mouse),,-2.4,6.2,4.2,21222,48,284,4,1.4,0.7,13488|14678|14683|19049,Drd1|Gnai2|Gnas|Ppp1r1b,-0.5,Gene
Reactome Gene Sets,6,R-MMU-373755,Semaphorin interactions,,-2.4,6.2,4.2,21222,48,284,4,1.4,0.7,16885|20354|20361|140571,Limk1|Sema4d|Sema7a|Plxnb3,-0.5,Gene
Reactome Gene Sets,6,R-MMU-6798695,Neutrophil degranulation,,-2.4,2.2,3.2,21222,511,284,15,5.3,1.3,11758|12512|16480|16783|18600|20614|56212|56615|57437|64138|66222|67963|69660|109905|208795,Prdx6|Cd63|Jup|Lamp1|Padi2|Snap25|Rhog|Mgst1|Golga7|Ctsz|Serpinb1a|Npc2|Tmbim1|Rap1a|Tmem63a,-0.5,Gene
GO Biological Processes,19,GO:0048148,behavioral response to cocaine,19_GO:0032501 multicellular organismal process,-2.4,9.3,4.8,21222,24,284,3,1.1,0.61,13488|19049|27220,Drd1|Ppp1r1b|Cartpt,-0.5,Gene
GO Biological Processes,19,GO:0071276,cellular response to cadmium ion,19_GO:0050896 response to stimulus,-2.4,9.3,4.8,21222,24,284,3,1.1,0.61,17748|17750|227753,Mt1|Mt2|Gsn,-0.5,Gene
Reactome Gene Sets,6,R-MMU-109582,Hemostasis,,-2.4,2.2,3.2,21222,514,284,15,5.3,1.3,12512|14673|14678|14683|16554|17136|18573|20363|22041|22153|50915|56212|66066|71660|109905,Cd63|Gna12|Gnai2|Gnas|Kif13b|Mag|Pde1a|Selenop|Trf|Tubb4a|Grb14|Rhog|Gng11|Rarres2|Rap1a,-0.48,Gene
GO Biological Processes,19,GO:1903829,positive regulation of protein localization,19_GO:0051179 localization,-2.4,2.1,3.1,21222,565,284,16,5.6,1.4,11816|12424|12520|14683|16480|18111|22771|27220|56212|66259|67628|70456|72446|74256|215280|245049,Apoe|Cck|Cd81|Gnas|Jup|Nnat|Zic1|Cartpt|Rhog|Camk2n1|Anp32b|Mpc2|Prr5l|Cyld|Wipf1|Myrip,-0.48,Gene
GO Biological Processes,19,GO:0060259,regulation of feeding behavior,19_GO:0032501 multicellular organismal process,-2.4,6.1,4.2,21222,49,284,4,1.4,0.7,12424|13488|27220|109648,Cck|Drd1|Cartpt|Npy,-0.48,Gene
KEGG Pathway,24,mmu04820,Cytoskeleton in muscle cells - Mus musculus (house mouse),,-2.4,2.9,3.4,21222,232,284,9,3.2,1,13007|16480|17896|21828|21952|22352|76441|192897|213019,Csrp1|Jup|Myl4|Thbs4|Tnni1|Vim|Daam2|Itgb4|Pdlim2,-0.48,Gene
Reactome Gene Sets,6,R-MMU-194315,Signaling by Rho GTPases,,-2.4,2.1,3.1,21222,567,284,16,5.6,1.4,11857|11867|16480|16885|22153|22319|22352|56212|59079|68458|70598|84004|104252|215280|236920|242687,Arhgdib|Arpc1b|Jup|Limk1|Tubb4a|Vamp3|Vim|Rhog|Erbin|Ppp1r14a|Filip1|Mcam|Cdc42ep2|Wipf1|Stard8|Wasf2,-0.48,Gene
GO Biological Processes,19,GO:0043588,skin development,19_GO:0032502 developmental process,-2.4,2.6,3.3,21222,322,284,11,3.9,1.1,13167|14042|14183|14683|16480|16765|29876|54325|83925|192897|338521,Dbi|Ext1|Fgfr2|Gnas|Jup|Stmn1|Clic4|Elovl1|Trps1|Itgb4|Fa2h,-0.48,Gene
GO Biological Processes,19,GO:0021537,telencephalon development,19_GO:0032502 developmental process,-2.4,2.6,3.3,21222,322,284,11,3.9,1.1,13167|13488|14042|14745|20361|22771|70598|77630|109648|235180|320790,Dbi|Drd1|Ext1|Lpar1|Sema7a|Zic1|Filip1|Prdm8|Npy|Fez1|Chd7,-0.48,Gene
WikiPathways,27,WP523,Regulation of actin cytoskeleton,,-2.4,3.5,3.5,21222,151,284,7,2.5,0.92,14183|14673|16885|18718|117150|227753|242687,Fgfr2|Gna12|Limk1|Pip4k2a|Pip4k2c|Gsn|Wasf2,-0.48,Gene
GO Biological Processes,19,GO:0110020,regulation of actomyosin structure organization,19_GO:0050789 regulation of biological process,-2.4,3.9,3.7,21222,114,284,6,2.1,0.85,14745|16765|16885|17260|21333|242687,Lpar1|Stmn1|Limk1|Mef2c|Tac1|Wasf2,-0.48,Gene
GO Biological Processes,19,GO:0032956,regulation of actin cytoskeleton organization,19_GO:0050789 regulation of biological process,-2.4,2.4,3.2,21222,370,284,12,4.2,1.2,14745|14758|16765|16885|17260|21333|56212|76441|104252|212285|227753|242687,Lpar1|Gpm6b|Stmn1|Limk1|Mef2c|Tac1|Rhog|Daam2|Cdc42ep2|Arap2|Gsn|Wasf2,-0.48,Gene
GO Biological Processes,19,GO:0032095,regulation of response to food,19_GO:0050896 response to stimulus,-2.4,9,4.6,21222,25,284,3,1.1,0.61,12424|27220|109648,Cck|Cartpt|Npy,-0.48,Gene
GO Biological Processes,19,GO:0042069,regulation of catecholamine metabolic process,19_GO:0050789 regulation of biological process,-2.4,9,4.6,21222,25,284,3,1.1,0.61,13488|14763|109648,Drd1|Gpr37|Npy,-0.48,Gene
GO Biological Processes,19,GO:0042756,drinking behavior,19_GO:0032501 multicellular organismal process,-2.4,9,4.6,21222,25,284,3,1.1,0.61,18619|27220|109648,Penk|Cartpt|Npy,-0.48,Gene
GO Biological Processes,19,GO:0032367,intracellular cholesterol transport,19_GO:0051179 localization,-2.4,9,4.6,21222,25,284,3,1.1,0.61,18145|18718|67963,Npc1|Pip4k2a|Npc2,-0.48,Gene
GO Biological Processes,19,GO:0010632,regulation of epithelial cell migration,19_GO:0040011 locomotion,-2.4,4.7,3.8,21222,80,284,5,1.8,0.78,12512|18606|21333|22352|26921,Cd63|Enpp2|Tac1|Vim|Map4k4,-0.48,Gene
GO Biological Processes,19,GO:1902041,regulation of extrinsic apoptotic signaling pathway via death domain receptors,19_GO:0050896 response to stimulus,-2.4,6,4.1,21222,50,284,4,1.4,0.7,17153|67338|69660|83925,Mal|Rffl|Tmbim1|Trps1,-0.47,Gene
GO Biological Processes,19,GO:0009636,response to toxic substance,19_GO:0050896 response to stimulus,-2.3,2.9,3.3,21222,235,284,9,3.2,1,11758|11816|12799|12892|17748|17750|18619|68312|118454,Prdx6|Apoe|Cnp|Cpox|Mt1|Mt2|Penk|Gstm7|Gjc2,-0.47,Gene
Reactome Gene Sets,6,R-MMU-199418,Negative regulation of the PI3K/AKT network,,-2.3,3.9,3.6,21222,115,284,6,2.1,0.85,14183|14388|18718|56212|77125|117150,Fgfr2|Gab1|Pip4k2a|Rhog|Il33|Pip4k2c,-0.47,Gene
GO Biological Processes,19,GO:1901888,regulation of cell junction assembly,19_GO:0050789 regulation of biological process,-2.3,2.5,3.2,21222,325,284,11,3.9,1.1,11815|13643|14758|17260|18606|20354|26921|56212|106042|109905|270190,Apod|Efnb3|Gpm6b|Mef2c|Enpp2|Sema4d|Map4k4|Rhog|Prickle1|Rap1a|Ephb1,-0.47,Gene
GO Biological Processes,19,GO:0071248,cellular response to metal ion,19_GO:0050896 response to stimulus,-2.3,3.1,3.4,21222,194,284,8,2.8,0.98,17260|17748|17750|20496|22041|29876|69029|227753,Mef2c|Mt1|Mt2|Slc12a2|Trf|Clic4|Smdt1|Gsn,-0.46,Gene
GO Biological Processes,19,GO:0046879,hormone secretion,19_GO:0051179 localization,-2.3,3.9,3.6,21222,116,284,6,2.1,0.85,14226|18111|20614|22353|27220|235415,Fkbp1b|Nnat|Snap25|Vip|Cartpt|Cplx3,-0.46,Gene
KEGG Pathway,24,mmu04928,"Parathyroid hormone synthesis, secretion and action - Mus musculus (house mouse)",,-2.3,3.9,3.6,21222,116,284,6,2.1,0.85,14673|14678|14683|17260|18578|20393,Gna12|Gnai2|Gnas|Mef2c|Pde4b|Sgk1,-0.46,Gene
GO Biological Processes,19,GO:0008344,adult locomotory behavior,19_GO:0032501 multicellular organismal process,-2.3,3.9,3.6,21222,116,284,6,2.1,0.85,12799|13488|13643|18145|22771|320790,Cnp|Drd1|Efnb3|Npc1|Zic1|Chd7,-0.46,Gene
GO Biological Processes,19,GO:0032388,positive regulation of intracellular transport,19_GO:0051179 localization,-2.3,3.4,3.5,21222,154,284,7,2.5,0.92,12520|16480|22771|67628|72446|215280|235180,Cd81|Jup|Zic1|Anp32b|Prr5l|Wipf1|Fez1,-0.46,Gene
GO Biological Processes,19,GO:0030900,forebrain development,19_GO:0032502 developmental process,-2.3,2.2,3.1,21222,473,284,14,4.9,1.3,13167|13488|14042|14183|14745|20361|22771|50913|67102|70598|77630|109648|235180|320790,Dbi|Drd1|Ext1|Fgfr2|Lpar1|Sema7a|Zic1|Olig2|D16Ertd472e|Filip1|Prdm8|Npy|Fez1|Chd7,-0.45,Gene
GO Biological Processes,19,GO:0030001,metal ion transport,19_GO:0051179 localization,-2.3,2,3,21222,681,284,18,6.3,1.4,12892|14226|14325|15165|16492|20191|20393|20496|20614|22041|54403|56188|67739|69029|69660|72961|140919|217826,Cpox|Fkbp1b|Ftl1|Hcn1|Kcna4|Ryr2|Sgk1|Slc12a2|Snap25|Trf|Slc4a4|Fxyd1|Slc48a1|Smdt1|Tmbim1|Slc17a7|Slc17a6|Kcnk13,-0.45,Gene
GO Biological Processes,19,GO:0050803,regulation of synapse structure or activity,19_GO:0065007 biological regulation,-2.3,2.3,3.1,21222,426,284,13,4.6,1.2,11816|13643|16885|17260|20354|20361|52398|56212|72961|106042|140919|217826|270190,Apoe|Efnb3|Limk1|Mef2c|Sema4d|Sema7a|Septin11|Rhog|Slc17a7|Prickle1|Slc17a6|Kcnk13|Ephb1,-0.43,Gene
GO Biological Processes,19,GO:0016049,cell growth,19_GO:0040007 growth,-2.3,3.4,3.4,21222,156,284,7,2.5,0.92,11658|12305|14042|16885|20361|78829|106042,Alcam|Ddr1|Ext1|Limk1|Sema7a|Tsc22d4|Prickle1,-0.43,Gene
KEGG Pathway,24,mmu03272,Virion - Hepatitis viruses - Mus musculus (house mouse),,-2.3,5.7,4,21222,52,284,4,1.4,0.7,12512|12520|16783|18417,Cd63|Cd81|Lamp1|Cldn11,-0.43,Gene
GO Biological Processes,19,GO:0043279,response to alkaloid,19_GO:0050896 response to stimulus,-2.3,3.8,3.5,21222,119,284,6,2.1,0.85,13488|19049|20191|27220|68312|225908,Drd1|Ppp1r1b|Ryr2|Cartpt|Gstm7|Myrf,-0.42,Gene
GO Biological Processes,19,GO:0061387,regulation of extent of cell growth,19_GO:0040007 growth,-2.3,3.8,3.5,21222,119,284,6,2.1,0.85,11816|16885|17136|20354|20361|56177,Apoe|Limk1|Mag|Sema4d|Sema7a|Olfm1,-0.42,Gene
GO Biological Processes,19,GO:0003208,cardiac ventricle morphogenesis,19_GO:0032502 developmental process,-2.3,4.4,3.7,21222,84,284,5,1.8,0.78,14183|17260|20191|21952|320790,Fgfr2|Mef2c|Ryr2|Tnni1|Chd7,-0.42,Gene
Reactome Gene Sets,6,R-MMU-8875878,MET promotes cell motility,,-2.3,8.3,4.4,21222,27,284,3,1.1,0.61,14388|109905|319939,Gab1|Rap1a|Tns3,-0.41,Gene
GO Biological Processes,19,GO:0042596,fear response,19_GO:0032501 multicellular organismal process,-2.3,5.6,3.9,21222,53,284,4,1.4,0.7,13167|13488|14042|18619,Dbi|Drd1|Ext1|Penk,-0.41,Gene
GO Biological Processes,19,GO:0090087,regulation of peptide transport,19_GO:0051179 localization,-2.2,2.6,3.2,21222,288,284,10,3.5,1.1,12349|14226|14683|18111|26921|27220|66259|70456|245049|320790,Car2|Fkbp1b|Gnas|Nnat|Map4k4|Cartpt|Camk2n1|Mpc2|Myrip|Chd7,-0.4,Gene
Reactome Gene Sets,6,R-MMU-9013423,RAC3 GTPase cycle,,-2.2,4.4,3.7,21222,85,284,5,1.8,0.78,11857|22319|59079|84004|242687,Arhgdib|Vamp3|Erbin|Mcam|Wasf2,-0.4,Gene
GO Biological Processes,19,GO:0042391,regulation of membrane potential,19_GO:0065007 biological regulation,-2.2,2.1,3,21222,533,284,15,5.3,1.3,12424|13488|14226|14394|15165|16480|16492|17260|20191|21333|54403|56188|72961|108655|217826,Cck|Drd1|Fkbp1b|Gabra1|Hcn1|Jup|Kcna4|Mef2c|Ryr2|Tac1|Slc4a4|Fxyd1|Slc17a7|Foxp1|Kcnk13,-0.4,Gene
Reactome Gene Sets,6,R-MMU-76002,"Platelet activation, signaling and aggregation",,-2.2,2.8,3.2,21222,244,284,9,3.2,1,12512|14673|14678|20363|22041|56212|66066|71660|109905,Cd63|Gna12|Gnai2|Selenop|Trf|Rhog|Gng11|Rarres2|Rap1a,-0.4,Gene
GO Biological Processes,19,GO:0060627,regulation of vesicle-mediated transport,19_GO:0051179 localization,-2.2,2,3,21222,639,284,17,6,1.4,11816|12512|14678|14683|14745|16783|17957|18952|22041|27220|64383|67801|68423|72961|109648|109905|235415,Apoe|Cd63|Gnai2|Gnas|Lpar1|Lamp1|Napb|Septin4|Trf|Cartpt|Sirt2|Pllp|Ankrd13d|Slc17a7|Npy|Rap1a|Cplx3,-0.4,Gene
GO Biological Processes,19,GO:0006687,glycosphingolipid metabolic process,19_GO:0009987 cellular process,-2.2,5.5,3.9,21222,54,284,4,1.4,0.7,20448|22239|53897|338521,St6galnac4|Ugt8a|Gal3st1|Fa2h,-0.39,Gene
GO Biological Processes,19,GO:0051279,regulation of release of sequestered calcium ion into cytosol,19_GO:0042592 homeostatic process,-2.2,4.3,3.6,21222,86,284,5,1.8,0.78,13488|14226|20191|68312|320790,Drd1|Fkbp1b|Ryr2|Gstm7|Chd7,-0.39,Gene
KEGG Pathway,24,mmu04540,Gap junction - Mus musculus (house mouse),,-2.2,4.3,3.6,21222,86,284,5,1.8,0.78,13488|14678|14683|14745|22153,Drd1|Gnai2|Gnas|Lpar1|Tubb4a,-0.39,Gene
GO Biological Processes,19,GO:0050965,detection of temperature stimulus involved in sensory perception of pain,19_GO:0032501 multicellular organismal process,-2.2,8,4.3,21222,28,284,3,1.1,0.61,21333|27220|270190,Tac1|Cartpt|Ephb1,-0.39,Gene
GO Biological Processes,19,GO:0015813,L-glutamate transmembrane transport,19_GO:0051179 localization,-2.2,8,4.3,21222,28,284,3,1.1,0.61,72961|117160|140919,Slc17a7|Ttyh2|Slc17a6,-0.39,Gene
GO Biological Processes,19,GO:0098660,inorganic ion transmembrane transport,19_GO:0051179 localization,-2.2,1.9,2.9,21222,751,284,19,6.7,1.5,12727|14226|14394|15165|16492|16783|20191|20496|20614|29876|54403|67739|69029|69660|72961|117160|140919|215335|217826,Clcn4|Fkbp1b|Gabra1|Hcn1|Kcna4|Lamp1|Ryr2|Slc12a2|Snap25|Clic4|Slc4a4|Slc48a1|Smdt1|Tmbim1|Slc17a7|Ttyh2|Slc17a6|Slc36a1|Kcnk13,-0.38,Gene
KEGG Pathway,24,mmu04978,Mineral absorption - Mus musculus (house mouse),,-2.2,5.4,3.8,21222,55,284,4,1.4,0.7,14325|17748|17750|22041,Ftl1|Mt1|Mt2|Trf,-0.38,Gene
Reactome Gene Sets,6,R-MMU-2029482,Regulation of actin dynamics for phagocytic cup formation,,-2.2,5.4,3.8,21222,55,284,4,1.4,0.7,11867|16885|215280|242687,Arpc1b|Limk1|Wipf1|Wasf2,-0.38,Gene
GO Biological Processes,19,GO:0021988,olfactory lobe development,19_GO:0032502 developmental process,-2.2,5.4,3.8,21222,55,284,4,1.4,0.7,14042|20361|22771|320790,Ext1|Sema7a|Zic1|Chd7,-0.38,Gene
GO Biological Processes,19,GO:0006790,sulfur compound metabolic process,19_GO:0009987 cellular process,-2.2,2.6,3.1,21222,293,284,10,3.5,1.1,12955|14042|14431|22021|54325|56615|68312|70456|232087|236539,Cryab|Ext1|Gamt|Tpst1|Elovl1|Mgst1|Gstm7|Mpc2|Mat2a|Phgdh,-0.38,Gene
GO Biological Processes,19,GO:0061138,morphogenesis of a branching epithelium,19_GO:0032502 developmental process,-2.2,2.9,3.2,21222,204,284,8,2.8,0.98,12305|14042|14183|15245|20496|20665|29876|64138,Ddr1|Ext1|Fgfr2|Hhip|Slc12a2|Sox10|Clic4|Ctsz,-0.38,Gene
Reactome Gene Sets,6,R-MMU-422475,Axon guidance,,-2.2,2.7,3.2,21222,248,284,9,3.2,1,11867|13643|14388|16885|20354|20361|22153|140571|270190,Arpc1b|Efnb3|Gab1|Limk1|Sema4d|Sema7a|Tubb4a|Plxnb3|Ephb1,-0.38,Gene
GO Biological Processes,19,GO:1903050,regulation of proteolysis involved in protein catabolic process,19_GO:0050789 regulation of biological process,-2.2,2.7,3.2,21222,248,284,9,3.2,1,11816|14673|22041|28075|64383|77125|93739|106042|225896,Apoe|Gna12|Trf|Desi1|Sirt2|Il33|Gabarapl2|Prickle1|Ubxn1,-0.38,Gene
GO Biological Processes,19,GO:0098609,cell-cell adhesion,19_GO:0009987 cellular process,-2.2,2.1,3,21222,489,284,14,4.9,1.3,11658|12490|14042|14683|16480|16852|17136|18417|20354|21828|84004|106042|140571|192897,Alcam|Cd34|Ext1|Gnas|Jup|Lgals1|Mag|Cldn11|Sema4d|Thbs4|Mcam|Prickle1|Plxnb3|Itgb4,-0.38,Gene
GO Biological Processes,19,GO:0032024,positive regulation of insulin secretion,19_GO:0051179 localization,-2.2,3.6,3.4,21222,124,284,6,2.1,0.85,14683|18111|27220|66259|70456|245049,Gnas|Nnat|Cartpt|Camk2n1|Mpc2|Myrip,-0.38,Gene
Reactome Gene Sets,6,R-MMU-9675108,Nervous system development,,-2.2,2.7,3.1,21222,249,284,9,3.2,1,11867|13643|14388|16885|20354|20361|22153|140571|270190,Arpc1b|Efnb3|Gab1|Limk1|Sema4d|Sema7a|Tubb4a|Plxnb3|Ephb1,-0.38,Gene
GO Biological Processes,19,GO:1904888,cranial skeletal system development,19_GO:0032502 developmental process,-2.2,4.2,3.6,21222,88,284,5,1.8,0.78,14042|14183|14683|17260|71375,Ext1|Fgfr2|Gnas|Mef2c|Foxn3,-0.38,Gene
GO Biological Processes,19,GO:0002088,lens development in camera-type eye,19_GO:0032502 developmental process,-2.2,4.2,3.6,21222,88,284,5,1.8,0.78,12955|14183|22352|107993|224273,Cryab|Fgfr2|Vim|Bfsp2|Crybg3,-0.38,Gene
GO Biological Processes,19,GO:0019915,lipid storage,19_GO:0009987 cellular process,-2.2,5.3,3.8,21222,56,284,4,1.4,0.7,11816|18145|66905|67963,Apoe|Npc1|Plin3|Npc2,-0.38,Gene
GO Biological Processes,19,GO:0050832,defense response to fungus,19_GO:0044419 biological process involved in interspecies interaction between organisms,-2.2,5.3,3.8,21222,56,284,4,1.4,0.7,21333|22353|71660|109648,Tac1|Vip|Rarres2|Npy,-0.38,Gene
GO Biological Processes,19,GO:0055010,ventricular cardiac muscle tissue morphogenesis,19_GO:0032502 developmental process,-2.2,5.3,3.8,21222,56,284,4,1.4,0.7,14183|20191|21952|320790,Fgfr2|Ryr2|Tnni1|Chd7,-0.38,Gene
GO Biological Processes,19,GO:0032366,intracellular sterol transport,19_GO:0051179 localization,-2.2,7.7,4.2,21222,29,284,3,1.1,0.61,18145|18718|67963,Npc1|Pip4k2a|Npc2,-0.38,Gene
GO Biological Processes,19,GO:0033238,regulation of amine metabolic process,19_GO:0050789 regulation of biological process,-2.2,7.7,4.2,21222,29,284,3,1.1,0.61,13488|14763|109648,Drd1|Gpr37|Npy,-0.38,Gene
GO Biological Processes,19,GO:0031295,T cell costimulation,19_GO:0002376 immune system process,-2.2,7.7,4.2,21222,29,284,3,1.1,0.61,12520|13643|16852,Cd81|Efnb3|Lgals1,-0.38,Gene
GO Biological Processes,19,GO:0050857,positive regulation of antigen receptor-mediated signaling pathway,19_GO:0002376 immune system process,-2.2,7.7,4.2,21222,29,284,3,1.1,0.61,12520|74256|108655,Cd81|Cyld|Foxp1,-0.38,Gene
Reactome Gene Sets,6,R-MMU-500792,GPCR ligand binding,,-2.2,2.3,3,21222,391,284,12,4.2,1.2,12424|12854|13488|14683|14745|14763|18619|20604|21333|22353|66066|109648,Cck|Cort|Drd1|Gnas|Lpar1|Gpr37|Penk|Sst|Tac1|Vip|Gng11|Npy,-0.38,Gene
GO Biological Processes,19,GO:0008016,regulation of heart contraction,19_GO:0032501 multicellular organismal process,-2.2,2.9,3.2,21222,206,284,8,2.8,0.98,14226|16480|17896|20191|21333|27220|56188|68312,Fkbp1b|Jup|Myl4|Ryr2|Tac1|Cartpt|Fxyd1|Gstm7,-0.38,Gene
GO Biological Processes,19,GO:0046887,positive regulation of hormone secretion,19_GO:0051179 localization,-2.2,2.9,3.2,21222,206,284,8,2.8,0.98,14683|18111|20614|21333|27220|66259|70456|245049,Gnas|Nnat|Snap25|Tac1|Cartpt|Camk2n1|Mpc2|Myrip,-0.38,Gene
GO Biological Processes,19,GO:0007188,adenylate cyclase-modulating G protein-coupled receptor signaling pathway,19_GO:0050896 response to stimulus,-2.2,2.7,3.1,21222,250,284,9,3.2,1,12854|13488|14673|14678|14683|14745|14763|22353|436090,Cort|Drd1|Gna12|Gnai2|Gnas|Lpar1|Gpr37|Vip|Gpr62,-0.38,Gene
GO Biological Processes,19,GO:0021510,spinal cord development,19_GO:0032502 developmental process,-2.2,3.6,3.4,21222,126,284,6,2.1,0.85,14912|22771|50913|76441|108655|236539,Nkx6-2|Zic1|Olig2|Daam2|Foxp1|Phgdh,-0.36,Gene
GO Biological Processes,19,GO:0032787,monocarboxylic acid metabolic process,19_GO:0009987 cellular process,-2.1,2,2.9,21222,599,284,16,5.6,1.4,11484|13167|14417|14431|18145|19215|19317|51798|54325|64383|67092|68312|70456|110119|236539|338521,Aspa|Dbi|Gad2|Gamt|Npc1|Ptgds|Qki|Ech1|Elovl1|Sirt2|Gatm|Gstm7|Mpc2|Mpi|Phgdh|Fa2h,-0.36,Gene
GO Biological Processes,19,GO:0010634,positive regulation of epithelial cell migration,19_GO:0040011 locomotion,-2.1,5.2,3.7,21222,57,284,4,1.4,0.7,18606|21333|22352|26921,Enpp2|Tac1|Vim|Map4k4,-0.36,Gene
GO Biological Processes,19,GO:0007411,axon guidance,19_GO:0032502 developmental process,-2.1,2.7,3.1,21222,253,284,9,3.2,1,11658|13643|14042|17260|20354|20361|107449|108655|270190,Alcam|Efnb3|Ext1|Mef2c|Sema4d|Sema7a|Unc5b|Foxp1|Ephb1,-0.35,Gene
GO Biological Processes,19,GO:0050768,negative regulation of neurogenesis,19_GO:0048519 negative regulation of biological process,-2.1,3.1,3.2,21222,167,284,7,2.5,0.92,13643|14912|17136|20665|64383|76441|103743,Efnb3|Nkx6-2|Mag|Sox10|Sirt2|Daam2|Tmem98,-0.35,Gene
GO Biological Processes,19,GO:0032098,regulation of appetite,19_GO:0050896 response to stimulus,-2.1,7.5,4.1,21222,30,284,3,1.1,0.61,12424|27220|109648,Cck|Cartpt|Npy,-0.35,Gene
GO Biological Processes,19,GO:1902115,regulation of organelle assembly,19_GO:0050789 regulation of biological process,-2.1,2.6,3.1,21222,254,284,9,3.2,1,14745|18718|73340|74256|106042|117150|214444|227753|235180,Lpar1|Pip4k2a|Nptxr|Cyld|Prickle1|Pip4k2c|Cdk5rap2|Gsn|Fez1,-0.35,Gene
GO Biological Processes,19,GO:0097485,neuron projection guidance,19_GO:0032502 developmental process,-2.1,2.6,3.1,21222,254,284,9,3.2,1,11658|13643|14042|17260|20354|20361|107449|108655|270190,Alcam|Efnb3|Ext1|Mef2c|Sema4d|Sema7a|Unc5b|Foxp1|Ephb1,-0.35,Gene
GO Biological Processes,19,GO:0007612,learning,19_GO:0032501 multicellular organismal process,-2.1,2.8,3.1,21222,210,284,8,2.8,0.98,12424|13488|19049|20393|20614|21333|27220|381979,Cck|Drd1|Ppp1r1b|Sgk1|Snap25|Tac1|Cartpt|Brsk1,-0.35,Gene
GO Biological Processes,19,GO:0010803,regulation of tumor necrosis factor-mediated signaling pathway,19_GO:0050896 response to stimulus,-2.1,5.2,3.7,21222,58,284,4,1.4,0.7,14042|67338|74186|74256,Ext1|Rffl|Ccdc3|Cyld,-0.35,Gene
KEGG Pathway,24,mmu04727,GABAergic synapse - Mus musculus (house mouse),,-2.1,4.1,3.5,21222,91,284,5,1.8,0.78,14394|14417|14678|66066|93739,Gabra1|Gad2|Gnai2|Gng11|Gabarapl2,-0.35,Gene
GO Biological Processes,19,GO:0007423,sensory organ development,19_GO:0032502 developmental process,-2.1,1.9,2.8,21222,711,284,18,6.3,1.4,12305|12955|14183|15165|22352|22771|29876|50913|50914|56612|67628|97031|106042|107993|140919|224273|270190|320790,Ddr1|Cryab|Fgfr2|Hcn1|Vim|Zic1|Clic4|Olig2|Olig1|Pfdn5|Anp32b|Tprn|Prickle1|Bfsp2|Slc17a6|Crybg3|Ephb1|Chd7,-0.35,Gene
GO Biological Processes,19,GO:0032271,regulation of protein polymerization,19_GO:0050789 regulation of biological process,-2.1,2.8,3.1,21222,211,284,8,2.8,0.98,16765|20393|22153|67971|76441|104252|214444|227753,Stmn1|Sgk1|Tubb4a|Tppp3|Daam2|Cdc42ep2|Cdk5rap2|Gsn,-0.34,Gene
GO Biological Processes,19,GO:0071805,potassium ion transmembrane transport,19_GO:0051179 localization,-2.1,3.1,3.2,21222,169,284,7,2.5,0.92,15165|16492|20496|20614|72961|140919|217826,Hcn1|Kcna4|Slc12a2|Snap25|Slc17a7|Slc17a6|Kcnk13,-0.33,Gene
Reactome Gene Sets,6,R-MMU-2672351,Stimuli-sensing channels,,-2.1,4.1,3.4,21222,92,284,5,1.8,0.78,12727|14226|20191|20393|117160,Clcn4|Fkbp1b|Ryr2|Sgk1|Ttyh2,-0.33,Gene
GO Biological Processes,19,GO:0048638,regulation of developmental growth,19_GO:0040007 growth,-2.1,2.2,2.9,21222,400,284,12,4.2,1.2,11816|14183|14431|14683|16885|17136|17260|20354|20361|56177|108655|320790,Apoe|Fgfr2|Gamt|Gnas|Limk1|Mag|Mef2c|Sema4d|Sema7a|Olfm1|Foxp1|Chd7,-0.33,Gene
GO Biological Processes,19,GO:0061951,establishment of protein localization to plasma membrane,19_GO:0051179 localization,-2.1,5.1,3.6,21222,59,284,4,1.4,0.7,14745|22319|57437|66460,Lpar1|Vamp3|Golga7|Sys1,-0.33,Gene
GO Biological Processes,19,GO:0070306,lens fiber cell differentiation,19_GO:0032502 developmental process,-2.1,7.2,4,21222,31,284,3,1.1,0.61,14183|22352|107993,Fgfr2|Vim|Bfsp2,-0.33,Gene
Reactome Gene Sets,6,R-MMU-9013407,RHOH GTPase cycle,,-2.1,7.2,4,21222,31,284,3,1.1,0.61,11857|16480|22319,Arhgdib|Jup|Vamp3,-0.33,Gene
GO Biological Processes,19,GO:0031294,lymphocyte costimulation,19_GO:0002376 immune system process,-2.1,7.2,4,21222,31,284,3,1.1,0.61,12520|13643|16852,Cd81|Efnb3|Lgals1,-0.33,Gene
GO Biological Processes,19,GO:0022038,corpus callosum development,19_GO:0032502 developmental process,-2.1,7.2,4,21222,31,284,3,1.1,0.61,14745|70598|77630,Lpar1|Filip1|Prdm8,-0.33,Gene
Reactome Gene Sets,6,R-MMU-190861,Gap junction assembly,,-2.1,7.2,4,21222,31,284,3,1.1,0.61,14618|22153|118454,Gjb1|Tubb4a|Gjc2,-0.33,Gene
Reactome Gene Sets,6,R-MMU-418555,G alpha (s) signalling events,,-2.1,3.4,3.3,21222,130,284,6,2.1,0.85,13488|14683|18573|18584|22353|66066,Drd1|Gnas|Pde1a|Pde8a|Vip|Gng11,-0.33,Gene
GO Biological Processes,19,GO:0032386,regulation of intracellular transport,19_GO:0051179 localization,-2.1,2.5,3,21222,305,284,10,3.5,1.1,11815|12520|12955|16480|16783|22771|67628|72446|215280|235180,Apod|Cd81|Cryab|Jup|Lamp1|Zic1|Anp32b|Prr5l|Wipf1|Fez1,-0.32,Gene
GO Biological Processes,19,GO:0048754,branching morphogenesis of an epithelial tube,19_GO:0032502 developmental process,-2.1,3.1,3.1,21222,171,284,7,2.5,0.92,12305|14042|14183|15245|20496|29876|64138,Ddr1|Ext1|Fgfr2|Hhip|Slc12a2|Clic4|Ctsz,-0.32,Gene
GO Biological Processes,19,GO:0030178,negative regulation of Wnt signaling pathway,19_GO:0048519 negative regulation of biological process,-2.1,3.1,3.1,21222,171,284,7,2.5,0.92,11816|20665|56612|67457|74256|106042|320587,Apoe|Sox10|Pfdn5|Frmd8|Cyld|Prickle1|Tmem278,-0.32,Gene
GO Biological Processes,19,GO:0060828,regulation of canonical Wnt signaling pathway,19_GO:0050896 response to stimulus,-2.1,2.6,3,21222,259,284,9,3.2,1,11816|14183|20665|56612|67457|74256|76441|106042|320587,Apoe|Fgfr2|Sox10|Pfdn5|Frmd8|Cyld|Daam2|Prickle1|Tmem278,-0.32,Gene
GO Biological Processes,19,GO:0046883,regulation of hormone secretion,19_GO:0051179 localization,-2.1,2.3,2.9,21222,354,284,11,3.9,1.1,14226|14683|18111|20614|21333|26921|27220|66259|70456|245049|320790,Fkbp1b|Gnas|Nnat|Snap25|Tac1|Map4k4|Cartpt|Camk2n1|Mpc2|Myrip|Chd7,-0.32,Gene
Reactome Gene Sets,6,R-MMU-422356,Regulation of insulin secretion,,-2.1,5,3.6,21222,60,284,4,1.4,0.7,14678|14683|66066|109905,Gnai2|Gnas|Gng11|Rap1a,-0.32,Gene
GO Biological Processes,19,GO:0031113,regulation of microtubule polymerization,19_GO:0050789 regulation of biological process,-2.1,5,3.6,21222,60,284,4,1.4,0.7,16765|20393|22153|214444,Stmn1|Sgk1|Tubb4a|Cdk5rap2,-0.32,Gene
GO Biological Processes,19,GO:0072657,protein localization to membrane,19_GO:0051179 localization,-2.1,2.1,2.8,21222,506,284,14,4.9,1.3,11816|12520|14745|16480|17153|18145|22319|57437|66460|67457|70423|73340|109905|217893,Apoe|Cd81|Lpar1|Jup|Mal|Npc1|Vamp3|Golga7|Sys1|Frmd8|Tspan15|Nptxr|Rap1a|Pacs2,-0.32,Gene
GO Biological Processes,19,GO:0006814,sodium ion transport,19_GO:0051179 localization,-2.1,2.8,3.1,21222,215,284,8,2.8,0.98,12892|15165|20393|20496|54403|56188|72961|140919,Cpox|Hcn1|Sgk1|Slc12a2|Slc4a4|Fxyd1|Slc17a7|Slc17a6,-0.32,Gene
KEGG Pathway,24,mmu04666,Fc gamma R-mediated phagocytosis - Mus musculus (house mouse),,-2.1,4,3.4,21222,94,284,5,1.8,0.78,11867|16885|211914|227753|242687,Arpc1b|Limk1|Asap2|Gsn|Wasf2,-0.32,Gene
Reactome Gene Sets,6,R-MMU-5663213,RHO GTPases Activate WASPs and WAVEs,,-2.1,7,4,21222,32,284,3,1.1,0.61,11867|215280|242687,Arpc1b|Wipf1|Wasf2,-0.31,Gene
GO Biological Processes,19,GO:0050961,detection of temperature stimulus involved in sensory perception,19_GO:0032501 multicellular organismal process,-2.1,7,4,21222,32,284,3,1.1,0.61,21333|27220|270190,Tac1|Cartpt|Ephb1,-0.31,Gene
Reactome Gene Sets,6,R-MMU-381676,Glucagon-like Peptide-1 (GLP1) regulates insulin secretion,,-2.1,7,4,21222,32,284,3,1.1,0.61,14683|66066|109905,Gnas|Gng11|Rap1a,-0.31,Gene
GO Biological Processes,19,GO:0099504,synaptic vesicle cycle,19_GO:0051179 localization,-2.1,3,3.1,21222,173,284,7,2.5,0.92,13016|20614|72961|109905|140919|235415|381979,Ctbp1|Snap25|Slc17a7|Rap1a|Slc17a6|Cplx3|Brsk1,-0.31,Gene
GO Biological Processes,19,GO:0170062,nutrient storage,19_GO:0009987 cellular process,-2,4.9,3.6,21222,61,284,4,1.4,0.7,11816|18145|66905|67963,Apoe|Npc1|Plin3|Npc2,-0.31,Gene
Reactome Gene Sets,6,R-MMU-8980692,RHOA GTPase cycle,,-2,3.4,3.2,21222,133,284,6,2.1,0.85,11857|16480|22319|59079|84004|236920,Arhgdib|Jup|Vamp3|Erbin|Mcam|Stard8,-0.3,Gene
GO Biological Processes,19,GO:0006633,fatty acid biosynthetic process,19_GO:0009987 cellular process,-2,3.3,3.2,21222,134,284,6,2.1,0.85,19215|19317|54325|64383|68312|338521,Ptgds|Qki|Elovl1|Sirt2|Gstm7|Fa2h,-0.29,Gene
GO Biological Processes,19,GO:0006893,Golgi to plasma membrane transport,19_GO:0051179 localization,-2,4.8,3.5,21222,62,284,4,1.4,0.7,14745|22319|57437|66460,Lpar1|Vamp3|Golga7|Sys1,-0.28,Gene
Reactome Gene Sets,6,R-MMU-420092,Glucagon-type ligand receptors,,-2,6.8,3.9,21222,33,284,3,1.1,0.61,14683|22353|66066,Gnas|Vip|Gng11,-0.28,Gene
GO Biological Processes,19,GO:2000058,regulation of ubiquitin-dependent protein catabolic process,19_GO:0050789 regulation of biological process,-2,3,3.1,21222,176,284,7,2.5,0.92,14673|22041|28075|64383|77125|106042|225896,Gna12|Trf|Desi1|Sirt2|Il33|Prickle1|Ubxn1,-0.28,Gene
GO Biological Processes,19,GO:0030100,regulation of endocytosis,19_GO:0051179 localization,-2,2.3,2.8,21222,361,284,11,3.9,1.1,11816|12512|14683|14745|17957|22041|64383|67801|68423|72961|109905,Apoe|Cd63|Gnas|Lpar1|Napb|Trf|Sirt2|Pllp|Ankrd13d|Slc17a7|Rap1a,-0.28,Gene
GO Biological Processes,19,GO:0060047,heart contraction,19_GO:0032501 multicellular organismal process,-2,3.9,3.3,21222,97,284,5,1.8,0.78,14042|17896|20191|21952|227753,Ext1|Myl4|Ryr2|Tnni1|Gsn,-0.28,Gene
GO Biological Processes,19,GO:0019226,transmission of nerve impulse,19_GO:0032501 multicellular organismal process,-2,3.9,3.3,21222,97,284,5,1.8,0.78,13488|14226|15165|17136|18619,Drd1|Fkbp1b|Hcn1|Mag|Penk,-0.28,Gene
GO Biological Processes,19,GO:0050772,positive regulation of axonogenesis,19_GO:0032502 developmental process,-2,3.9,3.3,21222,97,284,5,1.8,0.78,11816|16885|20354|20361|140571,Apoe|Limk1|Sema4d|Sema7a|Plxnb3,-0.28,Gene
GO Biological Processes,19,GO:1903828,negative regulation of protein localization,19_GO:0051179 localization,-2,2.5,2.9,21222,266,284,9,3.2,1,11815|11816|14226|14758|26921|69660|103743|218490|229603,Apod|Apoe|Fkbp1b|Gpm6b|Map4k4|Tmbim1|Tmem98|Btf3|Otud7b,-0.28,Gene
GO Biological Processes,19,GO:0043010,camera-type eye development,19_GO:0032502 developmental process,-2,2.2,2.8,21222,412,284,12,4.2,1.2,12955|14183|15165|22352|29876|56612|106042|107993|140919|224273|270190|320790,Cryab|Fgfr2|Hcn1|Vim|Clic4|Pfdn5|Prickle1|Bfsp2|Slc17a6|Crybg3|Ephb1|Chd7,-0.28,Gene
GO Biological Processes,19,GO:0051961,negative regulation of nervous system development,19_GO:0048519 negative regulation of biological process,-2,3,3,21222,177,284,7,2.5,0.92,13643|14912|17136|20665|64383|76441|103743,Efnb3|Nkx6-2|Mag|Sox10|Sirt2|Daam2|Tmem98,-0.28,Gene
