_MEMBER_Gene,_LogP_Gene,GO,Description,_PATTERN_,_RANK_,GiniIndex
1,-2.1,GO:0060828,regulation of canonical Wnt signaling pathway,M1,1,0
1,-2.4,GO:0010632,regulation of epithelial cell migration,M1,1,0
1,-5.4,GO:0099537,trans-synaptic signaling,M1,1,0
1,-2.3,GO:0046879,hormone secretion,M1,1,0
1,-3.1,GO:0072659,protein localization to plasma membrane,M1,1,0
1,-2.4,GO:0021537,telencephalon development,M1,1,0
1,-3.7,GO:0019725,cellular homeostasis,M1,1,0
1,-3.3,GO:0070445,regulation of oligodendrocyte progenitor proliferation,M1,1,0
1,-2.9,GO:1901699,cellular response to nitrogen compound,M1,1,0
1,-6.1,GO:0120039,plasma membrane bounded cell projection morphogenesis,M1,1,0
1,-4.4,GO:0007409,axonogenesis,M1,1,0
1,-2.1,R-MMU-2672351,Stimuli-sensing channels,M1,1,0
1,-3.3,GO:0099538,synaptic signaling via neuropeptide,M1,1,0
1,-3.5,GO:0048520,positive regulation of behavior,M1,1,0
1,-2.3,GO:0003208,cardiac ventricle morphogenesis,M1,1,0
1,-3.2,GO:0031346,positive regulation of cell projection organization,M1,1,0
1,-2.4,GO:0071526,semaphorin-plexin signaling pathway,M1,1,0
1,-3,R-MMU-71291,Metabolism of amino acids and derivatives,M1,1,0
1,-2.3,GO:0061387,regulation of extent of cell growth,M1,1,0
1,-3.3,GO:0060560,developmental growth involved in morphogenesis,M1,1,0
1,-4.7,R-MMU-382551,Transport of small molecules,M1,1,0
1,-2.2,GO:0015813,L-glutamate transmembrane transport,M1,1,0
1,-3.3,GO:0008306,associative learning,M1,1,0
1,-2.2,GO:0032024,positive regulation of insulin secretion,M1,1,0
1,-2.9,GO:0008544,epidermis development,M1,1,0
1,-2,GO:2000058,regulation of ubiquitin-dependent protein catabolic process,M1,1,0
1,-5.2,GO:0007268,chemical synaptic transmission,M1,1,0
1,-2.1,GO:0007612,learning,M1,1,0
1,-2.5,mmu04081,Hormone signaling - Mus musculus (house mouse),M1,1,0
1,-2.2,GO:0006790,sulfur compound metabolic process,M1,1,0
1,-2.4,GO:0042756,drinking behavior,M1,1,0
1,-6.7,GO:0022010,central nervous system myelination,M1,1,0
1,-11,GO:0010001,glial cell differentiation,M1,1,0
1,-2.2,R-MMU-9013423,RAC3 GTPase cycle,M1,1,0
1,-3.7,WP232,G protein signaling pathways,M1,1,0
1,-3.2,GO:0040011,locomotion,M1,1,0
1,-2.2,GO:1904888,cranial skeletal system development,M1,1,0
1,-2.9,GO:0035249,"synaptic transmission, glutamatergic",M1,1,0
1,-2.9,GO:0060441,epithelial tube branching involved in lung morphogenesis,M1,1,0
1,-2.1,GO:0031294,lymphocyte costimulation,M1,1,0
1,-4.1,GO:0048715,negative regulation of oligodendrocyte differentiation,M1,1,0
1,-2.6,GO:0030036,actin cytoskeleton organization,M1,1,0
1,-4.5,GO:0031643,positive regulation of myelination,M1,1,0
1,-2.9,GO:0006820,monoatomic anion transport,M1,1,0
1,-3,GO:2000146,negative regulation of cell motility,M1,1,0
1,-2.2,GO:0060627,regulation of vesicle-mediated transport,M1,1,0
1,-2.4,GO:0010721,negative regulation of cell development,M1,1,0
1,-2.9,mmu04082,Neuroactive ligand signaling - Mus musculus (house mouse),M1,1,0
1,-2.8,GO:0043408,regulation of MAPK cascade,M1,1,0
1,-3.3,GO:1904951,positive regulation of establishment of protein localization,M1,1,0
1,-3.7,GO:0010038,response to metal ion,M1,1,0
1,-2.9,GO:0098773,skin epidermis development,M1,1,0
1,-2.1,GO:0006814,sodium ion transport,M1,1,0
1,-2.4,GO:0055117,regulation of cardiac muscle contraction,M1,1,0
1,-2.9,GO:0010881,regulation of cardiac muscle contraction by regulation of the release of sequestered calcium ion,M1,1,0
1,-3.2,GO:0098656,monoatomic anion transmembrane transport,M1,1,0
1,-2.1,GO:0010634,positive regulation of epithelial cell migration,M1,1,0
1,-2.4,R-MMU-6798695,Neutrophil degranulation,M1,1,0
1,-3.4,GO:0010977,negative regulation of neuron projection development,M1,1,0
1,-2.7,GO:1990138,neuron projection extension,M1,1,0
1,-2,R-MMU-420092,Glucagon-type ligand receptors,M1,1,0
1,-2.4,mmu04820,Cytoskeleton in muscle cells - Mus musculus (house mouse),M1,1,0
1,-2.7,GO:0002790,peptide secretion,M1,1,0
1,-3,WP385,Myometrial relaxation and contraction pathways,M1,1,0
1,-3.5,GO:0044057,regulation of system process,M1,1,0
1,-2.4,GO:0090316,positive regulation of intracellular protein transport,M1,1,0
1,-3.4,WP2074,Neural crest differentiation,M1,1,0
1,-2,GO:0060047,heart contraction,M1,1,0
1,-2,GO:0050772,positive regulation of axonogenesis,M1,1,0
1,-2.8,GO:0015698,inorganic anion transport,M1,1,0
1,-2.2,GO:0019915,lipid storage,M1,1,0
1,-4.3,GO:0006682,galactosylceramide biosynthetic process,M1,1,0
1,-2.1,GO:0061951,establishment of protein localization to plasma membrane,M1,1,0
1,-3.7,GO:0048667,cell morphogenesis involved in neuron differentiation,M1,1,0
1,-5.7,GO:0099536,synaptic signaling,M1,1,0
1,-2.1,GO:0099504,synaptic vesicle cycle,M1,1,0
1,-2.8,GO:0045686,negative regulation of glial cell differentiation,M1,1,0
1,-8.5,GO:0014003,oligodendrocyte development,M1,1,0
1,-2.2,GO:0008016,regulation of heart contraction,M1,1,0
1,-2.8,GO:0015833,peptide transport,M1,1,0
1,-4.4,GO:0050795,regulation of behavior,M1,1,0
1,-2.4,mmu00565,Ether lipid metabolism - Mus musculus (house mouse),M1,1,0
1,-2.9,GO:0090659,walking behavior,M1,1,0
1,-3,GO:0033555,multicellular organismal response to stress,M1,1,0
1,-3.2,GO:0045187,"regulation of circadian sleep/wake cycle, sleep",M1,1,0
1,-2.6,R-MMU-9716542,"Signaling by Rho GTPases, Miro GTPases and RHOBTB3",M1,1,0
1,-2.2,mmu04978,Mineral absorption - Mus musculus (house mouse),M1,1,0
1,-2.1,R-MMU-5663213,RHO GTPases Activate WASPs and WAVEs,M1,1,0
1,-2.2,GO:0042391,regulation of membrane potential,M1,1,0
1,-5.5,WP2910,Mecp2 and associated Rett syndrome,M1,1,0
1,-2.7,GO:0006942,regulation of striated muscle contraction,M1,1,0
1,-2.6,GO:0031644,regulation of nervous system process,M1,1,0
1,-3.6,GO:0098771,inorganic ion homeostasis,M1,1,0
1,-2.5,GO:0042053,regulation of dopamine metabolic process,M1,1,0
1,-3.3,GO:0007628,adult walking behavior,M1,1,0
1,-2.7,R-MMU-9013408,RHOG GTPase cycle,M1,1,0
1,-2.1,GO:0046883,regulation of hormone secretion,M1,1,0
1,-2.5,GO:0072330,monocarboxylic acid biosynthetic process,M1,1,0
1,-2.4,GO:0043588,skin development,M1,1,0
1,-3.6,GO:2000987,positive regulation of behavioral fear response,M1,1,0
1,-2.7,GO:0042886,amide transport,M1,1,0
1,-2.1,GO:0031113,regulation of microtubule polymerization,M1,1,0
1,-2.2,GO:0098660,inorganic ion transmembrane transport,M1,1,0
1,-3.4,GO:0070201,regulation of establishment of protein localization,M1,1,0
1,-4.3,GO:0019732,antifungal humoral response,M1,1,0
1,-9.5,GO:0048713,regulation of oligodendrocyte differentiation,M1,1,0
1,-2.3,R-MMU-199418,Negative regulation of the PI3K/AKT network,M1,1,0
1,-2.2,GO:0033238,regulation of amine metabolic process,M1,1,0
1,-9.1,GO:0045685,regulation of glial cell differentiation,M1,1,0
1,-3,GO:0031115,negative regulation of microtubule polymerization,M1,1,0
1,-2.7,GO:0007420,brain development,M1,1,0
1,-2.1,mmu04727,GABAergic synapse - Mus musculus (house mouse),M1,1,0
1,-2.2,GO:0050857,positive regulation of antigen receptor-mediated signaling pathway,M1,1,0
1,-3.3,GO:1990778,protein localization to cell periphery,M1,1,0
1,-2.7,GO:0010092,specification of animal organ identity,M1,1,0
1,-3.4,GO:0032288,myelin assembly,M1,1,0
1,-2.3,GO:0071248,cellular response to metal ion,M1,1,0
1,-3,GO:0031345,negative regulation of cell projection organization,M1,1,0
1,-2.3,GO:0030900,forebrain development,M1,1,0
1,-2.2,GO:0050832,defense response to fungus,M1,1,0
1,-2.1,GO:0097485,neuron projection guidance,M1,1,0
1,-3.1,GO:0007613,memory,M1,1,0
1,-2.8,GO:0043254,regulation of protein-containing complex assembly,M1,1,0
1,-2.4,WP523,Regulation of actin cytoskeleton,M1,1,0
1,-2.8,GO:0090257,regulation of muscle system process,M1,1,0
1,-2.6,R-MMU-6811440,Retrograde transport at the Trans-Golgi-Network,M1,1,0
1,-2.5,GO:0048662,negative regulation of smooth muscle cell proliferation,M1,1,0
1,-6.7,GO:0032291,axon ensheathment in central nervous system,M1,1,0
1,-2.6,GO:0016053,organic acid biosynthetic process,M1,1,0
1,-8.9,GO:0048709,oligodendrocyte differentiation,M1,1,0
1,-4.4,mmu05032,Morphine addiction - Mus musculus (house mouse),M1,1,0
1,-4.2,GO:1903365,regulation of fear response,M1,1,0
1,-2.4,GO:0060259,regulation of feeding behavior,M1,1,0
1,-3,GO:0006677,glycosylceramide metabolic process,M1,1,0
1,-2.2,GO:0021510,spinal cord development,M1,1,0
1,-2.7,GO:1903998,regulation of eating behavior,M1,1,0
1,-2.4,GO:0046686,response to cadmium ion,M1,1,0
1,-2.1,GO:0007423,sensory organ development,M1,1,0
1,-2.8,GO:0014014,negative regulation of gliogenesis,M1,1,0
1,-12,GO:0014013,regulation of gliogenesis,M1,1,0
1,-2.1,GO:0007411,axon guidance,M1,1,0
1,-3.9,GO:0007611,learning or memory,M1,1,0
1,-14,GO:0042552,myelination,M1,1,0
1,-2.3,GO:0008344,adult locomotory behavior,M1,1,0
1,-2.5,GO:0030162,regulation of proteolysis,M1,1,0
1,-2.9,GO:0043001,Golgi to plasma membrane protein transport,M1,1,0
1,-3.7,GO:0019374,galactolipid metabolic process,M1,1,0
1,-2.4,GO:0009187,cyclic nucleotide metabolic process,M1,1,0
1,-2.6,GO:0040008,regulation of growth,M1,1,0
1,-2.9,GO:1905906,regulation of amyloid fibril formation,M1,1,0
1,-2.3,mmu04928,"Parathyroid hormone synthesis, secretion and action - Mus musculus (house mouse)",M1,1,0
1,-3.3,GO:1905907,negative regulation of amyloid fibril formation,M1,1,0
1,-2.9,R-MMU-372790,Signaling by GPCR,M1,1,0
1,-3.9,GO:0006681,galactosylceramide metabolic process,M1,1,0
1,-2.6,R-MMU-163685,Integration of energy metabolism,M1,1,0
1,-2.2,GO:0090087,regulation of peptide transport,M1,1,0
1,-3.9,GO:0051222,positive regulation of protein transport,M1,1,0
1,-3.1,GO:0006935,chemotaxis,M1,1,0
1,-2.1,GO:0050961,detection of temperature stimulus involved in sensory perception,M1,1,0
1,-2,GO:0043010,camera-type eye development,M1,1,0
1,-3,R-MMU-418594,G alpha (i) signalling events,M1,1,0
1,-2.4,GO:0051493,regulation of cytoskeleton organization,M1,1,0
1,-11,GO:0042063,gliogenesis,M1,1,0
1,-4.3,GO:0019375,galactolipid biosynthetic process,M1,1,0
1,-2.4,R-MMU-109582,Hemostasis,M1,1,0
1,-3.7,GO:0051223,regulation of protein transport,M1,1,0
1,-2.1,GO:0032271,regulation of protein polymerization,M1,1,0
1,-4.3,GO:2000822,regulation of behavioral fear response,M1,1,0
1,-2.4,GO:0042069,regulation of catecholamine metabolic process,M1,1,0
1,-2.4,GO:1903829,positive regulation of protein localization,M1,1,0
1,-2.4,R-MMU-373755,Semaphorin interactions,M1,1,0
1,-2.6,GO:0090090,negative regulation of canonical Wnt signaling pathway,M1,1,0
1,-3.2,R-MMU-416700,Other semaphorin interactions,M1,1,0
1,-7.1,GO:0045687,positive regulation of glial cell differentiation,M1,1,0
1,-2.4,GO:0048148,behavioral response to cocaine,M1,1,0
1,-2.6,GO:0046394,carboxylic acid biosynthetic process,M1,1,0
1,-2.5,GO:0098900,regulation of action potential,M1,1,0
1,-3,mmu04972,Pancreatic secretion - Mus musculus (house mouse),M1,1,0
1,-3.4,GO:1903367,positive regulation of fear response,M1,1,0
1,-5,GO:0031646,positive regulation of nervous system process,M1,1,0
1,-2.9,GO:0070307,lens fiber cell development,M1,1,0
1,-2.1,GO:0071805,potassium ion transmembrane transport,M1,1,0
1,-2.6,GO:1902904,negative regulation of supramolecular fiber organization,M1,1,0
1,-2,GO:0006893,Golgi to plasma membrane transport,M1,1,0
1,-2.3,mmu03272,Virion - Hepatitis viruses - Mus musculus (house mouse),M1,1,0
1,-2,GO:0006633,fatty acid biosynthetic process,M1,1,0
1,-4.8,GO:0007422,peripheral nervous system development,M1,1,0
1,-2.6,GO:0032434,regulation of proteasomal ubiquitin-dependent protein catabolic process,M1,1,0
1,-3.9,GO:0007626,locomotory behavior,M1,1,0
1,-2.3,GO:0032388,positive regulation of intracellular transport,M1,1,0
1,-2.4,GO:0003015,heart process,M1,1,0
1,-13,GO:0021782,glial cell development,M1,1,0
1,-2.7,GO:0021554,optic nerve development,M1,1,0
1,-2.2,GO:0061138,morphogenesis of a branching epithelium,M1,1,0
1,-2.2,GO:0051279,regulation of release of sequestered calcium ion into cytosol,M1,1,0
1,-2.7,R-MMU-111885,Opioid Signalling,M1,1,0
1,-2.7,R-MMU-9013026,RHOB GTPase cycle,M1,1,0
1,-3.2,GO:0141162,negative regulation of cAMP/PKA signal transduction,M1,1,0
1,-3.9,GO:1903530,regulation of secretion by cell,M1,1,0
1,-2.3,GO:0043279,response to alkaloid,M1,1,0
1,-2.7,GO:0046513,ceramide biosynthetic process,M1,1,0
1,-4.4,GO:0050890,cognition,M1,1,0
1,-2.1,GO:0030178,negative regulation of Wnt signaling pathway,M1,1,0
1,-2.1,GO:0048754,branching morphogenesis of an epithelial tube,M1,1,0
1,-2.3,R-MMU-8875878,MET promotes cell motility,M1,1,0
1,-3.2,GO:0009214,cyclic nucleotide catabolic process,M1,1,0
1,-15,GO:0008366,axon ensheathment,M1,1,0
1,-5.6,GO:0048812,neuron projection morphogenesis,M1,1,0
1,-2.8,GO:0014002,astrocyte development,M1,1,0
1,-2.2,GO:0006687,glycosphingolipid metabolic process,M1,1,0
1,-2.2,GO:0050965,detection of temperature stimulus involved in sensory perception of pain,M1,1,0
1,-2.1,R-MMU-418555,G alpha (s) signalling events,M1,1,0
1,-2.1,R-MMU-381676,Glucagon-like Peptide-1 (GLP1) regulates insulin secretion,M1,1,0
1,-2.5,GO:0060326,cell chemotaxis,M1,1,0
1,-4.4,GO:0030048,actin filament-based movement,M1,1,0
1,-2,R-MMU-8980692,RHOA GTPase cycle,M1,1,0
1,-2.4,GO:0032367,intracellular cholesterol transport,M1,1,0
1,-7.8,GO:0007267,cell-cell signaling,M1,1,0
1,-7.5,GO:0051960,regulation of nervous system development,M1,1,0
1,-2.2,GO:0021988,olfactory lobe development,M1,1,0
1,-2.3,GO:0009636,response to toxic substance,M1,1,0
1,-2.1,GO:0072657,protein localization to membrane,M1,1,0
1,-3.2,R-MMU-388396,GPCR downstream signalling,M1,1,0
1,-2.8,GO:0003013,circulatory system process,M1,1,0
1,-3.1,GO:0042176,regulation of protein catabolic process,M1,1,0
1,-2.1,GO:0050768,negative regulation of neurogenesis,M1,1,0
1,-4.3,GO:0055080,monoatomic cation homeostasis,M1,1,0
1,-6.5,GO:0120035,regulation of plasma membrane bounded cell projection organization,M1,1,0
1,-3.4,GO:1902903,regulation of supramolecular fiber organization,M1,1,0
1,-2,GO:0170062,nutrient storage,M1,1,0
1,-2.2,GO:0031295,T cell costimulation,M1,1,0
1,-3.1,GO:0042330,taxis,M1,1,0
1,-8.7,GO:0050767,regulation of neurogenesis,M1,1,0
1,-3.3,GO:0071871,response to epinephrine,M1,1,0
1,-2.4,GO:0032956,regulation of actin cytoskeleton organization,M1,1,0
1,-2.1,mmu04666,Fc gamma R-mediated phagocytosis - Mus musculus (house mouse),M1,1,0
1,-2.6,GO:0010882,regulation of cardiac muscle contraction by calcium ion signaling,M1,1,0
1,-7.6,GO:0061564,axon development,M1,1,0
1,-2,GO:0051961,negative regulation of nervous system development,M1,1,0
1,-2.2,R-MMU-500792,GPCR ligand binding,M1,1,0
1,-2.1,GO:1902115,regulation of organelle assembly,M1,1,0
1,-2.8,GO:0030072,peptide hormone secretion,M1,1,0
1,-2.4,GO:0110020,regulation of actomyosin structure organization,M1,1,0
1,-2.8,GO:0141161,regulation of cAMP/PKA signal transduction,M1,1,0
1,-3.3,GO:0010880,regulation of release of sequestered calcium ion into cytosol by sarcoplasmic reticulum,M1,1,0
1,-4.6,GO:0050801,monoatomic ion homeostasis,M1,1,0
1,-2.1,GO:0070306,lens fiber cell differentiation,M1,1,0
1,-2.5,GO:0008360,regulation of cell shape,M1,1,0
1,-4.3,GO:0030003,intracellular monoatomic cation homeostasis,M1,1,0
1,-3.4,GO:0030534,adult behavior,M1,1,0
1,-2.1,R-MMU-190861,Gap junction assembly,M1,1,0
1,-2.2,GO:1903050,regulation of proteolysis involved in protein catabolic process,M1,1,0
1,-2.1,R-MMU-9013407,RHOH GTPase cycle,M1,1,0
1,-2.2,R-MMU-422475,Axon guidance,M1,1,0
1,-2.6,GO:0001763,morphogenesis of a branching structure,M1,1,0
1,-3.3,GO:0040013,negative regulation of locomotion,M1,1,0
1,-2.8,GO:0043217,myelin maintenance,M1,1,0
1,-3.1,GO:0055082,intracellular chemical homeostasis,M1,1,0
1,-2.3,GO:0050803,regulation of synapse structure or activity,M1,1,0
1,-3.4,GO:0014044,Schwann cell development,M1,1,0
1,-4.6,GO:0007616,long-term memory,M1,1,0
1,-2.4,R-MMU-194315,Signaling by Rho GTPases,M1,1,0
1,-2.6,GO:0001878,response to yeast,M1,1,0
1,-2.1,GO:0048638,regulation of developmental growth,M1,1,0
1,-2.4,mmu05030,Cocaine addiction - Mus musculus (house mouse),M1,1,0
1,-2.4,mmu05100,Bacterial invasion of epithelial cells - Mus musculus (house mouse),M1,1,0
1,-5.9,GO:0048858,cell projection morphogenesis,M1,1,0
1,-3.5,GO:0051129,negative regulation of cellular component organization,M1,1,0
1,-2.8,GO:0006821,chloride transport,M1,1,0
1,-2.4,GO:0071276,cellular response to cadmium ion,M1,1,0
1,-2.2,GO:0098609,cell-cell adhesion,M1,1,0
1,-2.1,R-MMU-422356,Regulation of insulin secretion,M1,1,0
1,-2.7,GO:0061136,regulation of proteasomal protein catabolic process,M1,1,0
1,-3,GO:0006813,potassium ion transport,M1,1,0
1,-4.1,GO:0046476,glycosylceramide biosynthetic process,M1,1,0
1,-2.2,mmu04540,Gap junction - Mus musculus (house mouse),M1,1,0
1,-3,GO:0008015,blood circulation,M1,1,0
1,-2.9,mmu04810,Regulation of actin cytoskeleton - Mus musculus (house mouse),M1,1,0
1,-4.6,GO:0031641,regulation of myelination,M1,1,0
1,-2.1,GO:0010803,regulation of tumor necrosis factor-mediated signaling pathway,M1,1,0
1,-2.4,GO:0097435,supramolecular fiber organization,M1,1,0
1,-2.1,GO:0032787,monocarboxylic acid metabolic process,M1,1,0
1,-2.2,GO:0046887,positive regulation of hormone secretion,M1,1,0
1,-3.2,GO:0030336,negative regulation of cell migration,M1,1,0
1,-3.9,GO:0050770,regulation of axonogenesis,M1,1,0
1,-5.2,GO:0098916,anterograde trans-synaptic signaling,M1,1,0
1,-3,R-MMU-381426,Regulation of Insulin-like Growth Factor (IGF) transport and uptake by Insulin-like Growth Factor Binding Proteins (IGFBPs),M1,1,0
1,-10,GO:0014015,positive regulation of gliogenesis,M1,1,0
1,-2.7,GO:0098661,inorganic anion transmembrane transport,M1,1,0
1,-2.6,GO:0035239,tube morphogenesis,M1,1,0
1,-2.1,GO:0032098,regulation of appetite,M1,1,0
1,-2.3,GO:0042596,fear response,M1,1,0
1,-7.1,GO:0051962,positive regulation of nervous system development,M1,1,0
1,-2.2,GO:0007188,adenylate cyclase-modulating G protein-coupled receptor signaling pathway,M1,1,0
1,-4.1,GO:0022011,myelination in peripheral nervous system,M1,1,0
1,-2.8,GO:0048660,regulation of smooth muscle cell proliferation,M1,1,0
1,-2.6,GO:0007263,nitric oxide mediated signal transduction,M1,1,0
1,-5.9,GO:0010975,regulation of neuron projection development,M1,1,0
1,-4.1,GO:0032292,peripheral nervous system axon ensheathment,M1,1,0
1,-2.6,GO:0050708,regulation of protein secretion,M1,1,0
1,-2.2,R-MMU-2029482,Regulation of actin dynamics for phagocytic cup formation,M1,1,0
1,-3.5,GO:0035023,regulation of Rho protein signal transduction,M1,1,0
1,-2.3,GO:1901888,regulation of cell junction assembly,M1,1,0
1,-2.5,mmu04360,Axon guidance - Mus musculus (house mouse),M1,1,0
1,-2.2,GO:0002088,lens development in camera-type eye,M1,1,0
1,-2.4,GO:0032095,regulation of response to food,M1,1,0
1,-2.4,GO:0007218,neuropeptide signaling pathway,M1,1,0
1,-15,GO:0007272,ensheathment of neurons,M1,1,0
1,-3.2,GO:0035902,response to immobilization stress,M1,1,0
1,-2.2,R-MMU-9675108,Nervous system development,M1,1,0
1,-3.2,GO:0032970,regulation of actin filament-based process,M1,1,0
1,-2.1,GO:0032386,regulation of intracellular transport,M1,1,0
1,-2,GO:1903828,negative regulation of protein localization,M1,1,0
1,-2,GO:0030100,regulation of endocytosis,M1,1,0
1,-2.4,GO:1902041,regulation of extrinsic apoptotic signaling pathway via death domain receptors,M1,1,0
1,-3.4,GO:0043410,positive regulation of MAPK cascade,M1,1,0
1,-2.5,R-MMU-6811558,"PI5P, PP2A and IER3 Regulate PI3K/AKT Signaling",M1,1,0
1,-7.8,GO:0050769,positive regulation of neurogenesis,M1,1,0
1,-6.7,GO:0010720,positive regulation of cell development,M1,1,0
1,-3.7,GO:0030029,actin filament-based process,M1,1,0
1,-3,GO:0042749,regulation of circadian sleep/wake cycle,M1,1,0
1,-3.1,GO:0006688,glycosphingolipid biosynthetic process,M1,1,0
1,-2.7,mmu00260,"Glycine, serine and threonine metabolism - Mus musculus (house mouse)",M1,1,0
1,-2.5,R-MMU-6811442,Intra-Golgi and retrograde Golgi-to-ER traffic,M1,1,0
1,-3,GO:1902476,chloride transmembrane transport,M1,1,0
1,-4.3,mmu04024,cAMP signaling pathway - Mus musculus (house mouse),M1,1,0
1,-2.2,GO:0032366,intracellular sterol transport,M1,1,0
1,-4.2,GO:0006873,intracellular monoatomic ion homeostasis,M1,1,0
1,-3.2,GO:0045596,negative regulation of cell differentiation,M1,1,0
1,-2.5,GO:0048588,developmental cell growth,M1,1,0
1,-2.2,R-MMU-76002,"Platelet activation, signaling and aggregation",M1,1,0
1,-2.6,GO:0051248,negative regulation of protein metabolic process,M1,1,0
1,-2.1,GO:0022038,corpus callosum development,M1,1,0
1,-3.2,GO:0014037,Schwann cell differentiation,M1,1,0
1,-3.4,WP5298,Dravet syndrome Scn1a A1783V point mutation model,M1,1,0
1,-6.5,GO:0048714,positive regulation of oligodendrocyte differentiation,M1,1,0
1,-2.8,GO:0009914,hormone transport,M1,1,0
1,-2.3,GO:0016049,cell growth,M1,1,0
1,-2,GO:0019226,transmission of nerve impulse,M1,1,0
1,-2.2,GO:0055010,ventricular cardiac muscle tissue morphogenesis,M1,1,0
1,-2.3,GO:0030001,metal ion transport,M1,1,0
