_MEMBER_Gene,_LogP_Gene,GO,Description,_PATTERN_,_RANK_,CHILD_GO_Gene
1,-14.517832852204736,GO:0032502,developmental process,M1,1,GO:0008366 axon ensheathment
1,-7.755610354124226,GO:0050789,regulation of biological process,M1,1,GO:0007267 cell-cell signaling
1,-5.024521928872903,GO:0048518,positive regulation of biological process,M1,1,GO:0031646 positive regulation of nervous system process
1,-4.616811807283609,GO:0042592,homeostatic process,M1,1,GO:0050801 monoatomic ion homeostasis
1,-4.600543943040115,GO:0032501,multicellular organismal process,M1,1,GO:0007616 long-term memory
1,-4.4161727729691505,GO:0009987,cellular process,M1,1,GO:0030048 actin filament-based movement
1,-4.298076776292265,GO:0044419,biological process involved in interspecies interaction between organisms,M1,1,GO:0019732 antifungal humoral response
1,-4.081597542291502,GO:0048519,negative regulation of biological process,M1,1,GO:0048715 negative regulation of oligodendrocyte differentiation
1,-3.903149426099133,GO:0051179,localization,M1,1,GO:0051222 positive regulation of protein transport
1,-3.7336605497594433,GO:0050896,response to stimulus,M1,1,GO:0010038 response to metal ion
1,-3.291492926206369,GO:0040011,locomotion,M1,1,GO:0040013 negative regulation of locomotion
1,-3.255026876151501,GO:0040007,growth,M1,1,GO:0060560 developmental growth involved in morphogenesis
1,-3.1843491268531157,GO:0048511,rhythmic process,M1,1,"GO:0045187 regulation of circadian sleep/wake cycle, sleep"
1,-2.292547811118861,GO:0065007,biological regulation,M1,1,GO:0050803 regulation of synapse structure or activity
1,-2.173974107965725,GO:0002376,immune system process,M1,1,GO:0031295 T cell costimulation
