Network,Annotation
Gene,GO:0007267|cell-cell signaling|-12.1;GO:0042063|gliogenesis|-11.3;GO:0010001|glial cell differentiation|-10.9
Gene_MCODE_ALL,R-MMU-388396|GPCR downstream signalling|-8.5;R-MMU-372790|Signaling by GPCR|-8.3;R-MMU-418594|G alpha (i) signalling events|-8.0
Gene_SUB1_MCODE_1,GO:0010038|response to metal ion|-5.1;GO:0019722|calcium-mediated signaling|-4.5;GO:0071407|cellular response to organic cyclic compound|-4.4
Gene_SUB1_MCODE_2,R-MMU-375276|Peptide ligand-binding receptors|-10.3;R-MMU-418594|G alpha (i) signalling events|-9.5;R-MMU-373076|Class A/1 (Rhodopsin-like receptors)|-9.2
Gene_SUB1_MCODE_3,WP232|G protein signaling pathways|-9.5;mmu05163|Human cytomegalovirus infection - Mus musculus (house mouse)|-7.7;R-MMU-422356|Regulation of insulin secretion|-7.1
Gene_SUB3_MCODE_4,WP523|Regulation of actin cytoskeleton|-6.4;mmu04810|Regulation of actin cytoskeleton - Mus musculus (house mouse)|-5.9;GO:1902115|regulation of organelle assembly|-5.8
Gene_SUB4_MCODE_5,R-MMU-5389840|Mitochondrial translation elongation|-7.2;R-MMU-5419276|Mitochondrial translation termination|-7.2;R-MMU-5368287|Mitochondrial translation|-7.2
