Cluster,Score,Type,Gene,Symbol,Network
2,2.0,Clustered,20604,Sst,Gene_SUB1
2,2.0,Clustered,14763,Gpr37,Gene_SUB1
2,2.0,Clustered,12854,Cort,Gene_SUB1
2,2.0,Clustered,18619,Penk,Gene_SUB1
2,2.0,Seed,109648,Npy,Gene_SUB1
3,1.5,Clustered,14683,Gnas,Gene_SUB1
3,1.5,Clustered,14678,Gnai2,Gene_SUB1
3,1.5,Clustered,66066,Gng11,Gene_SUB1
3,1.5,Seed,14673,Gna12,Gene_SUB1
1,1.25,Clustered,13435,Dnmt3a,Gene_SUB1
1,1.25,Clustered,22153,Tubb4a,Gene_SUB1
1,1.25,Clustered,14226,Fkbp1b,Gene_SUB1
1,1.25,Clustered,12567,Cdk4,Gene_SUB1
1,1.25,Seed,20191,Ryr2,Gene_SUB1
1,1.25,Clustered,19055,Ppp3ca,Gene_SUB1
1,1.25,Clustered,93760,Arid1a,Gene_SUB1
1,1.25,Clustered,19293,Pvalb,Gene_SUB1
4,1.0,Clustered,227753,Gsn,Gene_SUB3
4,1.0,Seed,117150,Pip4k2c,Gene_SUB3
4,1.0,Clustered,18718,Pip4k2a,Gene_SUB3
5,1.0,Clustered,68499,Mrpl53,Gene_SUB4
5,1.0,Clustered,14548,Mrps33,Gene_SUB4
5,1.0,Seed,107732,Mrpl10,Gene_SUB4
