Network,Annotation
gene,GO:0099537|trans-synaptic signaling|-7.7;GO:0099536|synaptic signaling|-7.6;GO:0007267|cell-cell signaling|-7.3
gene_MCODE_ALL,R-MMU-418594|G alpha (i) signalling events|-6.0;mmu04926|Relaxin signaling pathway - Mus musculus (house mouse)|-5.2;R-MMU-500792|GPCR ligand binding|-5.0
gene_SUB1_MCODE_1,GO:0042254|ribosome biogenesis|-7.5;GO:0022613|ribonucleoprotein complex biogenesis|-6.7;GO:0006364|rRNA processing|-6.2
gene_SUB1_MCODE_2,WP232|G protein signaling pathways|-7.7;mmu05032|Morphine addiction - Mus musculus (house mouse)|-7.6;mmu04713|Circadian entrainment - Mus musculus (house mouse)|-7.5
gene_SUB1_MCODE_3,R-MMU-375276|Peptide ligand-binding receptors|-10.3;R-MMU-418594|G alpha (i) signalling events|-9.5;R-MMU-373076|Class A/1 (Rhodopsin-like receptors)|-9.2
gene_SUB1_MCODE_4,mmu00480|Glutathione metabolism - Mus musculus (house mouse)|-6.8;WP4466|Oxidative stress and redox pathway|-6.5
gene_SUB1_MCODE_5,GO:0010717|regulation of epithelial to mesenchymal transition|-6.3;GO:0071560|cellular response to transforming growth factor beta stimulus|-5.7;GO:0071559|response to transforming growth factor beta|-5.7
gene_SUB2_MCODE_6,"R-MMU-77289|Mitochondrial Fatty Acid Beta-Oxidation|-7.7;mmu00280|Valine, leucine and isoleucine degradation - Mus musculus (house mouse)|-7.1;GO:0032787|monocarboxylic acid metabolic process|-6.2"
gene_SUB1_MCODE_8,GO:0006936|muscle contraction|-6.0;mmu04820|Cytoskeleton in muscle cells - Mus musculus (house mouse)|-5.9;GO:0003012|muscle system process|-5.7
