Cluster,Score,Type,Gene,Symbol,Network
3,2.0,Clustered,20604,Sst,gene_SUB1
3,2.0,Clustered,14763,Gpr37,gene_SUB1
3,2.0,Clustered,12266,C3,gene_SUB1
3,2.0,Clustered,18619,Penk,gene_SUB1
3,2.0,Seed,109648,Npy,gene_SUB1
1,1.75,Clustered,16418,Eif6,gene_SUB1
1,1.75,Clustered,118451,Mrps2,gene_SUB1
1,1.75,Seed,234388,Ccdc124,gene_SUB1
1,1.75,Clustered,67040,Ddx17,gene_SUB1
1,1.75,Clustered,14113,Fbl,gene_SUB1
1,1.75,Clustered,237730,Fbll1,gene_SUB1
1,1.75,Clustered,16494,Kcna6,gene_SUB1
1,1.75,Clustered,16492,Kcna4,gene_SUB1
2,1.625,Clustered,14683,Gnas,gene_SUB1
2,1.625,Clustered,14701,Gng12,gene_SUB1
2,1.625,Clustered,14681,Gnao1,gene_SUB1
2,1.625,Clustered,17957,Napb,gene_SUB1
2,1.625,Clustered,20614,Snap25,gene_SUB1
2,1.625,Seed,53331,Stx7,gene_SUB1
2,1.625,Clustered,11515,Adcy9,gene_SUB1
2,1.625,Clustered,22319,Vamp3,gene_SUB1
4,1.25,Clustered,11758,Prdx6,gene_SUB1
4,1.25,Seed,12304,Pdia4,gene_SUB1
4,1.25,Clustered,14859,Gsta3,gene_SUB1
4,1.25,Clustered,14854,Gss,gene_SUB1
5,1.25,Clustered,17128,Smad4,gene_SUB1
5,1.25,Clustered,17131,Smad7,gene_SUB1
5,1.25,Seed,12842,Col1a1,gene_SUB1
5,1.25,Clustered,170791,Rbm39,gene_SUB1
7,1.0,Clustered,22230,Ufd1,gene_SUB1
7,1.0,Clustered,28018,Ubfd1,gene_SUB1
7,1.0,Clustered,12017,Bag1,gene_SUB1
8,1.0,Clustered,50876,Tmod2,gene_SUB1
8,1.0,Clustered,17896,Myl4,gene_SUB1
8,1.0,Seed,17883,Myh3,gene_SUB1
9,1.0,Seed,68519,Eml1,gene_SUB1
9,1.0,Clustered,245866,Ift52,gene_SUB1
9,1.0,Clustered,74019,Traf3ip1,gene_SUB1
6,1.0,Clustered,231086,Hadhb,gene_SUB2
6,1.0,Clustered,17850,Mmut,gene_SUB2
6,1.0,Clustered,235339,Dlat,gene_SUB2
6,1.0,Seed,11364,Acadm,gene_SUB2
