_MEMBER_Gene,_LogP_Gene,GO,_PATTERN_,_RANK_,GiniIndex,Category,CategoryID,Description,PARENT_GO,LogP,Enrichment,Z-score,#TotalGeneInLibrary,#GeneInGO,#GeneInHitList,#GeneInGOAndHitList,%InGO,STDV %InGO,GeneID,Hits,Log(q-value),EvidenceCutoff
1,-12,PGB:00034,M1,1,0,PaGenBase,36,Tissue-specific: spinal cord,,-12,27,16,21160,27,285,10,3.5,1.1,14580|17136|17433|17441|22239|76960|77767|217893|320111|320587,Gfap|Mag|Mobp|Mog|Ugt8a|Bcas1|Ermn|Pacs2|Prr18|Tmem88b,-9,0
1,-5.9,PGB:00010,M1,1,0,PaGenBase,36,Tissue-specific: brain,,-5.9,2.9,5.9,21160,661,285,26,9.1,1.7,12424|14394|14417|14758|16572|17136|17433|17441|17957|19055|20604|20713|21333|22771|50914|56177|66259|67272|72927|74189|75141|76161|76982|77767|140919|235180,Cck|Gabra1|Gad2|Gpm6b|Kif5a|Mag|Mobp|Mog|Napb|Ppp3ca|Sst|Serpini1|Tac1|Zic1|Olig1|Olfm1|Camk2n1|Cmtm5|Hepacam|Phactr3|Rasd2|Lamp5|Vxn|Ermn|Slc17a6|Fez1,-3.3,0
1,-5.3,PGB:00269,M1,1,0,PaGenBase,36,Cell-specific: retinal pigment epithelium,,-5.3,3.5,5.7,21160,386,285,18,6.3,1.4,13170|14183|15165|17957|20665|21333|21828|21859|22041|23831|27276|54403|66278|71960|77630|77767|235415|245049,Dbp|Fgfr2|Hcn1|Napb|Sox10|Tac1|Thbs4|Timp3|Trf|Car14|Plekhb1|Slc4a4|Smim20|Myh14|Prdm8|Ermn|Cplx3|Myrip,-2.9,0
1,-4,PGB:00229,M1,1,0,PaGenBase,36,Tissue-specific: dorsal striatum,,-4,16,7.5,21160,19,285,4,1.4,0.7,16492|19049|75141|108655,Kcna4|Ppp1r1b|Rasd2|Foxp1,-1.7,0
1,-2.2,PGB:00258,M1,1,0,PaGenBase,36,Cell-specific: medial olfactory epithelium,,-2.2,2.1,3,21160,532,285,15,5.3,1.3,11815|12971|14758|18417|20361|22092|27220|27276|50914|56177|56615|77125|77767|140919|214895,Apod|Crym|Gpm6b|Cldn11|Sema7a|Rsph1|Cartpt|Plekhb1|Olig1|Olfm1|Mgst1|Il33|Ermn|Slc17a6|Lman2l,-0.16,0
