Category,CategoryID,GO,Description,PARENT_GO,LogP,Enrichment,Z-score,#TotalGeneInLibrary,#GeneInGO,#GeneInHitList,#GeneInGOAndHitList,%InGO,STDV %InGO,GeneID,Hits,Log(q-value),GeneList
GO Biological Processes,19,GO:0021782,glial cell development,19_GO:0032502 developmental process,-12,9.3,12,21160,147,278,18,6.5,1.5,13488|14758|16409|17136|17153|17433|17988|20201|20202|20665|21367|24136|50914|64383|72948|74761|236539|338521,Drd1|Gpm6b|Itgam|Mag|Mal|Mobp|Ndrg1|S100a8|S100a9|Sox10|Cntn2|Zeb2|Olig1|Sirt2|Tppp|Mxra8|Phgdh|Fa2h,-7.8,gene
GO Biological Processes,19,GO:0042063,gliogenesis,19_GO:0032502 developmental process,-10,5.4,9.3,21160,322,278,23,8.3,1.7,12799|13488|14758|16409|17136|17153|17433|17988|18619|19317|20201|20202|20665|21367|24136|50914|64383|70839|72948|74761|77125|236539|338521,Cnp|Drd1|Gpm6b|Itgam|Mag|Mal|Mobp|Ndrg1|Penk|Qki|S100a8|S100a9|Sox10|Cntn2|Zeb2|Olig1|Sirt2|P2ry12|Tppp|Mxra8|Il33|Phgdh|Fa2h,-6.3,gene
GO Biological Processes,19,GO:0010001,glial cell differentiation,19_GO:0032502 developmental process,-9.6,5.9,9.1,21160,258,278,20,7.2,1.5,12799|13488|14758|16409|17136|17153|17433|17988|19317|20201|20202|20665|21367|24136|50914|64383|72948|74761|236539|338521,Cnp|Drd1|Gpm6b|Itgam|Mag|Mal|Mobp|Ndrg1|Qki|S100a8|S100a9|Sox10|Cntn2|Zeb2|Olig1|Sirt2|Tppp|Mxra8|Phgdh|Fa2h,-5.8,gene
GO Biological Processes,19,GO:0007272,ensheathment of neurons,19_GO:0032502 developmental process,-7.6,6.7,8.3,21160,159,278,14,5,1.3,14758|17136|17153|17433|17988|18417|19317|20665|21367|64383|67801|72948|76960|338521,Gpm6b|Mag|Mal|Mobp|Ndrg1|Cldn11|Qki|Sox10|Cntn2|Sirt2|Pllp|Tppp|Bcas1|Fa2h,-4,gene
GO Biological Processes,19,GO:0008366,axon ensheathment,19_GO:0032502 developmental process,-7.6,6.7,8.3,21160,159,278,14,5,1.3,14758|17136|17153|17433|17988|18417|19317|20665|21367|64383|67801|72948|76960|338521,Gpm6b|Mag|Mal|Mobp|Ndrg1|Cldn11|Qki|Sox10|Cntn2|Sirt2|Pllp|Tppp|Bcas1|Fa2h,-4,gene
GO Biological Processes,19,GO:0014003,oligodendrocyte development,19_GO:0032502 developmental process,-7.2,12,9.5,21160,58,278,9,3.2,1.1,14758|17136|17153|17433|20665|21367|50914|72948|338521,Gpm6b|Mag|Mal|Mobp|Sox10|Cntn2|Olig1|Tppp|Fa2h,-3.8,gene
GO Biological Processes,19,GO:0061564,axon development,19_GO:0032502 developmental process,-7.2,3.8,6.9,21160,466,278,23,8.3,1.7,11658|11815|12305|12424|12799|13643|14758|16765|16885|17128|17136|17260|20614|21367|24136|29869|50914|71436|106042|108655|243743|270190|381979,Alcam|Apod|Ddr1|Cck|Cnp|Efnb3|Gpm6b|Stmn1|Limk1|Smad4|Mag|Mef2c|Snap25|Cntn2|Zeb2|Ulk2|Olig1|Flrt3|Prickle1|Foxp1|Plxna4|Ephb1|Brsk1,-3.8,gene
GO Biological Processes,19,GO:0042552,myelination,19_GO:0032502 developmental process,-6.8,6.3,7.7,21160,156,278,13,4.7,1.3,14758|17136|17153|17433|17988|19317|20665|21367|64383|67801|72948|76960|338521,Gpm6b|Mag|Mal|Mobp|Ndrg1|Qki|Sox10|Cntn2|Sirt2|Pllp|Tppp|Bcas1|Fa2h,-3.5,gene
GO Biological Processes,19,GO:0022010,central nervous system myelination,19_GO:0032502 developmental process,-6.6,16,9.9,21160,34,278,7,2.5,0.94,14758|17136|17153|17433|20665|21367|338521,Gpm6b|Mag|Mal|Mobp|Sox10|Cntn2|Fa2h,-3.3,gene
GO Biological Processes,19,GO:0032291,axon ensheathment in central nervous system,19_GO:0032502 developmental process,-6.6,16,9.9,21160,34,278,7,2.5,0.94,14758|17136|17153|17433|20665|21367|338521,Gpm6b|Mag|Mal|Mobp|Sox10|Cntn2|Fa2h,-3.3,gene
GO Biological Processes,19,GO:0007267,cell-cell signaling,19_GO:0050789 regulation of biological process,-6.5,3,6.2,21160,719,278,28,10,1.8,12424|12490|13488|13643|13655|14394|17260|17957|18619|19055|19293|20191|20201|20202|20496|20614|21333|27220|50876|72961|74998|75141|78896|108800|109648|114679|223254|381979,Cck|Cd34|Drd1|Efnb3|Egr3|Gabra1|Mef2c|Napb|Penk|Ppp3ca|Pvalb|Ryr2|S100a8|S100a9|Slc12a2|Snap25|Tac1|Cartpt|Tmod2|Slc17a7|Rab11fip2|Rasd2|Ecrg4|Ston2|Npy|Selenom|Farp1|Brsk1,-3.3,gene
GO Biological Processes,19,GO:0048709,oligodendrocyte differentiation,19_GO:0032502 developmental process,-5.9,7.2,7.4,21160,105,278,10,3.6,1.1,12799|14758|17136|17153|17433|20665|21367|50914|72948|338521,Cnp|Gpm6b|Mag|Mal|Mobp|Sox10|Cntn2|Olig1|Tppp|Fa2h,-2.7,gene
GO Biological Processes,19,GO:0048812,neuron projection morphogenesis,19_GO:0032502 developmental process,-5.8,3.1,5.9,21160,559,278,23,8.3,1.7,11658|12305|12424|12799|13643|16765|16885|17128|17260|19055|20614|21367|24136|29869|71436|78829|99982|106042|108655|223254|243743|270190|381979,Alcam|Ddr1|Cck|Cnp|Efnb3|Stmn1|Limk1|Smad4|Mef2c|Ppp3ca|Snap25|Cntn2|Zeb2|Ulk2|Flrt3|Tsc22d4|Kdm1a|Prickle1|Foxp1|Farp1|Plxna4|Ephb1|Brsk1,-2.7,gene
GO Biological Processes,19,GO:0099537,trans-synaptic signaling,19_GO:0050789 regulation of biological process,-5.7,3.6,6.1,21160,403,278,19,6.8,1.5,13488|13643|13655|14394|17260|17957|18619|19055|19293|20614|21333|27220|50876|72961|75141|108800|109648|223254|381979,Drd1|Efnb3|Egr3|Gabra1|Mef2c|Napb|Penk|Ppp3ca|Pvalb|Snap25|Tac1|Cartpt|Tmod2|Slc17a7|Rasd2|Ston2|Npy|Farp1|Brsk1,-2.7,gene
GO Biological Processes,19,GO:0120039,plasma membrane bounded cell projection morphogenesis,19_GO:0032502 developmental process,-5.7,3.1,5.8,21160,565,278,23,8.3,1.7,11658|12305|12424|12799|13643|16765|16885|17128|17260|19055|20614|21367|24136|29869|71436|78829|99982|106042|108655|223254|243743|270190|381979,Alcam|Ddr1|Cck|Cnp|Efnb3|Stmn1|Limk1|Smad4|Mef2c|Ppp3ca|Snap25|Cntn2|Zeb2|Ulk2|Flrt3|Tsc22d4|Kdm1a|Prickle1|Foxp1|Farp1|Plxna4|Ephb1|Brsk1,-2.7,gene
GO Biological Processes,19,GO:0048858,cell projection morphogenesis,19_GO:0032502 developmental process,-5.6,3,5.7,21160,575,278,23,8.3,1.7,11658|12305|12424|12799|13643|16765|16885|17128|17260|19055|20614|21367|24136|29869|71436|78829|99982|106042|108655|223254|243743|270190|381979,Alcam|Ddr1|Cck|Cnp|Efnb3|Stmn1|Limk1|Smad4|Mef2c|Ppp3ca|Snap25|Cntn2|Zeb2|Ulk2|Flrt3|Tsc22d4|Kdm1a|Prickle1|Foxp1|Farp1|Plxna4|Ephb1|Brsk1,-2.6,gene
GO Biological Processes,19,GO:0099536,synaptic signaling,19_GO:0050789 regulation of biological process,-5.5,3.3,5.8,21160,461,278,20,7.2,1.5,12424|13488|13643|13655|14394|17260|17957|18619|19055|19293|20614|21333|27220|50876|72961|75141|108800|109648|223254|381979,Cck|Drd1|Efnb3|Egr3|Gabra1|Mef2c|Napb|Penk|Ppp3ca|Pvalb|Snap25|Tac1|Cartpt|Tmod2|Slc17a7|Rasd2|Ston2|Npy|Farp1|Brsk1,-2.4,gene
GO Biological Processes,19,GO:0051046,regulation of secretion,19_GO:0051179 localization,-5.2,2.6,5.2,21160,796,278,27,9.7,1.8,11307|11816|12424|14299|14681|14683|16409|17128|17260|18951|19055|20201|20202|20496|20614|21333|21937|22319|27220|58869|67760|70839|76338|78896|109648|229877|230908,Abcg1|Apoe|Cck|Ncs1|Gnao1|Gnas|Itgam|Smad4|Mef2c|Septin5|Ppp3ca|S100a8|S100a9|Slc12a2|Snap25|Tac1|Tnfrsf1a|Vamp3|Cartpt|Pex5l|Slc38a2|P2ry12|Rab2b|Ecrg4|Npy|Rap1gds1|Tardbp,-2.2,gene
GO Biological Processes,19,GO:0031344,regulation of cell projection organization,19_GO:0050789 regulation of biological process,-5.1,2.6,5.2,21160,798,278,27,9.7,1.8,11816|12305|12396|13544|13643|14299|16852|16885|17136|19055|19144|19317|20202|20614|20713|21367|24136|29869|70839|72722|74256|77767|99982|107035|239667|320563|381979,Apoe|Ddr1|Cbfa2t2|Dvl3|Efnb3|Ncs1|Lgals1|Limk1|Mag|Ppp3ca|Klk6|Qki|S100a9|Snap25|Serpini1|Cntn2|Zeb2|Ulk2|P2ry12|Fam98a|Cyld|Ermn|Kdm1a|Fbxo38|Dip2b|Islr2|Brsk1,-2.2,gene
GO Biological Processes,19,GO:0007409,axonogenesis,19_GO:0032502 developmental process,-5.1,3.4,5.6,21160,405,278,18,6.5,1.5,11658|12424|12799|13643|16765|16885|17128|17260|20614|21367|24136|29869|71436|106042|108655|243743|270190|381979,Alcam|Cck|Cnp|Efnb3|Stmn1|Limk1|Smad4|Mef2c|Snap25|Cntn2|Zeb2|Ulk2|Flrt3|Prickle1|Foxp1|Plxna4|Ephb1|Brsk1,-2.2,gene
GO Biological Processes,19,GO:0031646,positive regulation of nervous system process,19_GO:0048518 positive regulation of biological process,-5.1,9.5,7.4,21160,56,278,7,2.5,0.94,17136|19317|20665|21333|22041|27220|72948,Mag|Qki|Sox10|Tac1|Trf|Cartpt|Tppp,-2.2,gene
GO Biological Processes,19,GO:1903530,regulation of secretion by cell,19_GO:0051179 localization,-5.1,2.7,5.2,21160,711,278,25,9,1.7,11307|11816|12424|14299|14681|14683|16409|17128|17260|18951|19055|20496|20614|21333|21937|22319|27220|58869|67760|70839|76338|78896|109648|229877|230908,Abcg1|Apoe|Cck|Ncs1|Gnao1|Gnas|Itgam|Smad4|Mef2c|Septin5|Ppp3ca|Slc12a2|Snap25|Tac1|Tnfrsf1a|Vamp3|Cartpt|Pex5l|Slc38a2|P2ry12|Rab2b|Ecrg4|Npy|Rap1gds1|Tardbp,-2.2,gene
GO Biological Processes,19,GO:0061771,response to caloric restriction,19_GO:0050896 response to stimulus,-5.1,57,13,21160,4,278,3,1.1,0.62,11816|14417|64383,Apoe|Gad2|Sirt2,-2.2,gene
GO Biological Processes,19,GO:0010975,regulation of neuron projection development,19_GO:0032502 developmental process,-5.1,2.9,5.3,21160,578,278,22,7.9,1.6,11816|12305|12396|13643|14299|16852|16885|17136|19055|19144|19317|20202|20614|20713|21367|24136|29869|99982|107035|239667|320563|381979,Apoe|Ddr1|Cbfa2t2|Efnb3|Ncs1|Lgals1|Limk1|Mag|Ppp3ca|Klk6|Qki|S100a9|Snap25|Serpini1|Cntn2|Zeb2|Ulk2|Kdm1a|Fbxo38|Dip2b|Islr2|Brsk1,-2.2,gene
GO Biological Processes,19,GO:0098916,anterograde trans-synaptic signaling,19_GO:0050789 regulation of biological process,-4.9,3.4,5.5,21160,379,278,17,6.1,1.4,13488|13655|14394|17260|17957|18619|19055|19293|20614|21333|27220|50876|72961|75141|108800|109648|381979,Drd1|Egr3|Gabra1|Mef2c|Napb|Penk|Ppp3ca|Pvalb|Snap25|Tac1|Cartpt|Tmod2|Slc17a7|Rasd2|Ston2|Npy|Brsk1,-2.1,gene
GO Biological Processes,19,GO:0007268,chemical synaptic transmission,19_GO:0050789 regulation of biological process,-4.9,3.4,5.5,21160,379,278,17,6.1,1.4,13488|13655|14394|17260|17957|18619|19055|19293|20614|21333|27220|50876|72961|75141|108800|109648|381979,Drd1|Egr3|Gabra1|Mef2c|Napb|Penk|Ppp3ca|Pvalb|Snap25|Tac1|Cartpt|Tmod2|Slc17a7|Rasd2|Ston2|Npy|Brsk1,-2.1,gene
GO Biological Processes,19,GO:0019725,cellular homeostasis,19_GO:0042592 homeostatic process,-4.9,2.6,5.1,21160,732,278,25,9,1.7,11758|11816|12842|14299|14325|14775|17128|17748|17750|19055|20191|20496|20530|22041|22627|27220|52637|69029|72961|74998|78829|109648|217893|229877|387285,Prdx6|Apoe|Col1a1|Ncs1|Ftl1|Gpx1|Smad4|Mt1|Mt2|Ppp3ca|Ryr2|Slc12a2|Slc31a2|Trf|Ywhae|Cartpt|Cisd1|Smdt1|Slc17a7|Rab11fip2|Tsc22d4|Npy|Pacs2|Rap1gds1|Hcrtr2,-2,gene
GO Biological Processes,19,GO:0043254,regulation of protein-containing complex assembly,19_GO:0050789 regulation of biological process,-4.8,3.1,5.3,21160,466,278,19,6.8,1.5,11816|12424|12955|16765|17957|18613|22153|22351|50523|50876|64383|67089|70839|72948|74019|106759|227753|381979|666048,Apoe|Cck|Cryab|Stmn1|Napb|Pecam1|Tubb4a|Vill|Lats2|Tmod2|Sirt2|Psmc6|P2ry12|Tppp|Traf3ip1|Ticam1|Gsn|Brsk1|Trabd2b,-2,gene
GO Biological Processes,19,GO:0048667,cell morphogenesis involved in neuron differentiation,19_GO:0032502 developmental process,-4.8,3,5.2,21160,509,278,20,7.2,1.5,11658|12424|12799|13643|16765|16885|17128|17260|19055|20614|21367|24136|29869|71436|106042|108655|223254|243743|270190|381979,Alcam|Cck|Cnp|Efnb3|Stmn1|Limk1|Smad4|Mef2c|Ppp3ca|Snap25|Cntn2|Zeb2|Ulk2|Flrt3|Prickle1|Foxp1|Farp1|Plxna4|Ephb1|Brsk1,-2,gene
GO Biological Processes,19,GO:0055082,intracellular chemical homeostasis,19_GO:0042592 homeostatic process,-4.6,2.7,5,21160,619,278,22,7.9,1.6,11816|12842|14299|14325|14775|17128|17748|17750|19055|20191|20496|20530|22041|22627|27220|52637|69029|74998|109648|217893|229877|387285,Apoe|Col1a1|Ncs1|Ftl1|Gpx1|Smad4|Mt1|Mt2|Ppp3ca|Ryr2|Slc12a2|Slc31a2|Trf|Ywhae|Cartpt|Cisd1|Smdt1|Rab11fip2|Npy|Pacs2|Rap1gds1|Hcrtr2,-1.8,gene
GO Biological Processes,19,GO:0044057,regulation of system process,19_GO:0032501 multicellular organismal process,-4.6,2.6,4.9,21160,666,278,23,8.3,1.7,11816|13488|14681|14683|16480|17128|17131|17136|17260|17896|19055|19317|20191|20665|21333|21937|22041|27220|58869|72948|78896|108655|227753,Apoe|Drd1|Gnao1|Gnas|Jup|Smad4|Smad7|Mag|Mef2c|Myl4|Ppp3ca|Qki|Ryr2|Sox10|Tac1|Tnfrsf1a|Trf|Cartpt|Pex5l|Tppp|Ecrg4|Foxp1|Gsn,-1.8,gene
GO Biological Processes,19,GO:2000822,regulation of behavioral fear response,19_GO:0032501 multicellular organismal process,-4.6,22,9,21160,14,278,4,1.4,0.71,11816|12424|17260|18619,Apoe|Cck|Mef2c|Penk,-1.8,gene
GO Biological Processes,19,GO:0061061,muscle structure development,19_GO:0032502 developmental process,-4.5,2.8,5,21160,579,278,21,7.6,1.6,11364|12266|12520|12955|13007|14775|16852|17128|17131|17260|19055|19317|20191|50876|67040|99982|103806|106042|108655|241226|286940,Acadm|C3|Cd81|Cryab|Csrp1|Gpx1|Lgals1|Smad4|Smad7|Mef2c|Ppp3ca|Qki|Ryr2|Tmod2|Ddx17|Kdm1a|Maml1|Prickle1|Foxp1|Itga8|Flnb,-1.8,gene
GO Biological Processes,19,GO:0051047,positive regulation of secretion,19_GO:0051179 localization,-4.5,3,5,21160,452,278,18,6.5,1.5,11307|12424|14299|14683|16409|17128|18951|19055|20201|20202|20496|20614|21333|27220|58869|76338|78896|230908,Abcg1|Cck|Ncs1|Gnas|Itgam|Smad4|Septin5|Ppp3ca|S100a8|S100a9|Slc12a2|Snap25|Tac1|Cartpt|Pex5l|Rab2b|Ecrg4|Tardbp,-1.8,gene
WikiPathways,27,WP2910,Mecp2 and associated Rett syndrome,,-4.5,9.7,6.9,21160,47,278,6,2.2,0.87,12799|13007|17136|17260|20604|22608,Cnp|Csrp1|Mag|Mef2c|Sst|Ybx1,-1.8,gene
GO Biological Processes,19,GO:0031643,positive regulation of myelination,19_GO:0032502 developmental process,-4.5,13,7.5,21160,29,278,5,1.8,0.8,17136|19317|20665|22041|72948,Mag|Qki|Sox10|Trf|Tppp,-1.8,gene
GO Biological Processes,19,GO:1903365,regulation of fear response,19_GO:0032501 multicellular organismal process,-4.4,20,8.6,21160,15,278,4,1.4,0.71,11816|12424|17260|18619,Apoe|Cck|Mef2c|Penk,-1.8,gene
GO Biological Processes,19,GO:0120035,regulation of plasma membrane bounded cell projection organization,19_GO:0050789 regulation of biological process,-4.4,2.4,4.7,21160,782,278,25,9,1.7,11816|12305|12396|13643|14299|16852|16885|17136|19055|19144|19317|20202|20614|20713|21367|24136|29869|70839|72722|74256|99982|107035|239667|320563|381979,Apoe|Ddr1|Cbfa2t2|Efnb3|Ncs1|Lgals1|Limk1|Mag|Ppp3ca|Klk6|Qki|S100a9|Snap25|Serpini1|Cntn2|Zeb2|Ulk2|P2ry12|Fam98a|Cyld|Kdm1a|Fbxo38|Dip2b|Islr2|Brsk1,-1.7,gene
GO Biological Processes,19,GO:1990138,neuron projection extension,19_GO:0040007 growth,-4.4,6.3,6,21160,97,278,8,2.9,1,11658|12305|16885|29869|71436|78829|99982|106042,Alcam|Ddr1|Limk1|Ulk2|Flrt3|Tsc22d4|Kdm1a|Prickle1,-1.7,gene
Reactome Gene Sets,6,R-MMU-2995383,Initiation of Nuclear Envelope (NE) Reformation,,-4.3,19,8.3,21160,16,278,4,1.4,0.71,64383|98386|170791|268697,Sirt2|Lbr|Rbm39|Ccnb1,-1.7,gene
GO Biological Processes,19,GO:0098771,inorganic ion homeostasis,19_GO:0042592 homeostatic process,-4.3,2.9,4.9,21160,465,278,18,6.5,1.5,11816|14299|14325|17128|17748|17750|20191|20496|20530|22041|22627|52637|69029|72961|109648|217893|229877|387285,Apoe|Ncs1|Ftl1|Smad4|Mt1|Mt2|Ryr2|Slc12a2|Slc31a2|Trf|Ywhae|Cisd1|Smdt1|Slc17a7|Npy|Pacs2|Rap1gds1|Hcrtr2,-1.7,gene
GO Biological Processes,19,GO:0031667,response to nutrient levels,19_GO:0050896 response to stimulus,-4.1,2.7,4.6,21160,574,278,20,7.2,1.5,11364|11816|12424|12842|14417|14775|16008|18619|19378|20249|21367|24136|27220|29869|57875|64383|67092|67760|69029|109648,Acadm|Apoe|Cck|Col1a1|Gad2|Gpx1|Igfbp2|Penk|Aldh1a2|Scd1|Cntn2|Zeb2|Cartpt|Ulk2|Angptl4|Sirt2|Gatm|Slc38a2|Smdt1|Npy,-1.5,gene
GO Biological Processes,19,GO:0060560,developmental growth involved in morphogenesis,19_GO:0040007 growth,-4,4.5,5.2,21160,171,278,10,3.6,1.1,11658|12305|16885|20496|24136|29869|71436|78829|99982|106042,Alcam|Ddr1|Limk1|Slc12a2|Zeb2|Ulk2|Flrt3|Tsc22d4|Kdm1a|Prickle1,-1.4,gene
GO Biological Processes,19,GO:0071407,cellular response to organic cyclic compound,19_GO:0050896 response to stimulus,-4,2.6,4.6,21160,581,278,20,7.2,1.5,12842|13488|14394|14555|14681|14683|15165|16480|17260|18619|19049|20191|20665|56351|67040|70839|99982|108655|208908|233571,Col1a1|Drd1|Gabra1|Gpd1|Gnao1|Gnas|Hcn1|Jup|Mef2c|Penk|Ppp1r1b|Ryr2|Sox10|Ptges3|Ddx17|P2ry12|Kdm1a|Foxp1|Ccdc62|P2ry6,-1.4,gene
GO Biological Processes,19,GO:0030003,intracellular monoatomic cation homeostasis,19_GO:0042592 homeostatic process,-4,2.9,4.7,21160,448,278,17,6.1,1.4,11816|14299|14325|17128|17748|17750|20191|20496|20530|22041|22627|52637|69029|109648|217893|229877|387285,Apoe|Ncs1|Ftl1|Smad4|Mt1|Mt2|Ryr2|Slc12a2|Slc31a2|Trf|Ywhae|Cisd1|Smdt1|Npy|Pacs2|Rap1gds1|Hcrtr2,-1.4,gene
GO Biological Processes,19,GO:0048588,developmental cell growth,19_GO:0040007 growth,-4,4.9,5.3,21160,140,278,9,3.2,1.1,11658|12305|16885|24136|29869|71436|78829|99982|106042,Alcam|Ddr1|Limk1|Zeb2|Ulk2|Flrt3|Tsc22d4|Kdm1a|Prickle1,-1.4,gene
GO Biological Processes,19,GO:0051129,negative regulation of cellular component organization,19_GO:0048519 negative regulation of biological process,-4,2.3,4.4,21160,778,278,24,8.6,1.7,11815|11816|12396|12955|13643|14775|16765|16852|17128|17136|18613|19055|21937|22153|22351|29869|50876|64383|68423|74019|81489|99982|227753|239667,Apod|Apoe|Cbfa2t2|Cryab|Efnb3|Gpx1|Stmn1|Lgals1|Smad4|Mag|Pecam1|Ppp3ca|Tnfrsf1a|Tubb4a|Vill|Ulk2|Tmod2|Sirt2|Ankrd13d|Traf3ip1|Dnajb1|Kdm1a|Gsn|Dip2b,-1.4,gene
GO Biological Processes,19,GO:0007631,feeding behavior,19_GO:0032501 multicellular organismal process,-4,5.5,5.5,21160,110,278,8,2.9,1,12424|13488|21367|27220|69727|109648|241950|387285,Cck|Drd1|Cntn2|Cartpt|Usp46|Npy|Bbs12|Hcrtr2,-1.4,gene
GO Biological Processes,19,GO:0050770,regulation of axonogenesis,19_GO:0032502 developmental process,-4,4.3,5.1,21160,175,278,10,3.6,1.1,11816|13643|16885|17136|21367|24136|29869|239667|320563|381979,Apoe|Efnb3|Limk1|Mag|Cntn2|Zeb2|Ulk2|Dip2b|Islr2|Brsk1,-1.4,gene
GO Biological Processes,19,GO:0040008,regulation of growth,19_GO:0040007 growth,-3.9,2.4,4.4,21160,691,278,22,7.9,1.6,11816|12266|12305|12955|14683|16885|17128|17131|17136|17260|17748|17750|29869|50523|56177|67211|70925|108655|239667|243743|268697|320563,Apoe|C3|Ddr1|Cryab|Gnas|Limk1|Smad4|Smad7|Mag|Mef2c|Mt1|Mt2|Ulk2|Lats2|Olfm1|Armc10|Cdkn2aip|Foxp1|Dip2b|Plxna4|Ccnb1|Islr2,-1.3,gene
GO Biological Processes,19,GO:0006873,intracellular monoatomic ion homeostasis,19_GO:0042592 homeostatic process,-3.9,2.8,4.5,21160,459,278,17,6.1,1.4,11816|14299|14325|17128|17748|17750|20191|20496|20530|22041|22627|52637|69029|109648|217893|229877|387285,Apoe|Ncs1|Ftl1|Smad4|Mt1|Mt2|Ryr2|Slc12a2|Slc31a2|Trf|Ywhae|Cisd1|Smdt1|Npy|Pacs2|Rap1gds1|Hcrtr2,-1.3,gene
GO Biological Processes,19,GO:0072001,renal system development,19_GO:0032502 developmental process,-3.9,3.1,4.6,21160,374,278,15,5.4,1.4,11475|12490|14859|15184|17128|17131|17260|18399|19055|19378|67092|74019|106042|234865|241226,Acta2|Cd34|Gsta3|Hdac5|Smad4|Smad7|Mef2c|Slc22a6|Ppp3ca|Aldh1a2|Gatm|Traf3ip1|Prickle1|Nup133|Itga8,-1.3,gene
Reactome Gene Sets,6,R-MMU-381426,Regulation of Insulin-like Growth Factor (IGF) transport and uptake by Insulin-like Growth Factor Binding Proteins (IGFBPs),,-3.8,5.2,5.2,21160,118,278,8,2.9,1,11816|12266|16008|16012|16852|18619|22041|74761,Apoe|C3|Igfbp2|Igfbp6|Lgals1|Penk|Trf|Mxra8,-1.2,gene
GO Biological Processes,19,GO:0016049,cell growth,19_GO:0040007 growth,-3.8,4.6,5.1,21160,150,278,9,3.2,1.1,11658|12305|16885|24136|29869|71436|78829|99982|106042,Alcam|Ddr1|Limk1|Zeb2|Ulk2|Flrt3|Tsc22d4|Kdm1a|Prickle1,-1.2,gene
GO Biological Processes,19,GO:0045596,negative regulation of cell differentiation,19_GO:0048519 negative regulation of biological process,-3.8,2.3,4.3,21160,756,278,23,8.3,1.7,11307|13643|15184|16852|17128|17131|17136|19055|19317|20665|21367|22608|27220|29869|64383|67272|70839|99982|106042|108655|239667|241950|270190,Abcg1|Efnb3|Hdac5|Lgals1|Smad4|Smad7|Mag|Ppp3ca|Qki|Sox10|Cntn2|Ybx1|Cartpt|Ulk2|Sirt2|Cmtm5|P2ry12|Kdm1a|Prickle1|Foxp1|Dip2b|Bbs12|Ephb1,-1.2,gene
Reactome Gene Sets,6,R-MMU-2995410,Nuclear Envelope (NE) Reassembly,,-3.8,7.2,5.7,21160,63,278,6,2.2,0.87,22153|64383|98386|170791|234865|268697,Tubb4a|Sirt2|Lbr|Rbm39|Nup133|Ccnb1,-1.2,gene
GO Biological Processes,19,GO:0042053,regulation of dopamine metabolic process,19_GO:0050789 regulation of biological process,-3.8,14,7,21160,22,278,4,1.4,0.71,13488|14763|16409|109648,Drd1|Gpr37|Itgam|Npy,-1.2,gene
GO Biological Processes,19,GO:0061387,regulation of extent of cell growth,19_GO:0040007 growth,-3.7,5.1,5.2,21160,119,278,8,2.9,1,11816|16885|17136|29869|56177|239667|243743|320563,Apoe|Limk1|Mag|Ulk2|Olfm1|Dip2b|Plxna4|Islr2,-1.2,gene
KEGG Pathway,24,mmu04727,GABAergic synapse - Mus musculus (house mouse),,-3.7,5.9,5.4,21160,90,278,7,2.5,0.94,11515|14394|14412|14417|14681|14701|67760,Adcy9|Gabra1|Slc6a13|Gad2|Gnao1|Gng12|Slc38a2,-1.2,gene
GO Biological Processes,19,GO:0002573,myeloid leukocyte differentiation,19_GO:0032502 developmental process,-3.7,4.1,4.9,21160,187,278,10,3.6,1.1,12520|15242|16409|17260|19317|22041|77125|98386|99982|108655,Cd81|Hhex|Itgam|Mef2c|Qki|Trf|Il33|Lbr|Kdm1a|Foxp1,-1.2,gene
GO Biological Processes,19,GO:0042692,muscle cell differentiation,19_GO:0032502 developmental process,-3.7,3.1,4.5,21160,344,278,14,5,1.3,11364|12266|12520|13007|14775|17260|19055|19317|50876|99982|103806|106042|108655|241226,Acadm|C3|Cd81|Csrp1|Gpx1|Mef2c|Ppp3ca|Qki|Tmod2|Kdm1a|Maml1|Prickle1|Foxp1|Itga8,-1.2,gene
GO Biological Processes,19,GO:0031641,regulation of myelination,19_GO:0032502 developmental process,-3.7,7,5.6,21160,65,278,6,2.2,0.87,17136|19317|20665|22041|64383|72948,Mag|Qki|Sox10|Trf|Sirt2|Tppp,-1.2,gene
KEGG Pathway,24,mmu05032,Morphine addiction - Mus musculus (house mouse),,-3.7,5.8,5.3,21160,92,278,7,2.5,0.94,11515|13488|14394|14681|14683|14701|18573,Adcy9|Drd1|Gabra1|Gnao1|Gnas|Gng12|Pde1a,-1.2,gene
GO Biological Processes,19,GO:0098754,detoxification,19_GO:0098754 detoxification,-3.7,5,5.1,21160,122,278,8,2.9,1,11758|11816|14775|14859|17748|17750|20201|20202,Prdx6|Apoe|Gpx1|Gsta3|Mt1|Mt2|S100a8|S100a9,-1.2,gene
GO Biological Processes,19,GO:0043500,muscle adaptation,19_GO:0032501 multicellular organismal process,-3.7,9.1,6,21160,42,278,5,1.8,0.8,17128|17260|19055|67092|227753,Smad4|Mef2c|Ppp3ca|Gatm|Gsn,-1.2,gene
GO Biological Processes,19,GO:0048520,positive regulation of behavior,19_GO:0048518 positive regulation of biological process,-3.6,8.9,5.9,21160,43,278,5,1.8,0.8,12424|13488|17260|18619|109648,Cck|Drd1|Mef2c|Penk|Npy,-1.2,gene
GO Biological Processes,19,GO:2000987,positive regulation of behavioral fear response,19_GO:0048518 positive regulation of biological process,-3.6,23,8,21160,10,278,3,1.1,0.62,12424|17260|18619,Cck|Mef2c|Penk,-1.2,gene
GO Biological Processes,19,GO:0099538,synaptic signaling via neuropeptide,19_GO:0050789 regulation of biological process,-3.6,23,8,21160,10,278,3,1.1,0.62,12424|18619|109648,Cck|Penk|Npy,-1.2,gene
GO Biological Processes,19,GO:0008343,adult feeding behavior,19_GO:0032501 multicellular organismal process,-3.6,23,8,21160,10,278,3,1.1,0.62,27220|69727|109648,Cartpt|Usp46|Npy,-1.2,gene
GO Biological Processes,19,GO:0042069,regulation of catecholamine metabolic process,19_GO:0050789 regulation of biological process,-3.6,13,6.6,21160,24,278,4,1.4,0.71,13488|14763|16409|109648,Drd1|Gpr37|Itgam|Npy,-1.2,gene
GO Biological Processes,19,GO:0035050,embryonic heart tube development,19_GO:0032502 developmental process,-3.6,5.6,5.2,21160,95,278,7,2.5,0.94,15242|17260|19378|20191|74019|243743|245866,Hhex|Mef2c|Aldh1a2|Ryr2|Traf3ip1|Plxna4|Ift52,-1.2,gene
GO Biological Processes,19,GO:0048729,tissue morphogenesis,19_GO:0032502 developmental process,-3.6,2.4,4.2,21160,677,278,21,7.6,1.6,11475|12305|15184|15242|17128|17131|17260|19378|20191|20496|20665|24136|71436|74019|75415|106042|233066|233912|241226|245866|381979,Acta2|Ddr1|Hdac5|Hhex|Smad4|Smad7|Mef2c|Aldh1a2|Ryr2|Slc12a2|Sox10|Zeb2|Flrt3|Traf3ip1|Arhgap12|Prickle1|Syne4|Armc5|Itga8|Ift52|Brsk1,-1.2,gene
GO Biological Processes,19,GO:0051960,regulation of nervous system development,19_GO:0032502 developmental process,-3.6,2.5,4.2,21160,581,278,19,6.8,1.5,11816|12017|13643|16885|17136|19055|19317|20665|22041|24136|29869|64383|71436|72948|77125|99982|239667|270190|320563,Apoe|Bag1|Efnb3|Limk1|Mag|Ppp3ca|Qki|Sox10|Trf|Zeb2|Ulk2|Sirt2|Flrt3|Tppp|Il33|Kdm1a|Dip2b|Ephb1|Islr2,-1.2,gene
GO Biological Processes,19,GO:0098609,cell-cell adhesion,19_GO:0009987 cellular process,-3.6,2.7,4.3,21160,488,278,17,6.1,1.4,11658|12304|12490|14683|16409|16480|16852|17136|18417|18613|20201|20202|21367|70839|71436|106042|241226,Alcam|Pdia4|Cd34|Gnas|Itgam|Jup|Lgals1|Mag|Cldn11|Pecam1|S100a8|S100a9|Cntn2|P2ry12|Flrt3|Prickle1|Itga8,-1.2,gene
GO Biological Processes,19,GO:0048638,regulation of developmental growth,19_GO:0040007 growth,-3.6,2.9,4.3,21160,398,278,15,5.4,1.4,11816|12266|14683|16885|17131|17136|17260|29869|50523|56177|108655|239667|243743|268697|320563,Apoe|C3|Gnas|Limk1|Smad7|Mag|Mef2c|Ulk2|Lats2|Olfm1|Foxp1|Dip2b|Plxna4|Ccnb1|Islr2,-1.2,gene
GO Biological Processes,19,GO:0048589,developmental growth,19_GO:0040007 growth,-3.5,2.5,4.2,21160,584,278,19,6.8,1.5,11658|11815|12305|12520|14683|14775|15242|16885|17128|20496|20665|24136|29869|71436|78829|84505|99982|106042|114679,Alcam|Apod|Ddr1|Cd81|Gnas|Gpx1|Hhex|Limk1|Smad4|Slc12a2|Sox10|Zeb2|Ulk2|Flrt3|Tsc22d4|Setdb1|Kdm1a|Prickle1|Selenom,-1.2,gene
GO Biological Processes,19,GO:0009636,response to toxic substance,19_GO:0050896 response to stimulus,-3.5,3.6,4.6,21160,234,278,11,4,1.2,11758|11816|12799|14775|14859|17748|17750|18619|20201|20202|99982,Prdx6|Apoe|Cnp|Gpx1|Gsta3|Mt1|Mt2|Penk|S100a8|S100a9|Kdm1a,-1.2,gene
GO Biological Processes,19,GO:1903532,positive regulation of secretion by cell,19_GO:0051179 localization,-3.5,2.9,4.3,21160,400,278,15,5.4,1.4,11307|12424|14299|14683|16409|17128|18951|20496|20614|21333|27220|58869|76338|78896|230908,Abcg1|Cck|Ncs1|Gnas|Itgam|Smad4|Septin5|Slc12a2|Snap25|Tac1|Cartpt|Pex5l|Rab2b|Ecrg4|Tardbp,-1.2,gene
GO Biological Processes,19,GO:0030534,adult behavior,19_GO:0032501 multicellular organismal process,-3.5,3.9,4.7,21160,197,278,10,3.6,1.1,12799|13488|13643|18951|19049|21367|22771|27220|69727|109648,Cnp|Drd1|Efnb3|Septin5|Ppp1r1b|Cntn2|Zic1|Cartpt|Usp46|Npy,-1.2,gene
GO Biological Processes,19,GO:0061136,regulation of proteasomal protein catabolic process,19_GO:0050789 regulation of biological process,-3.5,3.9,4.7,21160,197,278,10,3.6,1.1,11816|14775|22041|28075|64383|68545|72607|77125|106042|223870,Apoe|Gpx1|Trf|Desi1|Sirt2|Ecscr|Usp13|Il33|Prickle1|Senp1,-1.2,gene
GO Biological Processes,19,GO:0003012,muscle system process,19_GO:0032501 multicellular organismal process,-3.5,3.3,4.5,21160,275,278,12,4.3,1.2,11475|13488|17128|17260|17883|17896|19055|20191|50876|67092|227753|229877,Acta2|Drd1|Smad4|Mef2c|Myh3|Myl4|Ppp3ca|Ryr2|Tmod2|Gatm|Gsn|Rap1gds1,-1.2,gene
GO Biological Processes,19,GO:0045637,regulation of myeloid cell differentiation,19_GO:0002376 immune system process,-3.5,3.5,4.5,21160,236,278,11,4,1.2,14683|16409|16418|17260|19055|19317|27220|67588|99982|108655|223870,Gnas|Itgam|Eif6|Mef2c|Ppp3ca|Qki|Cartpt|Rnf41|Kdm1a|Foxp1|Senp1,-1.2,gene
GO Biological Processes,19,GO:0040007,growth,19_GO:0040007 growth,-3.5,2.5,4.1,21160,590,278,19,6.8,1.5,11658|11815|12305|12520|14683|14775|15242|16885|17128|20496|20665|24136|29869|71436|78829|84505|99982|106042|114679,Alcam|Apod|Ddr1|Cd81|Gnas|Gpx1|Hhex|Limk1|Smad4|Slc12a2|Sox10|Zeb2|Ulk2|Flrt3|Tsc22d4|Setdb1|Kdm1a|Prickle1|Selenom,-1.1,gene
GO Biological Processes,19,GO:0031333,negative regulation of protein-containing complex assembly,19_GO:0048519 negative regulation of biological process,-3.5,4.2,4.7,21160,164,278,9,3.2,1.1,12955|16765|18613|22153|22351|50876|64383|74019|227753,Cryab|Stmn1|Pecam1|Tubb4a|Vill|Tmod2|Sirt2|Traf3ip1|Gsn,-1.1,gene
GO Biological Processes,19,GO:1903367,positive regulation of fear response,19_GO:0048518 positive regulation of biological process,-3.5,21,7.6,21160,11,278,3,1.1,0.62,12424|17260|18619,Cck|Mef2c|Penk,-1.1,gene
GO Biological Processes,19,GO:0099612,protein localization to axon,19_GO:0051179 localization,-3.5,21,7.6,21160,11,278,3,1.1,0.62,17153|21367|59042,Mal|Cntn2|Cope,-1.1,gene
GO Biological Processes,19,GO:0014074,response to purine-containing compound,19_GO:0050896 response to stimulus,-3.5,4.2,4.7,21160,165,278,9,3.2,1.1,12842|14555|15165|18619|20191|21824|70839|99982|233571,Col1a1|Gpd1|Hcn1|Penk|Ryr2|Thbd|P2ry12|Kdm1a|P2ry6,-1.1,gene
GO Biological Processes,19,GO:0090066,regulation of anatomical structure size,19_GO:0065007 biological regulation,-3.5,2.4,4.1,21160,594,278,19,6.8,1.5,11475|11816|13488|14775|16885|17136|18613|20496|21367|22351|29869|50876|56177|99982|227753|229877|239667|243743|320563,Acta2|Apoe|Drd1|Gpx1|Limk1|Mag|Pecam1|Slc12a2|Cntn2|Vill|Ulk2|Tmod2|Olfm1|Kdm1a|Gsn|Rap1gds1|Dip2b|Plxna4|Islr2,-1.1,gene
GO Biological Processes,19,GO:0032535,regulation of cellular component size,19_GO:0065007 biological regulation,-3.4,2.8,4.2,21160,409,278,15,5.4,1.4,11816|16885|17136|18613|20496|21367|22351|29869|50876|56177|99982|227753|239667|243743|320563,Apoe|Limk1|Mag|Pecam1|Slc12a2|Cntn2|Vill|Ulk2|Tmod2|Olfm1|Kdm1a|Gsn|Dip2b|Plxna4|Islr2,-1.1,gene
GO Biological Processes,19,GO:0050801,monoatomic ion homeostasis,19_GO:0042592 homeostatic process,-3.4,2.5,4.1,21160,549,278,18,6.5,1.5,11816|14299|14325|17128|17748|17750|20191|20496|20530|22041|22627|52637|52840|69029|109648|217893|229877|387285,Apoe|Ncs1|Ftl1|Smad4|Mt1|Mt2|Ryr2|Slc12a2|Slc31a2|Trf|Ywhae|Cisd1|Dbndd2|Smdt1|Npy|Pacs2|Rap1gds1|Hcrtr2,-1.1,gene
GO Biological Processes,19,GO:0007626,locomotory behavior,19_GO:0032501 multicellular organismal process,-3.4,3.2,4.4,21160,282,278,12,4.3,1.2,11816|12799|13488|13643|14681|14763|18619|19049|20614|21367|22771|75141,Apoe|Cnp|Drd1|Efnb3|Gnao1|Gpr37|Penk|Ppp1r1b|Snap25|Cntn2|Zic1|Rasd2,-1.1,gene
GO Biological Processes,19,GO:0030516,regulation of axon extension,19_GO:0040007 growth,-3.4,5.2,4.9,21160,102,278,7,2.5,0.94,11816|16885|17136|56177|239667|243743|320563,Apoe|Limk1|Mag|Olfm1|Dip2b|Plxna4|Islr2,-1.1,gene
GO Biological Processes,19,GO:0050857,positive regulation of antigen receptor-mediated signaling pathway,19_GO:0002376 immune system process,-3.4,11,6.2,21160,27,278,4,1.4,0.71,12520|69727|74256|108655,Cd81|Usp46|Cyld|Foxp1,-1.1,gene
GO Biological Processes,19,GO:0003300,cardiac muscle hypertrophy,19_GO:0032501 multicellular organismal process,-3.4,7.9,5.5,21160,48,278,5,1.8,0.8,17128|17260|19055|20191|229877,Smad4|Mef2c|Ppp3ca|Ryr2|Rap1gds1,-1.1,gene
GO Biological Processes,19,GO:0043408,regulation of MAPK cascade,19_GO:0050896 response to stimulus,-3.4,2.2,4,21160,752,278,22,7.9,1.6,11475|11816|12266|12520|13488|13544|14763|16012|17128|17260|24071|24136|27220|67588|71520|74256|109648|227753|229877|233571|270190|384009,Acta2|Apoe|C3|Cd81|Drd1|Dvl3|Gpr37|Igfbp6|Smad4|Mef2c|Synj2bp|Zeb2|Cartpt|Rnf41|Grap|Cyld|Npy|Gsn|Rap1gds1|P2ry6|Ephb1|Glipr2,-1.1,gene
Reactome Gene Sets,6,R-MMU-9764260,Regulation of Expression and Function of Type II Classical Cadherins,,-3.3,19,7.2,21160,12,278,3,1.1,0.62,16480|24136|57875,Jup|Zeb2|Angptl4,-1.1,gene
Reactome Gene Sets,6,R-MMU-9759475,Regulation of CDH11 Expression and Function,,-3.3,19,7.2,21160,12,278,3,1.1,0.62,16480|24136|57875,Jup|Zeb2|Angptl4,-1.1,gene
GO Biological Processes,19,GO:0071871,response to epinephrine,19_GO:0050896 response to stimulus,-3.3,19,7.2,21160,12,278,3,1.1,0.62,18619|20191|64383,Penk|Ryr2|Sirt2,-1.1,gene
Reactome Gene Sets,6,R-MMU-9759476,Regulation of Homotypic Cell-Cell Adhesion,,-3.3,19,7.2,21160,12,278,3,1.1,0.62,16480|24136|57875,Jup|Zeb2|Angptl4,-1.1,gene
GO Biological Processes,19,GO:0150146,cell junction disassembly,19_GO:0009987 cellular process,-3.3,19,7.2,21160,12,278,3,1.1,0.62,12266|16409|106042,C3|Itgam|Prickle1,-1.1,gene
GO Biological Processes,19,GO:0010720,positive regulation of cell development,19_GO:0032502 developmental process,-3.3,2.5,4,21160,559,278,18,6.5,1.5,11816|12017|13655|14683|16409|16885|17131|17136|19055|19317|20665|22041|24136|64383|74256|77125|99982|320563,Apoe|Bag1|Egr3|Gnas|Itgam|Limk1|Smad7|Mag|Ppp3ca|Qki|Sox10|Trf|Zeb2|Sirt2|Cyld|Il33|Kdm1a|Islr2,-1.1,gene
GO Biological Processes,19,GO:0033238,regulation of amine metabolic process,19_GO:0050789 regulation of biological process,-3.3,11,6,21160,28,278,4,1.4,0.71,13488|14763|16409|109648,Drd1|Gpr37|Itgam|Npy,-1.1,gene
GO Biological Processes,19,GO:0014897,striated muscle hypertrophy,19_GO:0032501 multicellular organismal process,-3.3,7.6,5.4,21160,50,278,5,1.8,0.8,17128|17260|19055|20191|229877,Smad4|Mef2c|Ppp3ca|Ryr2|Rap1gds1,-1.1,gene
GO Biological Processes,19,GO:0007218,neuropeptide signaling pathway,19_GO:0050896 response to stimulus,-3.3,5,4.8,21160,106,278,7,2.5,0.94,14763|18619|21333|27220|78896|109648|387285,Gpr37|Penk|Tac1|Cartpt|Ecrg4|Npy|Hcrtr2,-1.1,gene
KEGG Pathway,24,mmu04371,Apelin signaling pathway - Mus musculus (house mouse),,-3.3,4.4,4.6,21160,139,278,8,2.9,1,11475|11515|14701|15184|17128|17260|17896|20191,Acta2|Adcy9|Gng12|Hdac5|Smad4|Mef2c|Myl4|Ryr2,-1,gene
GO Biological Processes,19,GO:1902904,negative regulation of supramolecular fiber organization,19_GO:0048519 negative regulation of biological process,-3.3,3.9,4.4,21160,176,278,9,3.2,1.1,11816|12955|16765|17128|18613|22153|22351|50876|227753,Apoe|Cryab|Stmn1|Smad4|Pecam1|Tubb4a|Vill|Tmod2|Gsn,-1,gene
GO Biological Processes,19,GO:0031349,positive regulation of defense response,19_GO:0048518 positive regulation of biological process,-3.3,2.6,4,21160,473,278,16,5.8,1.4,12266|12424|12520|16852|17260|18619|20201|20202|21333|21937|22627|50523|64383|74998|77125|106759,C3|Cck|Cd81|Lgals1|Mef2c|Penk|S100a8|S100a9|Tac1|Tnfrsf1a|Ywhae|Lats2|Sirt2|Rab11fip2|Il33|Ticam1,-1,gene
GO Biological Processes,19,GO:0050767,regulation of neurogenesis,19_GO:0032502 developmental process,-3.3,2.6,4,21160,473,278,16,5.8,1.4,11816|12017|13643|16885|17136|19055|19317|20665|22041|24136|29869|64383|77125|99982|239667|320563,Apoe|Bag1|Efnb3|Limk1|Mag|Ppp3ca|Qki|Sox10|Trf|Zeb2|Ulk2|Sirt2|Il33|Kdm1a|Dip2b|Islr2,-1,gene
GO Biological Processes,19,GO:0010717,regulation of epithelial to mesenchymal transition,19_GO:0032502 developmental process,-3.2,4.9,4.7,21160,108,278,7,2.5,0.94,12842|17128|17131|19317|56177|99982|384009,Col1a1|Smad4|Smad7|Qki|Olfm1|Kdm1a|Glipr2,-1,gene
GO Biological Processes,19,GO:0032272,negative regulation of protein polymerization,19_GO:0048519 negative regulation of biological process,-3.2,5.9,5,21160,78,278,6,2.2,0.87,16765|18613|22153|22351|50876|227753,Stmn1|Pecam1|Tubb4a|Vill|Tmod2|Gsn,-1,gene
GO Biological Processes,19,GO:0014896,muscle hypertrophy,19_GO:0032501 multicellular organismal process,-3.2,7.3,5.3,21160,52,278,5,1.8,0.8,17128|17260|19055|20191|229877,Smad4|Mef2c|Ppp3ca|Ryr2|Rap1gds1,-1,gene
Reactome Gene Sets,6,R-MMU-3371556,Cellular response to heat stress,,-3.2,5.8,4.9,21160,79,278,6,2.2,0.87,12017|12955|22627|56351|81489|234865,Bag1|Cryab|Ywhae|Ptges3|Dnajb1|Nup133,-1,gene
GO Biological Processes,19,GO:0008361,regulation of cell size,19_GO:0065007 biological regulation,-3.2,3.5,4.3,21160,217,278,10,3.6,1.1,11816|16885|17136|20496|29869|56177|99982|239667|243743|320563,Apoe|Limk1|Mag|Slc12a2|Ulk2|Olfm1|Kdm1a|Dip2b|Plxna4|Islr2,-1,gene
GO Biological Processes,19,GO:0048259,regulation of receptor-mediated endocytosis,19_GO:0051179 localization,-3.2,4.2,4.5,21160,144,278,8,2.9,1,12266|17957|22041|24071|64383|68423|69727|234729,C3|Napb|Trf|Synj2bp|Sirt2|Ankrd13d|Usp46|Vac14,-0.98,gene
GO Biological Processes,19,GO:0046683,response to organophosphorus,19_GO:0050896 response to stimulus,-3.2,4.2,4.5,21160,145,278,8,2.9,1,12842|14555|15165|18619|21824|70839|99982|233571,Col1a1|Gpd1|Hcn1|Penk|Thbd|P2ry12|Kdm1a|P2ry6,-0.97,gene
GO Biological Processes,19,GO:0043068,positive regulation of programmed cell death,19_GO:0048518 positive regulation of biological process,-3.2,2.2,3.8,21160,678,278,20,7.2,1.5,12017|12424|16852|17128|17153|17260|19378|20201|20202|21937|27280|50523|56177|64383|68545|74256|108655|223696|227753|231872,Bag1|Cck|Lgals1|Smad4|Mal|Mef2c|Aldh1a2|S100a8|S100a9|Tnfrsf1a|Phlda3|Lats2|Olfm1|Sirt2|Ecscr|Cyld|Foxp1|Tomm22|Gsn|Aimp2,-0.97,gene
GO Biological Processes,19,GO:0035239,tube morphogenesis,19_GO:0032502 developmental process,-3.2,2.1,3.8,21160,782,278,22,7.9,1.6,11816|12305|12490|13655|14775|15184|15242|17128|17131|17260|18613|19317|19378|20191|20496|20665|24136|57875|68545|106042|245866|270190,Apoe|Ddr1|Cd34|Egr3|Gpx1|Hdac5|Hhex|Smad4|Smad7|Mef2c|Pecam1|Qki|Aldh1a2|Ryr2|Slc12a2|Sox10|Zeb2|Angptl4|Ecscr|Prickle1|Ift52|Ephb1,-0.96,gene
Reactome Gene Sets,6,R-MMU-500792,GPCR ligand binding,,-3.1,2.7,4,21160,391,278,14,5,1.3,12266|12424|13488|14683|14701|14714|14763|18619|20604|21333|70839|109648|233571|387285,C3|Cck|Drd1|Gnas|Gng12|Gnrh1|Gpr37|Penk|Sst|Tac1|P2ry12|Npy|P2ry6|Hcrtr2,-0.96,gene
Reactome Gene Sets,6,R-MMU-373076,Class A/1 (Rhodopsin-like receptors),,-3.1,3,4.1,21160,304,278,12,4.3,1.2,12266|12424|13488|14714|14763|18619|20604|21333|70839|109648|233571|387285,C3|Cck|Drd1|Gnrh1|Gpr37|Penk|Sst|Tac1|P2ry12|Npy|P2ry6|Hcrtr2,-0.96,gene
GO Biological Processes,19,GO:0071880,adenylate cyclase-activating adrenergic receptor signaling pathway,19_GO:0050896 response to stimulus,-3.1,16,6.6,21160,14,278,3,1.1,0.62,11515|13488|14683,Adcy9|Drd1|Gnas,-0.96,gene
GO Biological Processes,19,GO:0048733,sebaceous gland development,19_GO:0032502 developmental process,-3.1,16,6.6,21160,14,278,3,1.1,0.62,17128|20249|338521,Smad4|Scd1|Fa2h,-0.96,gene
GO Biological Processes,19,GO:0050795,regulation of behavior,19_GO:0032501 multicellular organismal process,-3.1,4.7,4.6,21160,113,278,7,2.5,0.94,11816|12424|13488|17260|18619|109648|387285,Apoe|Cck|Drd1|Mef2c|Penk|Npy|Hcrtr2,-0.96,gene
GO Biological Processes,19,GO:0033555,multicellular organismal response to stress,19_GO:0032501 multicellular organismal process,-3.1,4.7,4.6,21160,113,278,7,2.5,0.94,13488|15165|15184|18619|19055|21333|69727,Drd1|Hcn1|Hdac5|Penk|Ppp3ca|Tac1|Usp46,-0.96,gene
GO Biological Processes,19,GO:0055080,monoatomic cation homeostasis,19_GO:0042592 homeostatic process,-3.1,2.4,3.8,21160,536,278,17,6.1,1.4,11816|14299|14325|17128|17748|17750|20191|20496|20530|22041|22627|52637|69029|109648|217893|229877|387285,Apoe|Ncs1|Ftl1|Smad4|Mt1|Mt2|Ryr2|Slc12a2|Slc31a2|Trf|Ywhae|Cisd1|Smdt1|Npy|Pacs2|Rap1gds1|Hcrtr2,-0.94,gene
GO Biological Processes,19,GO:0007422,peripheral nervous system development,19_GO:0032502 developmental process,-3.1,5.5,4.7,21160,83,278,6,2.2,0.87,13655|17988|20665|64383|243743|338521,Egr3|Ndrg1|Sox10|Sirt2|Plxna4|Fa2h,-0.94,gene
GO Biological Processes,19,GO:0030100,regulation of endocytosis,19_GO:0051179 localization,-3.1,2.8,4,21160,352,278,13,4.7,1.3,11816|12266|17957|19055|22041|24071|64383|67801|68423|69727|72961|108800|234729,Apoe|C3|Napb|Ppp3ca|Trf|Synj2bp|Sirt2|Pllp|Ankrd13d|Usp46|Slc17a7|Ston2|Vac14,-0.92,gene
GO Biological Processes,19,GO:0010718,positive regulation of epithelial to mesenchymal transition,19_GO:0032502 developmental process,-3.1,6.8,5,21160,56,278,5,1.8,0.8,12842|17128|56177|99982|384009,Col1a1|Smad4|Olfm1|Kdm1a|Glipr2,-0.92,gene
GO Biological Processes,19,GO:0043542,endothelial cell migration,19_GO:0009987 cellular process,-3.1,5.4,4.7,21160,84,278,6,2.2,0.87,13655|14775|18613|20201|20202|24136,Egr3|Gpx1|Pecam1|S100a8|S100a9|Zeb2,-0.92,gene
GO Biological Processes,19,GO:0010611,regulation of cardiac muscle hypertrophy,19_GO:0032501 multicellular organismal process,-3.1,5.4,4.7,21160,84,278,6,2.2,0.87,17128|17260|19055|21937|108655|227753,Smad4|Mef2c|Ppp3ca|Tnfrsf1a|Foxp1|Gsn,-0.92,gene
WikiPathways,27,WP385,Myometrial relaxation and contraction pathways,,-3.1,4.1,4.3,21160,150,278,8,2.9,1,11515|14683|14701|16008|16012|17896|20191|22627,Adcy9|Gnas|Gng12|Igfbp2|Igfbp6|Myl4|Ryr2|Ywhae,-0.92,gene
KEGG Pathway,24,mmu04724,Glutamatergic synapse - Mus musculus (house mouse),,-3.1,4.6,4.5,21160,116,278,7,2.5,0.94,11515|14681|14683|14701|19055|67760|72961,Adcy9|Gnao1|Gnas|Gng12|Ppp3ca|Slc38a2|Slc17a7,-0.92,gene
GO Biological Processes,19,GO:0007611,learning or memory,19_GO:0032501 multicellular organismal process,-3,2.8,3.9,21160,357,278,13,4.7,1.3,11816|12424|13488|17260|19049|20614|21333|21367|50876|67092|72961|241226|381979,Apoe|Cck|Drd1|Mef2c|Ppp1r1b|Snap25|Tac1|Cntn2|Tmod2|Gatm|Slc17a7|Itga8|Brsk1,-0.89,gene
GO Biological Processes,19,GO:0032787,monocarboxylic acid metabolic process,19_GO:0009987 cellular process,-3,2.3,3.7,21160,595,278,18,6.5,1.5,11364|12266|14417|14775|17850|19317|19378|20249|21937|56351|67092|68636|110119|171210|231086|235339|236539|338521,Acadm|C3|Gad2|Gpx1|Mmut|Qki|Aldh1a2|Scd1|Tnfrsf1a|Ptges3|Gatm|Fahd1|Mpi|Acot2|Hadhb|Dlat|Phgdh|Fa2h,-0.89,gene
GO Biological Processes,19,GO:0050890,cognition,19_GO:0032501 multicellular organismal process,-3,2.6,3.8,21160,403,278,14,5,1.3,11816|12424|13488|14683|17260|19049|20614|21333|21367|50876|67092|72961|241226|381979,Apoe|Cck|Drd1|Gnas|Mef2c|Ppp1r1b|Snap25|Tac1|Cntn2|Tmod2|Gatm|Slc17a7|Itga8|Brsk1,-0.89,gene
GO Biological Processes,19,GO:0010596,negative regulation of endothelial cell migration,19_GO:0040011 locomotion,-3,6.6,4.9,21160,58,278,5,1.8,0.8,11816|15184|16480|17260|24071,Apoe|Hdac5|Jup|Mef2c|Synj2bp,-0.88,gene
GO Biological Processes,19,GO:0001822,kidney development,19_GO:0032502 developmental process,-3,2.8,3.9,21160,359,278,13,4.7,1.3,11475|12490|14859|17128|17131|17260|18399|19055|19378|67092|74019|234865|241226,Acta2|Cd34|Gsta3|Smad4|Smad7|Mef2c|Slc22a6|Ppp3ca|Aldh1a2|Gatm|Traf3ip1|Nup133|Itga8,-0.88,gene
GO Biological Processes,19,GO:0010721,negative regulation of cell development,19_GO:0048519 negative regulation of biological process,-3,2.9,3.9,21160,315,278,12,4.3,1.2,13643|16852|17131|17136|19055|19317|20665|27220|29869|64383|99982|239667,Efnb3|Lgals1|Smad7|Mag|Ppp3ca|Qki|Sox10|Cartpt|Ulk2|Sirt2|Kdm1a|Dip2b,-0.88,gene
GO Biological Processes,19,GO:0014743,regulation of muscle hypertrophy,19_GO:0032501 multicellular organismal process,-3,5.2,4.6,21160,87,278,6,2.2,0.87,17128|17260|19055|21937|108655|227753,Smad4|Mef2c|Ppp3ca|Tnfrsf1a|Foxp1|Gsn,-0.87,gene
GO Biological Processes,19,GO:0002009,morphogenesis of an epithelium,19_GO:0032502 developmental process,-3,2.4,3.7,21160,550,278,17,6.1,1.4,12305|15184|15242|17128|17260|19378|20191|20496|20665|24136|71436|74019|75415|106042|233066|245866|381979,Ddr1|Hdac5|Hhex|Smad4|Mef2c|Aldh1a2|Ryr2|Slc12a2|Sox10|Zeb2|Flrt3|Traf3ip1|Arhgap12|Prickle1|Syne4|Ift52|Brsk1,-0.87,gene
GO Biological Processes,19,GO:0050729,positive regulation of inflammatory response,19_GO:0048518 positive regulation of biological process,-3,3.9,4.2,21160,155,278,8,2.9,1,12266|12520|16852|20201|20202|21333|21937|77125,C3|Cd81|Lgals1|S100a8|S100a9|Tac1|Tnfrsf1a|Il33,-0.86,gene
GO Biological Processes,19,GO:1903050,regulation of proteolysis involved in protein catabolic process,19_GO:0050789 regulation of biological process,-3,3.3,4,21160,234,278,10,3.6,1.1,11816|14775|22041|28075|64383|68545|72607|77125|106042|223870,Apoe|Gpx1|Trf|Desi1|Sirt2|Ecscr|Usp13|Il33|Prickle1|Senp1,-0.84,gene
GO Biological Processes,19,GO:0060537,muscle tissue development,19_GO:0032502 developmental process,-2.9,2.6,3.8,21160,410,278,14,5,1.3,11364|13007|14775|17128|17131|17260|19055|19378|20191|103806|106042|108655|241226|286940,Acadm|Csrp1|Gpx1|Smad4|Smad7|Mef2c|Ppp3ca|Aldh1a2|Ryr2|Maml1|Prickle1|Foxp1|Itga8|Flnb,-0.84,gene
GO Biological Processes,19,GO:0007507,heart development,19_GO:0032502 developmental process,-2.9,2.2,3.6,21160,656,278,19,6.8,1.5,11364|13544|15184|15242|17128|17131|17260|19378|20191|21937|56177|71436|74019|103806|106042|108655|140859|243743|245866,Acadm|Dvl3|Hdac5|Hhex|Smad4|Smad7|Mef2c|Aldh1a2|Ryr2|Tnfrsf1a|Olfm1|Flrt3|Traf3ip1|Maml1|Prickle1|Foxp1|Nek8|Plxna4|Ift52,-0.83,gene
Reactome Gene Sets,6,R-MMU-388396,GPCR downstream signalling,,-2.9,2.3,3.7,21160,556,278,17,6.1,1.4,11515|12266|12424|13488|14683|14701|14714|14763|18573|18619|19049|20604|21333|70839|109648|233571|387285,Adcy9|C3|Cck|Drd1|Gnas|Gng12|Gnrh1|Gpr37|Pde1a|Penk|Ppp1r1b|Sst|Tac1|P2ry12|Npy|P2ry6|Hcrtr2,-0.83,gene
GO Biological Processes,19,GO:1903706,regulation of hemopoiesis,19_GO:0002376 immune system process,-2.9,2.5,3.7,21160,459,278,15,5.4,1.4,13655|14683|16409|16418|16852|17131|17260|19055|19317|27220|67588|74256|99982|108655|223870,Egr3|Gnas|Itgam|Eif6|Lgals1|Smad7|Mef2c|Ppp3ca|Qki|Cartpt|Rnf41|Cyld|Kdm1a|Foxp1|Senp1,-0.83,gene
WikiPathways,27,WP232,G protein signaling pathways,,-2.9,5.1,4.5,21160,90,278,6,2.2,0.87,11515|14681|14683|14701|18573|19055,Adcy9|Gnao1|Gnas|Gng12|Pde1a|Ppp3ca,-0.83,gene
GO Biological Processes,19,GO:0043065,positive regulation of apoptotic process,19_GO:0048518 positive regulation of biological process,-2.9,2.2,3.6,21160,660,278,19,6.8,1.5,12017|12424|16852|17128|17153|17260|19378|20201|20202|21937|27280|50523|56177|64383|68545|74256|223696|227753|231872,Bag1|Cck|Lgals1|Smad4|Mal|Mef2c|Aldh1a2|S100a8|S100a9|Tnfrsf1a|Phlda3|Lats2|Olfm1|Sirt2|Ecscr|Cyld|Tomm22|Gsn|Aimp2,-0.83,gene
GO Biological Processes,19,GO:0044060,regulation of endocrine process,19_GO:0032501 multicellular organismal process,-2.9,6.2,4.7,21160,61,278,5,1.8,0.8,14683|17128|21333|58869|78896,Gnas|Smad4|Tac1|Pex5l|Ecrg4,-0.83,gene
GO Biological Processes,19,GO:0014002,astrocyte development,19_GO:0032502 developmental process,-2.9,8.5,5.2,21160,36,278,4,1.4,0.71,13488|20201|20202|24136,Drd1|S100a8|S100a9|Zeb2,-0.83,gene
GO Biological Processes,19,GO:2001014,regulation of skeletal muscle cell differentiation,19_GO:0032502 developmental process,-2.9,8.5,5.2,21160,36,278,4,1.4,0.71,15184|17260|67040|270190,Hdac5|Mef2c|Ddx17|Ephb1,-0.83,gene
Reactome Gene Sets,6,R-MMU-77289,Mitochondrial Fatty Acid Beta-Oxidation,,-2.9,8.5,5.2,21160,36,278,4,1.4,0.71,11364|17850|171210|231086,Acadm|Mmut|Acot2|Hadhb,-0.83,gene
Reactome Gene Sets,6,R-MMU-194315,Signaling by Rho GTPases,,-2.9,2.3,3.6,21160,562,278,17,6.1,1.4,11857|12539|13544|16480|16885|20201|20202|22153|22319|22627|68458|75415|98386|170791|223254|223870|234865,Arhgdib|Cdc37|Dvl3|Jup|Limk1|S100a8|S100a9|Tubb4a|Vamp3|Ywhae|Ppp1r14a|Arhgap12|Lbr|Rbm39|Farp1|Senp1|Nup133,-0.8,gene
GO Biological Processes,19,GO:0009611,response to wounding,19_GO:0050896 response to stimulus,-2.9,2.5,3.7,21160,465,278,15,5.4,1.4,11815|12304|12305|12490|14683|14775|17136|18613|21824|57875|66961|70839|71436|77125|78896,Apod|Pdia4|Ddr1|Cd34|Gnas|Gpx1|Mag|Pecam1|Thbd|Angptl4|Neat1|P2ry12|Flrt3|Il33|Ecrg4,-0.8,gene
GO Biological Processes,19,GO:0002793,positive regulation of peptide secretion,19_GO:0051179 localization,-2.9,3.8,4.1,21160,161,278,8,2.9,1,11307|14683|20201|20202|20614|58869|78896|230908,Abcg1|Gnas|S100a8|S100a9|Snap25|Pex5l|Ecrg4|Tardbp,-0.8,gene
GO Biological Processes,19,GO:0031400,negative regulation of protein modification process,19_GO:0048519 negative regulation of biological process,-2.9,2.5,3.7,21160,418,278,14,5,1.3,11816|12017|15242|16885|17131|18613|50523|52840|64383|72948|74019|75141|230908|268697,Apoe|Bag1|Hhex|Limk1|Smad7|Pecam1|Lats2|Dbndd2|Sirt2|Tppp|Traf3ip1|Rasd2|Tardbp|Ccnb1,-0.8,gene
WikiPathways,27,WP4466,Oxidative stress and redox pathway,,-2.9,5,4.4,21160,92,278,6,2.2,0.87,11758|14775|14854|14859|20201|20202,Prdx6|Gpx1|Gss|Gsta3|S100a8|S100a9,-0.8,gene
GO Biological Processes,19,GO:0002791,regulation of peptide secretion,19_GO:0051179 localization,-2.9,3,3.8,21160,283,278,11,4,1.2,11307|14681|14683|19055|20201|20202|20614|27220|58869|78896|230908,Abcg1|Gnao1|Gnas|Ppp3ca|S100a8|S100a9|Snap25|Cartpt|Pex5l|Ecrg4|Tardbp,-0.8,gene
GO Biological Processes,19,GO:0043537,negative regulation of blood vessel endothelial cell migration,19_GO:0040011 locomotion,-2.9,8.2,5.1,21160,37,278,4,1.4,0.71,11816|15184|16480|17260,Apoe|Hdac5|Jup|Mef2c,-0.8,gene
GO Biological Processes,19,GO:0014888,striated muscle adaptation,19_GO:0032501 multicellular organismal process,-2.9,8.2,5.1,21160,37,278,4,1.4,0.71,17128|17260|19055|227753,Smad4|Mef2c|Ppp3ca|Gsn,-0.8,gene
GO Biological Processes,19,GO:0032355,response to estradiol,19_GO:0050896 response to stimulus,-2.9,4.2,4.2,21160,126,278,7,2.5,0.94,12842|12955|14775|16008|18619|19378|208908,Col1a1|Cryab|Gpx1|Igfbp2|Penk|Aldh1a2|Ccdc62,-0.8,gene
GO Biological Processes,19,GO:0030336,negative regulation of cell migration,19_GO:0040011 locomotion,-2.9,2.8,3.8,21160,328,278,12,4.3,1.2,11815|11816|11857|13488|14714|15184|16480|17260|24071|24136|67588|77125,Apod|Apoe|Arhgdib|Drd1|Gnrh1|Hdac5|Jup|Mef2c|Synj2bp|Zeb2|Rnf41|Il33,-0.8,gene
GO Biological Processes,19,GO:0042176,regulation of protein catabolic process,19_GO:0050789 regulation of biological process,-2.8,2.6,3.7,21160,374,278,13,4.7,1.3,11816|12520|14775|17128|22041|28075|64383|67588|68545|72607|77125|106042|223870,Apoe|Cd81|Gpx1|Smad4|Trf|Desi1|Sirt2|Rnf41|Ecscr|Usp13|Il33|Prickle1|Senp1,-0.79,gene
GO Biological Processes,19,GO:0032970,regulation of actin filament-based process,19_GO:0050789 regulation of biological process,-2.8,2.5,3.7,21160,421,278,14,5,1.3,11475|14758|16480|16765|16885|17128|17260|18613|20191|21333|22351|24136|50876|227753,Acta2|Gpm6b|Jup|Stmn1|Limk1|Smad4|Mef2c|Pecam1|Ryr2|Tac1|Vill|Zeb2|Tmod2|Gsn,-0.79,gene
GO Biological Processes,19,GO:0050768,negative regulation of neurogenesis,19_GO:0048519 negative regulation of biological process,-2.8,3.7,4,21160,163,278,8,2.9,1,13643|17136|19055|20665|29869|64383|99982|239667,Efnb3|Mag|Ppp3ca|Sox10|Ulk2|Sirt2|Kdm1a|Dip2b,-0.79,gene
GO Biological Processes,19,GO:0090087,regulation of peptide transport,19_GO:0051179 localization,-2.8,2.9,3.8,21160,285,278,11,4,1.2,11307|14681|14683|19055|20201|20202|20614|27220|58869|78896|230908,Abcg1|Gnao1|Gnas|Ppp3ca|S100a8|S100a9|Snap25|Cartpt|Pex5l|Ecrg4|Tardbp,-0.79,gene
GO Biological Processes,19,GO:0071805,potassium ion transmembrane transport,19_GO:0051179 localization,-2.8,3.7,4,21160,164,278,8,2.9,1,15165|16492|16494|16520|20496|20614|70839|72961,Hcn1|Kcna4|Kcna6|Kcnj4|Slc12a2|Snap25|P2ry12|Slc17a7,-0.78,gene
GO Biological Processes,19,GO:0014015,positive regulation of gliogenesis,19_GO:0032502 developmental process,-2.8,4.9,4.3,21160,94,278,6,2.2,0.87,12017|17136|19317|20665|22041|77125,Bag1|Mag|Qki|Sox10|Trf|Il33,-0.78,gene
Reactome Gene Sets,6,R-MMU-9035034,RHOF GTPase cycle,,-2.8,8,5,21160,38,278,4,1.4,0.71,22319|75415|223254|223870,Vamp3|Arhgap12|Farp1|Senp1,-0.78,gene
GO Biological Processes,19,GO:0002090,regulation of receptor internalization,19_GO:0051179 localization,-2.8,4.8,4.3,21160,95,278,6,2.2,0.87,17957|24071|64383|68423|69727|234729,Napb|Synj2bp|Sirt2|Ankrd13d|Usp46|Vac14,-0.76,gene
GO Biological Processes,19,GO:0042391,regulation of membrane potential,19_GO:0065007 biological regulation,-2.8,2.3,3.5,21160,524,278,16,5.8,1.4,12424|13488|14394|15165|16480|16492|16494|17131|17260|19055|20191|21333|22627|58869|72961|108655,Cck|Drd1|Gabra1|Hcn1|Jup|Kcna4|Kcna6|Smad7|Mef2c|Ppp3ca|Ryr2|Tac1|Ywhae|Pex5l|Slc17a7|Foxp1,-0.75,gene
GO Biological Processes,19,GO:0045732,positive regulation of protein catabolic process,19_GO:0048518 positive regulation of biological process,-2.8,3.3,3.9,21160,206,278,9,3.2,1.1,11816|12520|22041|64383|67588|68545|72607|77125|106042,Apoe|Cd81|Trf|Sirt2|Rnf41|Ecscr|Usp13|Il33|Prickle1,-0.75,gene
GO Biological Processes,19,GO:0060627,regulation of vesicle-mediated transport,19_GO:0051179 localization,-2.8,2.2,3.5,21160,628,278,18,6.5,1.5,11816|12266|14299|16409|17957|18951|19055|22041|24071|64383|67801|68423|69727|72961|76338|108800|109648|234729,Apoe|C3|Ncs1|Itgam|Napb|Septin5|Ppp3ca|Trf|Synj2bp|Sirt2|Pllp|Ankrd13d|Usp46|Slc17a7|Rab2b|Ston2|Npy|Vac14,-0.74,gene
Reactome Gene Sets,6,R-MMU-9716542,"Signaling by Rho GTPases, Miro GTPases and RHOBTB3",,-2.8,2.2,3.5,21160,577,278,17,6.1,1.4,11857|12539|13544|16480|16885|20201|20202|22153|22319|22627|68458|75415|98386|170791|223254|223870|234865,Arhgdib|Cdc37|Dvl3|Jup|Limk1|S100a8|S100a9|Tubb4a|Vamp3|Ywhae|Ppp1r14a|Arhgap12|Lbr|Rbm39|Farp1|Senp1|Nup133,-0.74,gene
GO Biological Processes,19,GO:0034504,protein localization to nucleus,19_GO:0051179 localization,-2.8,3.3,3.9,21160,207,278,9,3.2,1.1,12842|13488|15242|19055|22627|77125|106042|229877|234865,Col1a1|Drd1|Hhex|Ppp3ca|Ywhae|Il33|Prickle1|Rap1gds1|Nup133,-0.74,gene
GO Biological Processes,19,GO:0002790,peptide secretion,19_GO:0051179 localization,-2.8,4.7,4.2,21160,97,278,6,2.2,0.87,20201|20202|20614|27220|74998|78896,S100a8|S100a9|Snap25|Cartpt|Rab11fip2|Ecrg4,-0.73,gene
GO Biological Processes,19,GO:0051962,positive regulation of nervous system development,19_GO:0032502 developmental process,-2.7,2.6,3.6,21160,384,278,13,4.7,1.3,11816|12017|16885|17136|19317|20665|22041|24136|71436|77125|99982|270190|320563,Apoe|Bag1|Limk1|Mag|Qki|Sox10|Trf|Zeb2|Flrt3|Il33|Kdm1a|Ephb1|Islr2,-0.73,gene
GO Biological Processes,19,GO:0007411,axon guidance,19_GO:0032502 developmental process,-2.7,3,3.8,21160,250,278,10,3.6,1.1,11658|13643|17128|17260|21367|29869|71436|108655|243743|270190,Alcam|Efnb3|Smad4|Mef2c|Cntn2|Ulk2|Flrt3|Foxp1|Plxna4|Ephb1,-0.73,gene
GO Biological Processes,19,GO:0045862,positive regulation of proteolysis,19_GO:0048518 positive regulation of biological process,-2.7,2.7,3.6,21160,339,278,12,4.3,1.2,11816|20201|20202|21367|22041|64383|68545|72607|77125|106042|223870|227753,Apoe|S100a8|S100a9|Cntn2|Trf|Sirt2|Ecscr|Usp13|Il33|Prickle1|Senp1|Gsn,-0.72,gene
GO Biological Processes,19,GO:0097485,neuron projection guidance,19_GO:0032502 developmental process,-2.7,3,3.7,21160,251,278,10,3.6,1.1,11658|13643|17128|17260|21367|29869|71436|108655|243743|270190,Alcam|Efnb3|Smad4|Mef2c|Cntn2|Ulk2|Flrt3|Foxp1|Plxna4|Ephb1,-0.72,gene
GO Biological Processes,19,GO:0045685,regulation of glial cell differentiation,19_GO:0032502 developmental process,-2.7,4.6,4.2,21160,99,278,6,2.2,0.87,12017|17136|19317|21367|64383|77125,Bag1|Mag|Qki|Cntn2|Sirt2|Il33,-0.7,gene
GO Biological Processes,19,GO:0045926,negative regulation of growth,19_GO:0040007 growth,-2.7,3,3.7,21160,253,278,10,3.6,1.1,12955|14683|17128|17136|17748|17750|29869|70925|108655|239667,Cryab|Gnas|Smad4|Mag|Mt1|Mt2|Ulk2|Cdkn2aip|Foxp1|Dip2b,-0.7,gene
GO Biological Processes,19,GO:0030178,negative regulation of Wnt signaling pathway,19_GO:0048519 negative regulation of biological process,-2.7,3.5,3.9,21160,172,278,8,2.9,1,11816|17128|20665|50523|74256|106042|320587|666048,Apoe|Smad4|Sox10|Lats2|Cyld|Prickle1|Tmem88b|Trabd2b,-0.69,gene
GO Biological Processes,19,GO:2000146,negative regulation of cell motility,19_GO:0040011 locomotion,-2.7,2.7,3.6,21160,344,278,12,4.3,1.2,11815|11816|11857|13488|14714|15184|16480|17260|24071|24136|67588|77125,Apod|Apoe|Arhgdib|Drd1|Gnrh1|Hdac5|Jup|Mef2c|Synj2bp|Zeb2|Rnf41|Il33,-0.68,gene
GO Biological Processes,19,GO:0051961,negative regulation of nervous system development,19_GO:0048519 negative regulation of biological process,-2.7,3.5,3.8,21160,173,278,8,2.9,1,13643|17136|19055|20665|29869|64383|99982|239667,Efnb3|Mag|Ppp3ca|Sox10|Ulk2|Sirt2|Kdm1a|Dip2b,-0.68,gene
Reactome Gene Sets,6,R-MMU-372790,Signaling by GPCR,,-2.7,2.2,3.4,21160,589,278,17,6.1,1.4,11515|12266|12424|13488|14683|14701|14714|14763|18573|18619|19049|20604|21333|70839|109648|233571|387285,Adcy9|C3|Cck|Drd1|Gnas|Gng12|Gnrh1|Gpr37|Pde1a|Penk|Ppp1r1b|Sst|Tac1|P2ry12|Npy|P2ry6|Hcrtr2,-0.67,gene
GO Biological Processes,19,GO:0060485,mesenchyme development,19_GO:0032502 developmental process,-2.7,3,3.7,21160,256,278,10,3.6,1.1,11475|17128|17260|19378|20665|24136|56177|67040|106042|234865,Acta2|Smad4|Mef2c|Aldh1a2|Sox10|Zeb2|Olfm1|Ddx17|Prickle1|Nup133,-0.67,gene
GO Biological Processes,19,GO:0050862,positive regulation of T cell receptor signaling pathway,19_GO:0002376 immune system process,-2.7,11,5.4,21160,20,278,3,1.1,0.62,12520|69727|74256,Cd81|Usp46|Cyld,-0.67,gene
GO Biological Processes,19,GO:0002861,regulation of inflammatory response to antigenic stimulus,19_GO:0002376 immune system process,-2.7,7.2,4.7,21160,42,278,4,1.4,0.71,12266|12520|14775|109648,C3|Cd81|Gpx1|Npy,-0.67,gene
Reactome Gene Sets,6,R-MMU-8953897,Cellular responses to stimuli,,-2.6,2.2,3.4,21160,543,278,16,5.8,1.4,11758|12017|12955|14683|14701|14775|17750|22153|22230|22627|56351|67089|69654|81489|234865|319594,Prdx6|Bag1|Cryab|Gnas|Gng12|Gpx1|Mt2|Tubb4a|Ufd1|Ywhae|Ptges3|Psmc6|Dctn2|Dnajb1|Nup133|Hif1an,-0.65,gene
WikiPathways,27,WP5242,Comprehensive IL 17A signaling,,-2.6,4.4,4,21160,103,278,6,2.2,0.87,11475|12266|12842|14701|17131|67089,Acta2|C3|Col1a1|Gng12|Smad7|Psmc6,-0.64,gene
GO Biological Processes,19,GO:0045745,positive regulation of G protein-coupled receptor signaling pathway,19_GO:0048518 positive regulation of biological process,-2.6,7.1,4.6,21160,43,278,4,1.4,0.71,12266|19144|21367|50876,C3|Klk6|Cntn2|Tmod2,-0.64,gene
GO Biological Processes,19,GO:0007613,memory,19_GO:0032501 multicellular organismal process,-2.6,3.4,3.8,21160,177,278,8,2.9,1,11816|12424|13488|19049|20614|21333|72961|241226,Apoe|Cck|Drd1|Ppp1r1b|Snap25|Tac1|Slc17a7|Itga8,-0.64,gene
GO Biological Processes,19,GO:0090090,negative regulation of canonical Wnt signaling pathway,19_GO:0048519 negative regulation of biological process,-2.6,3.8,3.9,21160,139,278,7,2.5,0.94,11816|17128|20665|50523|74256|106042|320587,Apoe|Smad4|Sox10|Lats2|Cyld|Prickle1|Tmem88b,-0.63,gene
GO Biological Processes,19,GO:0051146,striated muscle cell differentiation,19_GO:0032502 developmental process,-2.6,2.9,3.6,21160,261,278,10,3.6,1.1,11364|12520|13007|14775|17260|19055|50876|103806|106042|108655,Acadm|Cd81|Csrp1|Gpx1|Mef2c|Ppp3ca|Tmod2|Maml1|Prickle1|Foxp1,-0.63,gene
GO Biological Processes,19,GO:0090083,regulation of inclusion body assembly,19_GO:0050789 regulation of biological process,-2.6,11,5.2,21160,21,278,3,1.1,0.62,11816|67089|81489,Apoe|Psmc6|Dnajb1,-0.63,gene
GO Biological Processes,19,GO:0051591,response to cAMP,19_GO:0050896 response to stimulus,-2.6,4.4,4,21160,104,278,6,2.2,0.87,12842|14555|15165|18619|21824|99982,Col1a1|Gpd1|Hcn1|Penk|Thbd|Kdm1a,-0.63,gene
GO Biological Processes,19,GO:0060828,regulation of canonical Wnt signaling pathway,19_GO:0050896 response to stimulus,-2.6,2.9,3.6,21160,262,278,10,3.6,1.1,11816|12842|15242|17128|20665|24136|50523|74256|106042|320587,Apoe|Col1a1|Hhex|Smad4|Sox10|Zeb2|Lats2|Cyld|Prickle1|Tmem88b,-0.63,gene
KEGG Pathway,24,mmu04514,Cell adhesion molecules - Mus musculus (house mouse),,-2.6,3.4,3.7,21160,179,278,8,2.9,1,11658|12490|16409|17136|18417|18613|21367|241226,Alcam|Cd34|Itgam|Mag|Cldn11|Pecam1|Cntn2|Itga8,-0.62,gene
GO Biological Processes,19,GO:0051154,negative regulation of striated muscle cell differentiation,19_GO:0048519 negative regulation of biological process,-2.6,6.9,4.5,21160,44,278,4,1.4,0.71,15184|17128|22608|108655,Hdac5|Smad4|Ybx1|Foxp1,-0.62,gene
GO Biological Processes,19,GO:0045445,myoblast differentiation,19_GO:0032502 developmental process,-2.6,6.9,4.5,21160,44,278,4,1.4,0.71,14775|16852|67040|103806,Gpx1|Lgals1|Ddx17|Maml1,-0.62,gene
KEGG Pathway,24,mmu04962,Vasopressin-regulated water reabsorption - Mus musculus (house mouse),,-2.6,6.9,4.5,21160,44,278,4,1.4,0.71,11515|11857|14683|69654,Adcy9|Arhgdib|Gnas|Dctn2,-0.62,gene
GO Biological Processes,19,GO:0050867,positive regulation of cell activation,19_GO:0048518 positive regulation of biological process,-2.6,2.5,3.4,21160,401,278,13,4.7,1.3,11475|12520|13643|13655|16008|16852|17260|19055|21333|74256|77125|106759|107035,Acta2|Cd81|Efnb3|Egr3|Igfbp2|Lgals1|Mef2c|Ppp3ca|Tac1|Cyld|Il33|Ticam1|Fbxo38,-0.62,gene
GO Biological Processes,19,GO:0051223,regulation of protein transport,19_GO:0051179 localization,-2.6,2.2,3.3,21160,550,278,16,5.8,1.4,11307|11815|11816|12520|14681|14683|16480|19055|20496|20614|21937|22627|22771|27220|229877|230908,Abcg1|Apod|Apoe|Cd81|Gnao1|Gnas|Jup|Ppp3ca|Slc12a2|Snap25|Tnfrsf1a|Ywhae|Zic1|Cartpt|Rap1gds1|Tardbp,-0.62,gene
GO Biological Processes,19,GO:0098869,cellular oxidant detoxification,19_GO:0098754 detoxification,-2.6,5.2,4.2,21160,73,278,5,1.8,0.8,11758|11816|14775|20201|20202,Prdx6|Apoe|Gpx1|S100a8|S100a9,-0.61,gene
GO Biological Processes,19,GO:0042755,eating behavior,19_GO:0032501 multicellular organismal process,-2.5,6.8,4.5,21160,45,278,4,1.4,0.71,12424|13488|21367|241950,Cck|Drd1|Cntn2|Bbs12,-0.6,gene
Reactome Gene Sets,6,R-MMU-3371571,HSF1-dependent transactivation,,-2.5,10,5.1,21160,22,278,3,1.1,0.62,12955|56351|81489,Cryab|Ptges3|Dnajb1,-0.6,gene
GO Biological Processes,19,GO:0006813,potassium ion transport,19_GO:0051179 localization,-2.5,3.3,3.7,21160,182,278,8,2.9,1,15165|16492|16494|16520|20496|20614|70839|72961,Hcn1|Kcna4|Kcna6|Kcnj4|Slc12a2|Snap25|P2ry12|Slc17a7,-0.6,gene
GO Biological Processes,19,GO:0098900,regulation of action potential,19_GO:0050789 regulation of biological process,-2.5,5.1,4.1,21160,74,278,5,1.8,0.8,15165|16480|20191|21333|108655,Hcn1|Jup|Ryr2|Tac1|Foxp1,-0.59,gene
GO Biological Processes,19,GO:1903829,positive regulation of protein localization,19_GO:0051179 localization,-2.5,2.2,3.3,21160,556,278,16,5.8,1.4,11307|11816|12520|14683|16409|16480|18613|20614|21937|22627|22771|24071|74256|74998|223254|230908,Abcg1|Apoe|Cd81|Gnas|Itgam|Jup|Pecam1|Snap25|Tnfrsf1a|Ywhae|Zic1|Synj2bp|Cyld|Rab11fip2|Farp1|Tardbp,-0.59,gene
GO Biological Processes,19,GO:0050727,regulation of inflammatory response,19_GO:0050896 response to stimulus,-2.5,2.4,3.4,21160,407,278,13,4.7,1.3,11816|12266|12520|14775|16852|20201|20202|21333|21937|74256|77125|108655|109648,Apoe|C3|Cd81|Gpx1|Lgals1|S100a8|S100a9|Tac1|Tnfrsf1a|Cyld|Il33|Foxp1|Npy,-0.59,gene
GO Biological Processes,19,GO:0014013,regulation of gliogenesis,19_GO:0032502 developmental process,-2.5,3.7,3.8,21160,144,278,7,2.5,0.94,12017|17136|19317|20665|22041|64383|77125,Bag1|Mag|Qki|Sox10|Trf|Sirt2|Il33,-0.59,gene
GO Biological Processes,19,GO:0001558,regulation of cell growth,19_GO:0040007 growth,-2.5,2.3,3.3,21160,456,278,14,5,1.3,11816|12305|12955|16885|17128|17131|17136|29869|56177|70925|108655|239667|243743|320563,Apoe|Ddr1|Cryab|Limk1|Smad4|Smad7|Mag|Ulk2|Olfm1|Cdkn2aip|Foxp1|Dip2b|Plxna4|Islr2,-0.59,gene
GO Biological Processes,19,GO:0001933,negative regulation of protein phosphorylation,19_GO:0048519 negative regulation of biological process,-2.5,2.7,3.4,21160,313,278,11,4,1.2,11816|12017|15242|17131|18613|50523|52840|64383|74019|230908|268697,Apoe|Bag1|Hhex|Smad7|Pecam1|Lats2|Dbndd2|Sirt2|Traf3ip1|Tardbp|Ccnb1,-0.59,gene
GO Biological Processes,19,GO:0048738,cardiac muscle tissue development,19_GO:0032502 developmental process,-2.5,3,3.6,21160,225,278,9,3.2,1.1,11364|17128|17131|17260|19378|20191|103806|106042|108655,Acadm|Smad4|Smad7|Mef2c|Aldh1a2|Ryr2|Maml1|Prickle1|Foxp1,-0.59,gene
GO Biological Processes,19,GO:0030001,metal ion transport,19_GO:0051179 localization,-2.5,2.1,3.2,21160,662,278,18,6.5,1.5,14299|14325|14412|15165|16492|16494|16520|19055|20191|20496|20530|20614|22041|67739|67760|69029|70839|72961,Ncs1|Ftl1|Slc6a13|Hcn1|Kcna4|Kcna6|Kcnj4|Ppp3ca|Ryr2|Slc12a2|Slc31a2|Snap25|Trf|Slc48a1|Slc38a2|Smdt1|P2ry12|Slc17a7,-0.59,gene
GO Biological Processes,19,GO:0051153,regulation of striated muscle cell differentiation,19_GO:0032502 developmental process,-2.5,4.2,3.9,21160,108,278,6,2.2,0.87,15184|17128|17260|22608|103806|108655,Hdac5|Smad4|Mef2c|Ybx1|Maml1|Foxp1,-0.59,gene
Reactome Gene Sets,6,R-MMU-375276,Peptide ligand-binding receptors,,-2.5,3.3,3.6,21160,184,278,8,2.9,1,12266|12424|14763|18619|20604|21333|109648|387285,C3|Cck|Gpr37|Penk|Sst|Tac1|Npy|Hcrtr2,-0.59,gene
Reactome Gene Sets,6,R-MMU-418594,G alpha (i) signalling events,,-2.5,2.8,3.5,21160,269,278,10,3.6,1.1,11515|12266|14701|14763|18573|18619|19049|20604|70839|109648,Adcy9|C3|Gng12|Gpr37|Pde1a|Penk|Ppp1r1b|Sst|P2ry12|Npy,-0.59,gene
GO Biological Processes,19,GO:0071402,cellular response to lipoprotein particle stimulus,19_GO:0050896 response to stimulus,-2.5,6.6,4.4,21160,46,278,4,1.4,0.71,11307|11816|12520|106759,Abcg1|Apoe|Cd81|Ticam1,-0.59,gene
GO Biological Processes,19,GO:0007616,long-term memory,19_GO:0032501 multicellular organismal process,-2.5,6.6,4.4,21160,46,278,4,1.4,0.71,11816|20614|21333|72961,Apoe|Snap25|Tac1|Slc17a7,-0.59,gene
GO Biological Processes,19,GO:0009612,response to mechanical stimulus,19_GO:0050896 response to stimulus,-2.5,2.8,3.5,21160,270,278,10,3.6,1.1,12842|16008|16480|17136|20191|20496|21937|67760|77125|227753,Col1a1|Igfbp2|Jup|Mag|Ryr2|Slc12a2|Tnfrsf1a|Slc38a2|Il33|Gsn,-0.58,gene
GO Biological Processes,19,GO:0040013,negative regulation of locomotion,19_GO:0040011 locomotion,-2.5,2.5,3.4,21160,362,278,12,4.3,1.2,11815|11816|11857|13488|14714|15184|16480|17260|24071|24136|67588|77125,Apod|Apoe|Arhgdib|Drd1|Gnrh1|Hdac5|Jup|Mef2c|Synj2bp|Zeb2|Rnf41|Il33,-0.58,gene
GO Biological Processes,19,GO:0014898,cardiac muscle hypertrophy in response to stress,19_GO:0032501 multicellular organismal process,-2.5,9.9,4.9,21160,23,278,3,1.1,0.62,17128|17260|19055,Smad4|Mef2c|Ppp3ca,-0.58,gene
GO Biological Processes,19,GO:0043149,stress fiber assembly,19_GO:0009987 cellular process,-2.5,9.9,4.9,21160,23,278,3,1.1,0.62,16885|24136|269233,Limk1|Zeb2|Fam171a1,-0.58,gene
GO Biological Processes,19,GO:0045652,regulation of megakaryocyte differentiation,19_GO:0002376 immune system process,-2.5,9.9,4.9,21160,23,278,3,1.1,0.62,16418|17260|99982,Eif6|Mef2c|Kdm1a,-0.58,gene
GO Biological Processes,19,GO:0014887,cardiac muscle adaptation,19_GO:0032501 multicellular organismal process,-2.5,9.9,4.9,21160,23,278,3,1.1,0.62,17128|17260|19055,Smad4|Mef2c|Ppp3ca,-0.58,gene
GO Biological Processes,19,GO:0071875,adrenergic receptor signaling pathway,19_GO:0050896 response to stimulus,-2.5,9.9,4.9,21160,23,278,3,1.1,0.62,11515|13488|14683,Adcy9|Drd1|Gnas,-0.58,gene
GO Biological Processes,19,GO:0030038,contractile actin filament bundle assembly,19_GO:0009987 cellular process,-2.5,9.9,4.9,21160,23,278,3,1.1,0.62,16885|24136|269233,Limk1|Zeb2|Fam171a1,-0.58,gene
GO Biological Processes,19,GO:0003299,muscle hypertrophy in response to stress,19_GO:0032501 multicellular organismal process,-2.5,9.9,4.9,21160,23,278,3,1.1,0.62,17128|17260|19055,Smad4|Mef2c|Ppp3ca,-0.58,gene
Reactome Gene Sets,6,R-MMU-112310,Neurotransmitter release cycle,,-2.5,6.5,4.3,21160,47,278,4,1.4,0.71,14412|14417|67760|72961,Slc6a13|Gad2|Slc38a2|Slc17a7,-0.58,gene
GO Biological Processes,19,GO:0031647,regulation of protein stability,19_GO:0065007 biological regulation,-2.5,2.5,3.3,21160,365,278,12,4.3,1.2,12017|12520|12539|12955|13544|17131|56351|69727|70925|72607|227753|230908,Bag1|Cd81|Cdc37|Cryab|Dvl3|Smad7|Ptges3|Usp46|Cdkn2aip|Usp13|Gsn|Tardbp,-0.57,gene
GO Biological Processes,19,GO:0050769,positive regulation of neurogenesis,19_GO:0032502 developmental process,-2.5,2.6,3.4,21160,319,278,11,4,1.2,11816|12017|16885|17136|19317|20665|22041|24136|77125|99982|320563,Apoe|Bag1|Limk1|Mag|Qki|Sox10|Trf|Zeb2|Il33|Kdm1a|Islr2,-0.56,gene
GO Biological Processes,19,GO:0021954,central nervous system neuron development,19_GO:0032502 developmental process,-2.5,4.1,3.8,21160,111,278,6,2.2,0.87,13488|21367|24136|109648|243743|270190,Drd1|Cntn2|Zeb2|Npy|Plxna4|Ephb1,-0.56,gene
Reactome Gene Sets,6,R-MMU-3858494,Beta-catenin independent WNT signaling,,-2.5,4.1,3.8,21160,111,278,6,2.2,0.87,13544|14681|14701|19055|67089|106042,Dvl3|Gnao1|Gng12|Ppp3ca|Psmc6|Prickle1,-0.56,gene
GO Biological Processes,19,GO:0006874,intracellular calcium ion homeostasis,19_GO:0042592 homeostatic process,-2.5,3,3.5,21160,230,278,9,3.2,1.1,11816|14299|20191|22627|69029|109648|217893|229877|387285,Apoe|Ncs1|Ryr2|Ywhae|Smdt1|Npy|Pacs2|Rap1gds1|Hcrtr2,-0.56,gene
GO Biological Processes,19,GO:0043588,skin development,19_GO:0032502 developmental process,-2.5,2.6,3.4,21160,320,278,11,4,1.2,12842|14683|16480|16765|17128|19055|20249|50523|56351|286940|338521,Col1a1|Gnas|Jup|Stmn1|Smad4|Ppp3ca|Scd1|Lats2|Ptges3|Flnb|Fa2h,-0.56,gene
GO Biological Processes,19,GO:0031346,positive regulation of cell projection organization,19_GO:0048518 positive regulation of biological process,-2.4,2.3,3.2,21160,465,278,14,5,1.3,11816|12305|12396|13544|16885|19317|20202|20713|24136|70839|72722|99982|107035|320563,Apoe|Ddr1|Cbfa2t2|Dvl3|Limk1|Qki|S100a9|Serpini1|Zeb2|P2ry12|Fam98a|Kdm1a|Fbxo38|Islr2,-0.56,gene
Reactome Gene Sets,6,R-MMU-9013405,RHOD GTPase cycle,,-2.4,6.3,4.3,21160,48,278,4,1.4,0.71,22319|75415|98386|170791,Vamp3|Arhgap12|Lbr|Rbm39,-0.56,gene
GO Biological Processes,19,GO:0031589,cell-substrate adhesion,19_GO:0009987 cellular process,-2.4,3.2,3.5,21160,189,278,8,2.9,1,12305|12490|16409|18613|21367|22319|241226|270190,Ddr1|Cd34|Itgam|Pecam1|Cntn2|Vamp3|Itga8|Ephb1,-0.56,gene
GO Biological Processes,19,GO:0044283,small molecule biosynthetic process,19_GO:0009987 cellular process,-2.4,2.3,3.2,21160,466,278,14,5,1.3,11636|14417|14555|19317|19378|20249|56351|67092|98386|107272|110391|236539|320685|338521,Ak1|Gad2|Gpd1|Qki|Aldh1a2|Scd1|Ptges3|Gatm|Lbr|Psat1|Qdpr|Phgdh|Dctd|Fa2h,-0.56,gene
Reactome Gene Sets,6,R-MMU-8957275,Post-translational protein phosphorylation,,-2.4,4.1,3.8,21160,112,278,6,2.2,0.87,11816|12266|16852|18619|22041|74761,Apoe|C3|Lgals1|Penk|Trf|Mxra8,-0.56,gene
GO Biological Processes,19,GO:1901800,positive regulation of proteasomal protein catabolic process,19_GO:0048518 positive regulation of biological process,-2.4,4.1,3.8,21160,112,278,6,2.2,0.87,22041|64383|68545|72607|77125|106042,Trf|Sirt2|Ecscr|Usp13|Il33|Prickle1,-0.56,gene
GO Biological Processes,19,GO:0046824,positive regulation of nucleocytoplasmic transport,19_GO:0051179 localization,-2.4,4.9,4,21160,78,278,5,1.8,0.8,16480|21937|22627|22771|230908,Jup|Tnfrsf1a|Ywhae|Zic1|Tardbp,-0.56,gene
GO Biological Processes,19,GO:0035590,purinergic nucleotide receptor signaling pathway,19_GO:0050896 response to stimulus,-2.4,9.5,4.8,21160,24,278,3,1.1,0.62,21367|70839|233571,Cntn2|P2ry12|P2ry6,-0.56,gene
GO Biological Processes,19,GO:0007263,nitric oxide mediated signal transduction,19_GO:0050896 response to stimulus,-2.4,9.5,4.8,21160,24,278,3,1.1,0.62,11816|17748|17750,Apoe|Mt1|Mt2,-0.56,gene
GO Biological Processes,19,GO:0090316,positive regulation of intracellular protein transport,19_GO:0051179 localization,-2.4,4,3.7,21160,113,278,6,2.2,0.87,12520|16480|21937|22627|22771|230908,Cd81|Jup|Tnfrsf1a|Ywhae|Zic1|Tardbp,-0.55,gene
GO Biological Processes,19,GO:1903115,regulation of actin filament-based movement,19_GO:0050789 regulation of biological process,-2.4,6.2,4.2,21160,49,278,4,1.4,0.71,11475|16480|20191|24136,Acta2|Jup|Ryr2|Zeb2,-0.54,gene
GO Biological Processes,19,GO:0040011,locomotion,19_GO:0040011 locomotion,-2.4,2.4,3.3,21160,373,278,12,4.3,1.2,13655|14763|16409|20201|20202|20496|67272|68545|71436|243743|270190|387285,Egr3|Gpr37|Itgam|S100a8|S100a9|Slc12a2|Cmtm5|Ecscr|Flrt3|Plxna4|Ephb1|Hcrtr2,-0.53,gene
GO Biological Processes,19,GO:0032095,regulation of response to food,19_GO:0050896 response to stimulus,-2.4,9.1,4.7,21160,25,278,3,1.1,0.62,12424|27220|109648,Cck|Cartpt|Npy,-0.52,gene
KEGG Pathway,24,mmu04921,Oxytocin signaling pathway - Mus musculus (house mouse),,-2.4,3.5,3.6,21160,153,278,7,2.5,0.94,11515|14681|14683|16520|17260|19055|20191,Adcy9|Gnao1|Gnas|Kcnj4|Mef2c|Ppp3ca|Ryr2,-0.52,gene
GO Biological Processes,19,GO:0007628,adult walking behavior,19_GO:0032501 multicellular organismal process,-2.4,6.1,4.2,21160,50,278,4,1.4,0.71,13488|13643|21367|22771,Drd1|Efnb3|Cntn2|Zic1,-0.52,gene
Reactome Gene Sets,6,R-MMU-3371497,HSP90 chaperone cycle for steroid hormone receptors (SHR) in the presence of ligand,,-2.4,6.1,4.2,21160,50,278,4,1.4,0.71,22153|56351|69654|81489,Tubb4a|Ptges3|Dctn2|Dnajb1,-0.52,gene
GO Biological Processes,19,GO:0051480,regulation of cytosolic calcium ion concentration,19_GO:0042592 homeostatic process,-2.4,4.7,3.8,21160,81,278,5,1.8,0.8,14299|20191|22627|109648|387285,Ncs1|Ryr2|Ywhae|Npy|Hcrtr2,-0.51,gene
GO Biological Processes,19,GO:0042306,regulation of protein import into nucleus,19_GO:0051179 localization,-2.4,4.7,3.8,21160,81,278,5,1.8,0.8,11815|16480|21937|22771|230908,Apod|Jup|Tnfrsf1a|Zic1|Tardbp,-0.51,gene
GO Biological Processes,19,GO:0006909,phagocytosis,19_GO:0051179 localization,-2.4,3.5,3.5,21160,154,278,7,2.5,0.94,16409|18613|67739|74998|75415|227753|233571,Itgam|Pecam1|Slc48a1|Rab11fip2|Arhgap12|Gsn|P2ry6,-0.51,gene
GO Biological Processes,19,GO:0043502,regulation of muscle adaptation,19_GO:0032501 multicellular organismal process,-2.4,3.9,3.7,21160,116,278,6,2.2,0.87,17128|17260|19055|21937|108655|227753,Smad4|Mef2c|Ppp3ca|Tnfrsf1a|Foxp1|Gsn,-0.51,gene
GO Biological Processes,19,GO:0002696,positive regulation of leukocyte activation,19_GO:0002376 immune system process,-2.4,2.4,3.2,21160,377,278,12,4.3,1.2,12520|13643|13655|16008|16852|17260|19055|21333|74256|77125|106759|107035,Cd81|Efnb3|Egr3|Igfbp2|Lgals1|Mef2c|Ppp3ca|Tac1|Cyld|Il33|Ticam1|Fbxo38,-0.51,gene
GO Biological Processes,19,GO:0001944,vasculature development,19_GO:0032502 developmental process,-2.4,2,3.1,21160,633,278,17,6.1,1.4,11475|11816|12266|12490|12842|13655|14775|15242|17131|17260|18613|19317|19378|57875|68545|106042|270190,Acta2|Apoe|C3|Cd34|Col1a1|Egr3|Gpx1|Hhex|Smad7|Mef2c|Pecam1|Qki|Aldh1a2|Angptl4|Ecscr|Prickle1|Ephb1,-0.5,gene
GO Biological Processes,19,GO:0070201,regulation of establishment of protein localization,19_GO:0051179 localization,-2.3,2,3.1,21160,635,278,17,6.1,1.4,11307|11815|11816|12520|14681|14683|16409|16480|19055|20496|20614|21937|22627|22771|27220|229877|230908,Abcg1|Apod|Apoe|Cd81|Gnao1|Gnas|Itgam|Jup|Ppp3ca|Slc12a2|Snap25|Tnfrsf1a|Ywhae|Zic1|Cartpt|Rap1gds1|Tardbp,-0.49,gene
GO Biological Processes,19,GO:0030900,forebrain development,19_GO:0032502 developmental process,-2.3,2.2,3.1,21160,480,278,14,5,1.3,12799|13488|15242|16409|19378|21367|22627|22771|24136|67760|70839|99982|109648|243743,Cnp|Drd1|Hhex|Itgam|Aldh1a2|Cntn2|Ywhae|Zic1|Zeb2|Slc38a2|P2ry12|Kdm1a|Npy|Plxna4,-0.48,gene
Reactome Gene Sets,6,R-MMU-382551,Transport of small molecules,,-2.3,2,3,21160,638,278,17,6.1,1.4,11307|11815|11816|14412|14683|14701|18399|20191|20496|22041|57875|67089|67760|67963|69029|72961|74998,Abcg1|Apod|Apoe|Slc6a13|Gnas|Gng12|Slc22a6|Ryr2|Slc12a2|Trf|Angptl4|Psmc6|Slc38a2|Npc2|Smdt1|Slc17a7|Rab11fip2,-0.48,gene
GO Biological Processes,19,GO:0008277,regulation of G protein-coupled receptor signaling pathway,19_GO:0050896 response to stimulus,-2.3,3.4,3.5,21160,157,278,7,2.5,0.94,12266|16765|19055|19144|21367|50876|67298,C3|Stmn1|Ppp3ca|Klk6|Cntn2|Tmod2|Gprasp1,-0.48,gene
WikiPathways,27,WP4346,Cholesterol metabolism with Bloch and Kandutsch Russell pathways,,-2.3,5.9,4,21160,52,278,4,1.4,0.71,11307|20249|98386|171210,Abcg1|Scd1|Lbr|Acot2,-0.48,gene
GO Biological Processes,19,GO:0042326,negative regulation of phosphorylation,19_GO:0048519 negative regulation of biological process,-2.3,2.5,3.2,21160,334,278,11,4,1.2,11816|12017|15242|17131|18613|50523|52840|64383|74019|230908|268697,Apoe|Bag1|Hhex|Smad7|Pecam1|Lats2|Dbndd2|Sirt2|Traf3ip1|Tardbp|Ccnb1,-0.47,gene
GO Biological Processes,19,GO:0030111,regulation of Wnt signaling pathway,19_GO:0050896 response to stimulus,-2.3,2.5,3.2,21160,336,278,11,4,1.2,11816|12842|15242|17128|20665|24136|50523|74256|106042|320587|666048,Apoe|Col1a1|Hhex|Smad4|Sox10|Zeb2|Lats2|Cyld|Prickle1|Tmem88b|Trabd2b,-0.45,gene
GO Biological Processes,19,GO:0010038,response to metal ion,19_GO:0050896 response to stimulus,-2.3,2.4,3.1,21160,385,278,12,4.3,1.2,14854|15165|17260|17748|17750|18619|19055|20191|20496|22041|67092|227753,Gss|Hcn1|Mef2c|Mt1|Mt2|Penk|Ppp3ca|Ryr2|Slc12a2|Trf|Gatm|Gsn,-0.45,gene
GO Biological Processes,19,GO:0014706,striated muscle tissue development,19_GO:0032502 developmental process,-2.3,2.4,3.1,21160,385,278,12,4.3,1.2,11364|14775|17128|17131|17260|19055|19378|20191|103806|106042|108655|286940,Acadm|Gpx1|Smad4|Smad7|Mef2c|Ppp3ca|Aldh1a2|Ryr2|Maml1|Prickle1|Foxp1|Flnb,-0.45,gene
GO Biological Processes,19,GO:0032288,myelin assembly,19_GO:0032502 developmental process,-2.3,8.5,4.5,21160,27,278,3,1.1,0.62,17136|17433|72948,Mag|Mobp|Tppp,-0.45,gene
Reactome Gene Sets,6,R-MMU-8963899,Plasma lipoprotein remodeling,,-2.3,8.5,4.5,21160,27,278,3,1.1,0.62,11307|11816|57875,Abcg1|Apoe|Angptl4,-0.45,gene
GO Biological Processes,19,GO:0090205,positive regulation of cholesterol metabolic process,19_GO:0048518 positive regulation of biological process,-2.3,8.5,4.5,21160,27,278,3,1.1,0.62,11307|11816|19317,Abcg1|Apoe|Qki,-0.45,gene
GO Biological Processes,19,GO:0007212,G protein-coupled dopamine receptor signaling pathway,19_GO:0050896 response to stimulus,-2.3,8.5,4.5,21160,27,278,3,1.1,0.62,13488|14681|14683,Drd1|Gnao1|Gnas,-0.45,gene
GO Biological Processes,19,GO:0010977,negative regulation of neuron projection development,19_GO:0048519 negative regulation of biological process,-2.3,3.3,3.4,21160,160,278,7,2.5,0.94,11816|12396|13643|16852|17136|29869|239667,Apoe|Cbfa2t2|Efnb3|Lgals1|Mag|Ulk2|Dip2b,-0.45,gene
GO Biological Processes,19,GO:0043410,positive regulation of MAPK cascade,19_GO:0048518 positive regulation of biological process,-2.3,2.1,3,21160,539,278,15,5.4,1.4,11475|11816|12266|12520|13488|13544|14763|16012|17260|24136|27220|109648|227753|233571|384009,Acta2|Apoe|C3|Cd81|Drd1|Dvl3|Gpr37|Igfbp6|Mef2c|Zeb2|Cartpt|Npy|Gsn|P2ry6|Glipr2,-0.45,gene
GO Biological Processes,19,GO:0046887,positive regulation of hormone secretion,19_GO:0051179 localization,-2.3,3,3.3,21160,202,278,8,2.9,1,11307|14683|17128|20614|21333|58869|78896|230908,Abcg1|Gnas|Smad4|Snap25|Tac1|Pex5l|Ecrg4|Tardbp,-0.44,gene
GO Biological Processes,19,GO:0001568,blood vessel development,19_GO:0032502 developmental process,-2.3,2.1,3,21160,593,278,16,5.8,1.4,11475|11816|12490|12842|13655|14775|15242|17131|17260|18613|19317|19378|57875|68545|106042|270190,Acta2|Apoe|Cd34|Col1a1|Egr3|Gpx1|Hhex|Smad7|Mef2c|Pecam1|Qki|Aldh1a2|Angptl4|Ecscr|Prickle1|Ephb1,-0.44,gene
GO Biological Processes,19,GO:0030029,actin filament-based process,19_GO:0009987 cellular process,-2.3,2.1,3,21160,593,278,16,5.8,1.4,13007|16885|19317|20191|20202|22041|22351|24136|50876|75415|77767|223254|227753|229877|269233|286940,Csrp1|Limk1|Qki|Ryr2|S100a9|Trf|Vill|Zeb2|Tmod2|Arhgap12|Ermn|Farp1|Gsn|Rap1gds1|Fam171a1|Flnb,-0.44,gene
GO Biological Processes,19,GO:0042307,positive regulation of protein import into nucleus,19_GO:0051179 localization,-2.3,5.6,3.9,21160,54,278,4,1.4,0.71,16480|21937|22771|230908,Jup|Tnfrsf1a|Zic1|Tardbp,-0.44,gene
GO Biological Processes,19,GO:0015833,peptide transport,19_GO:0051179 localization,-2.3,3.7,3.5,21160,122,278,6,2.2,0.87,20201|20202|20614|27220|74998|78896,S100a8|S100a9|Snap25|Cartpt|Rab11fip2|Ecrg4,-0.44,gene
KEGG Pathway,24,mmu04911,Insulin secretion - Mus musculus (house mouse),,-2.3,4.4,3.7,21160,86,278,5,1.8,0.8,11515|12424|14683|20191|20614,Adcy9|Cck|Gnas|Ryr2|Snap25,-0.44,gene
GO Biological Processes,19,GO:0051251,positive regulation of lymphocyte activation,19_GO:0002376 immune system process,-2.3,2.5,3.1,21160,340,278,11,4,1.2,12520|13643|13655|16008|16852|17260|19055|21333|74256|106759|107035,Cd81|Efnb3|Egr3|Igfbp2|Lgals1|Mef2c|Ppp3ca|Tac1|Cyld|Ticam1|Fbxo38,-0.44,gene
Reactome Gene Sets,6,R-MMU-5689880,Ub-specific processing proteases,,-2.2,3.3,3.4,21160,162,278,7,2.5,0.94,17128|17131|22230|67089|72607|74256|77125,Smad4|Smad7|Ufd1|Psmc6|Usp13|Cyld|Il33,-0.44,gene
GO Biological Processes,19,GO:0002521,leukocyte differentiation,19_GO:0032502 developmental process,-2.2,2.2,3,21160,491,278,14,5,1.3,12520|15184|15242|16409|16852|17260|19317|22041|74256|77125|98386|99982|108655|233912,Cd81|Hdac5|Hhex|Itgam|Lgals1|Mef2c|Qki|Trf|Cyld|Il33|Lbr|Kdm1a|Foxp1|Armc5,-0.44,gene
GO Biological Processes,19,GO:0009914,hormone transport,19_GO:0051179 localization,-2.2,3.7,3.5,21160,123,278,6,2.2,0.87,12971|20614|27220|74998|78896|114679,Crym|Snap25|Cartpt|Rab11fip2|Ecrg4|Selenom,-0.44,gene
GO Biological Processes,19,GO:0106118,regulation of sterol biosynthetic process,19_GO:0050789 regulation of biological process,-2.2,8.2,4.4,21160,28,278,3,1.1,0.62,11307|11816|19317,Abcg1|Apoe|Qki,-0.44,gene
GO Biological Processes,19,GO:1903909,regulation of receptor clustering,19_GO:0051179 localization,-2.2,8.2,4.4,21160,28,278,3,1.1,0.62,12520|223254|227753,Cd81|Farp1|Gsn,-0.44,gene
GO Biological Processes,19,GO:0002523,leukocyte migration involved in inflammatory response,19_GO:0002376 immune system process,-2.2,8.2,4.4,21160,28,278,3,1.1,0.62,16409|20201|20202,Itgam|S100a8|S100a9,-0.44,gene
GO Biological Processes,19,GO:0031295,T cell costimulation,19_GO:0002376 immune system process,-2.2,8.2,4.4,21160,28,278,3,1.1,0.62,12520|13643|16852,Cd81|Efnb3|Lgals1,-0.44,gene
GO Biological Processes,19,GO:0045540,regulation of cholesterol biosynthetic process,19_GO:0050789 regulation of biological process,-2.2,8.2,4.4,21160,28,278,3,1.1,0.62,11307|11816|19317,Abcg1|Apoe|Qki,-0.44,gene
GO Biological Processes,19,GO:1905207,regulation of cardiocyte differentiation,19_GO:0032502 developmental process,-2.2,8.2,4.4,21160,28,278,3,1.1,0.62,17128|17260|106042,Smad4|Mef2c|Prickle1,-0.44,gene
KEGG Pathway,24,mmu04978,Mineral absorption - Mus musculus (house mouse),,-2.2,5.5,3.9,21160,55,278,4,1.4,0.71,14325|17748|17750|22041,Ftl1|Mt1|Mt2|Trf,-0.43,gene
GO Biological Processes,19,GO:0009896,positive regulation of catabolic process,19_GO:0048518 positive regulation of biological process,-2.2,2.1,3,21160,546,278,15,5.4,1.4,11816|12520|12539|14555|19317|22041|64383|67588|68545|68961|72607|77125|106042|106759|230908,Apoe|Cd81|Cdc37|Gpd1|Qki|Trf|Sirt2|Rnf41|Ecscr|Phkg2|Usp13|Il33|Prickle1|Ticam1|Tardbp,-0.42,gene
GO Biological Processes,19,GO:0030162,regulation of proteolysis,19_GO:0050789 regulation of biological process,-2.2,2,2.9,21160,653,278,17,6.1,1.4,11816|12955|14775|20201|20202|20713|21367|22041|28075|64383|68545|72607|77125|106042|223870|227753|245866,Apoe|Cryab|Gpx1|S100a8|S100a9|Serpini1|Cntn2|Trf|Desi1|Sirt2|Ecscr|Usp13|Il33|Prickle1|Senp1|Gsn|Ift52,-0.42,gene
GO Biological Processes,19,GO:0046686,response to cadmium ion,19_GO:0050896 response to stimulus,-2.2,5.4,3.8,21160,56,278,4,1.4,0.71,14854|17748|17750|227753,Gss|Mt1|Mt2|Gsn,-0.41,gene
GO Biological Processes,19,GO:0051145,smooth muscle cell differentiation,19_GO:0032502 developmental process,-2.2,5.4,3.8,21160,56,278,4,1.4,0.71,12266|17260|19317|241226,C3|Mef2c|Qki|Itga8,-0.41,gene
GO Biological Processes,19,GO:0006936,muscle contraction,19_GO:0032501 multicellular organismal process,-2.2,2.9,3.2,21160,208,278,8,2.9,1,11475|13488|17883|17896|20191|50876|227753|229877,Acta2|Drd1|Myh3|Myl4|Ryr2|Tmod2|Gsn|Rap1gds1,-0.4,gene
GO Biological Processes,19,GO:0071560,cellular response to transforming growth factor beta stimulus,19_GO:0050896 response to stimulus,-2.2,3.2,3.3,21160,166,278,7,2.5,0.94,11475|12842|17128|17131|17260|18619|241226,Acta2|Col1a1|Smad4|Smad7|Mef2c|Penk|Itga8,-0.4,gene
GO Biological Processes,19,GO:0071320,cellular response to cAMP,19_GO:0050896 response to stimulus,-2.2,5.3,3.8,21160,57,278,4,1.4,0.71,14555|15165|18619|99982,Gpd1|Hcn1|Penk|Kdm1a,-0.39,gene
GO Biological Processes,19,GO:0034109,homotypic cell-cell adhesion,19_GO:0009987 cellular process,-2.2,5.3,3.8,21160,57,278,4,1.4,0.71,12304|14683|16480|70839,Pdia4|Gnas|Jup|P2ry12,-0.39,gene
GO Biological Processes,19,GO:0001678,intracellular glucose homeostasis,19_GO:0042592 homeostatic process,-2.2,3.6,3.4,21160,127,278,6,2.2,0.87,12842|14775|17128|19055|27220|74998,Col1a1|Gpx1|Smad4|Ppp3ca|Cartpt|Rab11fip2,-0.39,gene
GO Biological Processes,19,GO:0050804,modulation of chemical synaptic transmission,19_GO:0050789 regulation of biological process,-2.2,1.9,2.9,21160,772,278,19,6.8,1.5,11816|13488|13643|14299|14681|17260|18619|19055|19157|20496|20614|21333|21367|67760|69727|76161|109648|270190|381979,Apoe|Drd1|Efnb3|Ncs1|Gnao1|Mef2c|Penk|Ppp3ca|Cyth1|Slc12a2|Snap25|Tac1|Cntn2|Slc38a2|Usp46|Lamp5|Npy|Ephb1|Brsk1,-0.38,gene
GO Biological Processes,19,GO:0046883,regulation of hormone secretion,19_GO:0051179 localization,-2.2,2.4,3,21160,350,278,11,4,1.2,11307|14681|14683|17128|19055|20614|21333|27220|58869|78896|230908,Abcg1|Gnao1|Gnas|Smad4|Ppp3ca|Snap25|Tac1|Cartpt|Pex5l|Ecrg4|Tardbp,-0.38,gene
GO Biological Processes,19,GO:0099177,regulation of trans-synaptic signaling,19_GO:0050789 regulation of biological process,-2.2,1.9,2.8,21160,773,278,19,6.8,1.5,11816|13488|13643|14299|14681|17260|18619|19055|19157|20496|20614|21333|21367|67760|69727|76161|109648|270190|381979,Apoe|Drd1|Efnb3|Ncs1|Gnao1|Mef2c|Penk|Ppp3ca|Cyth1|Slc12a2|Snap25|Tac1|Cntn2|Slc38a2|Usp46|Lamp5|Npy|Ephb1|Brsk1,-0.38,gene
Reactome Gene Sets,6,R-MMU-8978868,Fatty acid metabolism,,-2.2,3.2,3.3,21160,168,278,7,2.5,0.94,11364|14775|17850|56351|57279|171210|231086,Acadm|Gpx1|Mmut|Ptges3|Slc25a20|Acot2|Hadhb,-0.38,gene
GO Biological Processes,19,GO:0001649,osteoblast differentiation,19_GO:0032502 developmental process,-2.2,3.6,3.4,21160,128,278,6,2.2,0.87,12842|15184|16008|17128|17260|18619,Col1a1|Hdac5|Igfbp2|Smad4|Mef2c|Penk,-0.38,gene
GO Biological Processes,19,GO:0031294,lymphocyte costimulation,19_GO:0002376 immune system process,-2.2,7.6,4.2,21160,30,278,3,1.1,0.62,12520|13643|16852,Cd81|Efnb3|Lgals1,-0.38,gene
GO Biological Processes,19,GO:0032098,regulation of appetite,19_GO:0050896 response to stimulus,-2.2,7.6,4.2,21160,30,278,3,1.1,0.62,12424|27220|109648,Cck|Cartpt|Npy,-0.38,gene
Reactome Gene Sets,6,R-MMU-432040,Vasopressin regulates renal water homeostasis via Aquaporins,,-2.2,7.6,4.2,21160,30,278,3,1.1,0.62,14683|14701|74998,Gnas|Gng12|Rab11fip2,-0.38,gene
Reactome Gene Sets,6,R-MMU-6807878,COPI-mediated anterograde transport,,-2.2,4.2,3.5,21160,91,278,5,1.8,0.8,11844|17957|22153|59042|69654,Arf5|Napb|Tubb4a|Cope|Dctn2,-0.38,gene
GO Biological Processes,19,GO:0045687,positive regulation of glial cell differentiation,19_GO:0032502 developmental process,-2.1,5.2,3.7,21160,58,278,4,1.4,0.71,12017|17136|19317|77125,Bag1|Mag|Qki|Il33,-0.38,gene
WikiPathways,27,WP3625,Tyrobp causal network in microglia,,-2.1,5.2,3.7,21160,58,278,4,1.4,0.71,12266|14775|16409|67963,C3|Gpx1|Itgam|Npc2,-0.38,gene
GO Biological Processes,19,GO:0050865,regulation of cell activation,19_GO:0032501 multicellular organismal process,-2.1,1.9,2.9,21160,666,278,17,6.1,1.4,11475|11816|12520|13643|13655|14714|16008|16852|17131|17260|19055|21333|67588|74256|77125|106759|107035,Acta2|Apoe|Cd81|Efnb3|Egr3|Gnrh1|Igfbp2|Lgals1|Smad7|Mef2c|Ppp3ca|Tac1|Rnf41|Cyld|Il33|Ticam1|Fbxo38,-0.37,gene
GO Biological Processes,19,GO:0008306,associative learning,19_GO:0032501 multicellular organismal process,-2.1,3.5,3.3,21160,130,278,6,2.2,0.87,12424|13488|19049|20614|21333|381979,Cck|Drd1|Ppp1r1b|Snap25|Tac1|Brsk1,-0.36,gene
KEGG Pathway,24,mmu04926,Relaxin signaling pathway - Mus musculus (house mouse),,-2.1,3.5,3.3,21160,130,278,6,2.2,0.87,11475|11515|12842|14681|14683|14701,Acta2|Adcy9|Col1a1|Gnao1|Gnas|Gng12,-0.36,gene
GO Biological Processes,19,GO:0050771,negative regulation of axonogenesis,19_GO:0048519 negative regulation of biological process,-2.1,5.2,3.7,21160,59,278,4,1.4,0.71,13643|17136|29869|239667,Efnb3|Mag|Ulk2|Dip2b,-0.36,gene
GO Biological Processes,19,GO:0055074,calcium ion homeostasis,19_GO:0042592 homeostatic process,-2.1,2.6,3.1,21160,260,278,9,3.2,1.1,11816|14299|20191|22627|69029|109648|217893|229877|387285,Apoe|Ncs1|Ryr2|Ywhae|Smdt1|Npy|Pacs2|Rap1gds1|Hcrtr2,-0.35,gene
Reactome Gene Sets,6,R-MMU-9013407,RHOH GTPase cycle,,-2.1,7.4,4.1,21160,31,278,3,1.1,0.62,11857|16480|22319,Arhgdib|Jup|Vamp3,-0.35,gene
GO Biological Processes,19,GO:0002888,positive regulation of myeloid leukocyte mediated immunity,19_GO:0002376 immune system process,-2.1,7.4,4.1,21160,31,278,3,1.1,0.62,12266|16409|106759,C3|Itgam|Ticam1,-0.35,gene
WikiPathways,27,WP3675,Factors and pathways affecting insulin like growth factor IGF1 Akt signaling,,-2.1,7.4,4.1,21160,31,278,3,1.1,0.62,16008|16012|21937,Igfbp2|Igfbp6|Tnfrsf1a,-0.35,gene
GO Biological Processes,19,GO:0021543,pallium development,19_GO:0032502 developmental process,-2.1,2.8,3.1,21160,215,278,8,2.9,1,13488|22627|22771|24136|67760|70839|99982|109648,Drd1|Ywhae|Zic1|Zeb2|Slc38a2|P2ry12|Kdm1a|Npy,-0.35,gene
GO Biological Processes,19,GO:0007584,response to nutrient,19_GO:0050896 response to stimulus,-2.1,3.1,3.2,21160,172,278,7,2.5,0.94,12842|14775|16008|18619|19378|20249|67092,Col1a1|Gpx1|Igfbp2|Penk|Aldh1a2|Scd1|Gatm,-0.35,gene
GO Biological Processes,19,GO:0090659,walking behavior,19_GO:0032501 multicellular organismal process,-2.1,5.1,3.6,21160,60,278,4,1.4,0.71,13488|13643|21367|22771,Drd1|Efnb3|Cntn2|Zic1,-0.35,gene
GO Biological Processes,19,GO:1902930,regulation of alcohol biosynthetic process,19_GO:0050789 regulation of biological process,-2.1,5.1,3.6,21160,60,278,4,1.4,0.71,11307|11816|19317|233571,Abcg1|Apoe|Qki|P2ry6,-0.35,gene
GO Biological Processes,19,GO:1902903,regulation of supramolecular fiber organization,19_GO:0050789 regulation of biological process,-2.1,2.2,2.9,21160,408,278,12,4.3,1.2,11816|12955|16765|16885|17128|17260|18613|21333|22153|22351|50876|227753,Apoe|Cryab|Stmn1|Limk1|Smad4|Mef2c|Pecam1|Tac1|Tubb4a|Vill|Tmod2|Gsn,-0.35,gene
GO Biological Processes,19,GO:0032434,regulation of proteasomal ubiquitin-dependent protein catabolic process,19_GO:0050789 regulation of biological process,-2.1,3.5,3.3,21160,132,278,6,2.2,0.87,22041|28075|64383|77125|106042|223870,Trf|Desi1|Sirt2|Il33|Prickle1|Senp1,-0.35,gene
GO Biological Processes,19,GO:1903052,positive regulation of proteolysis involved in protein catabolic process,19_GO:0048518 positive regulation of biological process,-2.1,3.5,3.3,21160,132,278,6,2.2,0.87,22041|64383|68545|72607|77125|106042,Trf|Sirt2|Ecscr|Usp13|Il33|Prickle1,-0.35,gene
GO Biological Processes,19,GO:0031644,regulation of nervous system process,19_GO:0032501 multicellular organismal process,-2.1,3.1,3.2,21160,173,278,7,2.5,0.94,17136|19317|20665|21333|22041|27220|72948,Mag|Qki|Sox10|Tac1|Trf|Cartpt|Tppp,-0.35,gene
GO Biological Processes,19,GO:0071559,response to transforming growth factor beta,19_GO:0050896 response to stimulus,-2.1,3.1,3.2,21160,174,278,7,2.5,0.94,11475|12842|17128|17131|17260|18619|241226,Acta2|Col1a1|Smad4|Smad7|Mef2c|Penk|Itga8,-0.34,gene
GO Biological Processes,19,GO:0051336,regulation of hydrolase activity,19_GO:0065007 biological regulation,-2.1,2,2.8,21160,621,278,16,5.8,1.4,12955|13544|14775|16765|17260|17850|20201|20202|20713|57875|72774|74998|223870|227753|229877|231821,Cryab|Dvl3|Gpx1|Stmn1|Mef2c|Mmut|S100a8|S100a9|Serpini1|Angptl4|Neil1|Rab11fip2|Senp1|Gsn|Rap1gds1|Adap1,-0.34,gene
GO Biological Processes,19,GO:0048598,embryonic morphogenesis,19_GO:0032502 developmental process,-2.1,1.9,2.8,21160,676,278,17,6.1,1.4,13544|14683|15242|17128|17260|19378|20191|22608|22771|24136|50523|71436|74019|106042|233912|241226|245866,Dvl3|Gnas|Hhex|Smad4|Mef2c|Aldh1a2|Ryr2|Ybx1|Zic1|Zeb2|Lats2|Flrt3|Traf3ip1|Prickle1|Armc5|Itga8|Ift52,-0.34,gene
GO Biological Processes,19,GO:0071276,cellular response to cadmium ion,19_GO:0050896 response to stimulus,-2.1,7.1,4,21160,32,278,3,1.1,0.62,17748|17750|227753,Mt1|Mt2|Gsn,-0.34,gene
GO Biological Processes,19,GO:1903846,positive regulation of cellular response to transforming growth factor beta stimulus,19_GO:0048518 positive regulation of biological process,-2.1,7.1,4,21160,32,278,3,1.1,0.62,17128|24136|241226,Smad4|Zeb2|Itga8,-0.34,gene
GO Biological Processes,19,GO:0000154,rRNA modification,19_GO:0009987 cellular process,-2.1,7.1,4,21160,32,278,3,1.1,0.62,14113|68327|237730,Fbl|Tsr3|Fbll1,-0.34,gene
WikiPathways,27,WP3588,Fatty acid beta oxidation streamlined,,-2.1,7.1,4,21160,32,278,3,1.1,0.62,11364|57279|231086,Acadm|Slc25a20|Hadhb,-0.34,gene
GO Biological Processes,19,GO:0030511,positive regulation of transforming growth factor beta receptor signaling pathway,19_GO:0048518 positive regulation of biological process,-2.1,7.1,4,21160,32,278,3,1.1,0.62,17128|24136|241226,Smad4|Zeb2|Itga8,-0.34,gene
GO Biological Processes,19,GO:0021952,central nervous system projection neuron axonogenesis,19_GO:0032502 developmental process,-2.1,7.1,4,21160,32,278,3,1.1,0.62,24136|243743|270190,Zeb2|Plxna4|Ephb1,-0.34,gene
Reactome Gene Sets,6,R-MMU-3371453,Regulation of HSF1-mediated heat shock response,,-2.1,5,3.6,21160,61,278,4,1.4,0.71,12017|22627|81489|234865,Bag1|Ywhae|Dnajb1|Nup133,-0.34,gene
GO Biological Processes,19,GO:0030099,myeloid cell differentiation,19_GO:0032502 developmental process,-2.1,2.3,2.9,21160,361,278,11,4,1.2,12520|15242|16409|17260|19317|22041|67739|77125|98386|99982|108655,Cd81|Hhex|Itgam|Mef2c|Qki|Trf|Slc48a1|Il33|Lbr|Kdm1a|Foxp1,-0.33,gene
GO Biological Processes,19,GO:0051494,negative regulation of cytoskeleton organization,19_GO:0048519 negative regulation of biological process,-2.1,3,3.1,21160,175,278,7,2.5,0.94,16765|17128|18613|22153|22351|50876|227753,Stmn1|Smad4|Pecam1|Tubb4a|Vill|Tmod2|Gsn,-0.33,gene
GO Biological Processes,19,GO:0031345,negative regulation of cell projection organization,19_GO:0048519 negative regulation of biological process,-2.1,2.8,3,21160,220,278,8,2.9,1,11816|12396|13643|16852|17136|19055|29869|239667,Apoe|Cbfa2t2|Efnb3|Lgals1|Mag|Ppp3ca|Ulk2|Dip2b,-0.32,gene
GO Biological Processes,19,GO:0046394,carboxylic acid biosynthetic process,19_GO:0009987 cellular process,-2.1,2.6,3,21160,266,278,9,3.2,1.1,14417|19317|19378|20249|56351|67092|107272|236539|338521,Gad2|Qki|Aldh1a2|Scd1|Ptges3|Gatm|Psat1|Phgdh|Fa2h,-0.32,gene
Reactome Gene Sets,6,R-MMU-112316,Neuronal System,,-2.1,2.4,2.9,21160,314,278,10,3.6,1.1,11515|14394|14412|14417|14701|15165|16492|16494|67760|72961,Adcy9|Gabra1|Slc6a13|Gad2|Gng12|Hcn1|Kcna4|Kcna6|Slc38a2|Slc17a7,-0.32,gene
GO Biological Processes,19,GO:0007160,cell-matrix adhesion,19_GO:0009987 cellular process,-2,3.4,3.2,21160,135,278,6,2.2,0.87,12305|12490|16409|18613|21367|241226,Ddr1|Cd34|Itgam|Pecam1|Cntn2|Itga8,-0.32,gene
GO Biological Processes,19,GO:0030837,negative regulation of actin filament polymerization,19_GO:0048519 negative regulation of biological process,-2,4.9,3.6,21160,62,278,4,1.4,0.71,18613|22351|50876|227753,Pecam1|Vill|Tmod2|Gsn,-0.32,gene
GO Biological Processes,19,GO:0034405,response to fluid shear stress,19_GO:0050896 response to stimulus,-2,6.9,3.9,21160,33,278,3,1.1,0.62,15184|17131|17260,Hdac5|Smad7|Mef2c,-0.31,gene
GO Biological Processes,19,GO:0098657,import into cell,19_GO:0051179 localization,-2,1.9,2.7,21160,683,278,17,6.1,1.4,11816|12520|13016|14412|16409|16520|18613|20496|21367|24071|67739|67760|74998|75415|108800|227753|233571,Apoe|Cd81|Ctbp1|Slc6a13|Itgam|Kcnj4|Pecam1|Slc12a2|Cntn2|Synj2bp|Slc48a1|Slc38a2|Rab11fip2|Arhgap12|Ston2|Gsn|P2ry6,-0.31,gene
KEGG Pathway,24,mmu04728,Dopaminergic synapse - Mus musculus (house mouse),,-2,3.4,3.2,21160,136,278,6,2.2,0.87,13488|14681|14683|14701|19049|19055,Drd1|Gnao1|Gnas|Gng12|Ppp1r1b|Ppp3ca,-0.31,gene
Reactome Gene Sets,6,R-MMU-6811442,Intra-Golgi and retrograde Golgi-to-ER traffic,,-2,3,3.1,21160,178,278,7,2.5,0.94,11844|17957|19157|22153|22319|59042|69654,Arf5|Napb|Cyth1|Tubb4a|Vamp3|Cope|Dctn2,-0.31,gene
Reactome Gene Sets,6,R-MMU-174824,"Plasma lipoprotein assembly, remodeling, and clearance",,-2,4.8,3.5,21160,63,278,4,1.4,0.71,11307|11816|57875|67963,Abcg1|Apoe|Angptl4|Npc2,-0.3,gene
GO Biological Processes,19,GO:0007159,leukocyte cell-cell adhesion,19_GO:0009987 cellular process,-2,4.8,3.5,21160,63,278,4,1.4,0.71,16409|18613|20201|20202,Itgam|Pecam1|S100a8|S100a9,-0.3,gene
GO Biological Processes,19,GO:0007052,mitotic spindle organization,19_GO:0009987 cellular process,-2,3.9,3.3,21160,98,278,5,1.8,0.8,16765|68519|69654|106042|268697,Stmn1|Eml1|Dctn2|Prickle1|Ccnb1,-0.3,gene
GO Biological Processes,19,GO:0051222,positive regulation of protein transport,19_GO:0051179 localization,-2,2.4,2.9,21160,318,278,10,3.6,1.1,11307|11816|12520|14683|16480|20614|21937|22627|22771|230908,Abcg1|Apoe|Cd81|Gnas|Jup|Snap25|Tnfrsf1a|Ywhae|Zic1|Tardbp,-0.3,gene
GO Biological Processes,19,GO:0016053,organic acid biosynthetic process,19_GO:0009987 cellular process,-2,2.5,2.9,21160,270,278,9,3.2,1.1,14417|19317|19378|20249|56351|67092|107272|236539|338521,Gad2|Qki|Aldh1a2|Scd1|Ptges3|Gatm|Psat1|Phgdh|Fa2h,-0.3,gene
GO Biological Processes,19,GO:0033157,regulation of intracellular protein transport,19_GO:0051179 localization,-2,3,3,21160,180,278,7,2.5,0.94,11815|12520|16480|21937|22627|22771|230908,Apod|Cd81|Jup|Tnfrsf1a|Ywhae|Zic1|Tardbp,-0.3,gene
KEGG Pathway,24,mmu04713,Circadian entrainment - Mus musculus (house mouse),,-2,3.8,3.3,21160,99,278,5,1.8,0.8,11515|14681|14683|14701|20191,Adcy9|Gnao1|Gnas|Gng12|Ryr2,-0.3,gene
GO Biological Processes,19,GO:0032292,peripheral nervous system axon ensheathment,19_GO:0032502 developmental process,-2,6.7,3.8,21160,34,278,3,1.1,0.62,17988|64383|338521,Ndrg1|Sirt2|Fa2h,-0.3,gene
GO Biological Processes,19,GO:0022011,myelination in peripheral nervous system,19_GO:0032502 developmental process,-2,6.7,3.8,21160,34,278,3,1.1,0.62,17988|64383|338521,Ndrg1|Sirt2|Fa2h,-0.3,gene
GO Biological Processes,19,GO:0051693,actin filament capping,19_GO:0048519 negative regulation of biological process,-2,6.7,3.8,21160,34,278,3,1.1,0.62,22351|50876|227753,Vill|Tmod2|Gsn,-0.3,gene
GO Biological Processes,19,GO:0034250,positive regulation of amide metabolic process,19_GO:0048518 positive regulation of biological process,-2,6.7,3.8,21160,34,278,3,1.1,0.62,11307|11816|21937,Abcg1|Apoe|Tnfrsf1a,-0.3,gene
GO Biological Processes,19,GO:0008045,motor neuron axon guidance,19_GO:0032502 developmental process,-2,6.7,3.8,21160,34,278,3,1.1,0.62,11658|108655|243743,Alcam|Foxp1|Plxna4,-0.3,gene
GO Biological Processes,19,GO:0034121,regulation of toll-like receptor signaling pathway,19_GO:0044419 biological process involved in interspecies interaction between organisms,-2,6.7,3.8,21160,34,278,3,1.1,0.62,20201|20202|22627,S100a8|S100a9|Ywhae,-0.3,gene
GO Biological Processes,19,GO:0033344,cholesterol efflux,19_GO:0051179 localization,-2,6.7,3.8,21160,34,278,3,1.1,0.62,11307|11816|67963,Abcg1|Apoe|Npc2,-0.3,gene
GO Biological Processes,19,GO:0051085,chaperone cofactor-dependent protein refolding,19_GO:0009987 cellular process,-2,6.7,3.8,21160,34,278,3,1.1,0.62,12017|56351|81489,Bag1|Ptges3|Dnajb1,-0.3,gene
WikiPathways,27,WP1269,Fatty acid beta oxidation,,-2,6.7,3.8,21160,34,278,3,1.1,0.62,11364|57279|231086,Acadm|Slc25a20|Hadhb,-0.3,gene
GO Biological Processes,19,GO:0008015,blood circulation,19_GO:0032501 multicellular organismal process,-2,2.1,2.8,21160,472,278,13,4.7,1.3,11475|11816|13488|14683|14775|17896|20191|21333|24136|27220|109648|227753|229877,Acta2|Apoe|Drd1|Gnas|Gpx1|Myl4|Ryr2|Tac1|Zeb2|Cartpt|Npy|Gsn|Rap1gds1,-0.3,gene
