_MEMBER_gene,_LogP_gene,GO,Description,_PATTERN_,_RANK_,GiniIndex
1,-2.4,R-MMU-9013405,RHOD GTPase cycle,M1,1,0
1,-2.3,GO:0007212,G protein-coupled dopamine receptor signaling pathway,M1,1,0
1,-7.6,GO:0007272,ensheathment of neurons,M1,1,0
1,-3.2,GO:0010717,regulation of epithelial to mesenchymal transition,M1,1,0
1,-2.1,WP3675,Factors and pathways affecting insulin like growth factor IGF1 Akt signaling,M1,1,0
1,-3.6,GO:0048729,tissue morphogenesis,M1,1,0
1,-2.5,GO:0001933,negative regulation of protein phosphorylation,M1,1,0
1,-3.7,GO:0098754,detoxification,M1,1,0
1,-2.3,GO:0090205,positive regulation of cholesterol metabolic process,M1,1,0
1,-2.6,GO:0045745,positive regulation of G protein-coupled receptor signaling pathway,M1,1,0
1,-3.5,GO:1903532,positive regulation of secretion by cell,M1,1,0
1,-2.2,R-MMU-8978868,Fatty acid metabolism,M1,1,0
1,-2.7,GO:0051962,positive regulation of nervous system development,M1,1,0
1,-2.1,GO:1902930,regulation of alcohol biosynthetic process,M1,1,0
1,-4.6,GO:2000822,regulation of behavioral fear response,M1,1,0
1,-2.5,R-MMU-3371571,HSF1-dependent transactivation,M1,1,0
1,-2.3,GO:0015833,peptide transport,M1,1,0
1,-2,GO:0022011,myelination in peripheral nervous system,M1,1,0
1,-4.8,GO:0048667,cell morphogenesis involved in neuron differentiation,M1,1,0
1,-2.1,mmu04926,Relaxin signaling pathway - Mus musculus (house mouse),M1,1,0
1,-6.8,GO:0042552,myelination,M1,1,0
1,-2,GO:0007052,mitotic spindle organization,M1,1,0
1,-4.3,GO:0098771,inorganic ion homeostasis,M1,1,0
1,-2.5,GO:0014013,regulation of gliogenesis,M1,1,0
1,-3.6,GO:0048638,regulation of developmental growth,M1,1,0
1,-2.8,GO:0002090,regulation of receptor internalization,M1,1,0
1,-2.2,GO:0006936,muscle contraction,M1,1,0
1,-2.9,GO:0007507,heart development,M1,1,0
1,-3.7,mmu05032,Morphine addiction - Mus musculus (house mouse),M1,1,0
1,-3.1,mmu04724,Glutamatergic synapse - Mus musculus (house mouse),M1,1,0
1,-9.6,GO:0010001,glial cell differentiation,M1,1,0
1,-4,GO:0060560,developmental growth involved in morphogenesis,M1,1,0
1,-2.7,GO:0045685,regulation of glial cell differentiation,M1,1,0
1,-2.3,GO:0051251,positive regulation of lymphocyte activation,M1,1,0
1,-2.1,R-MMU-3371453,Regulation of HSF1-mediated heat shock response,M1,1,0
1,-2.4,GO:0051480,regulation of cytosolic calcium ion concentration,M1,1,0
1,-2.9,R-MMU-77289,Mitochondrial Fatty Acid Beta-Oxidation,M1,1,0
1,-2.8,GO:0032970,regulation of actin filament-based process,M1,1,0
1,-2.4,GO:0043502,regulation of muscle adaptation,M1,1,0
1,-2.5,GO:0003299,muscle hypertrophy in response to stress,M1,1,0
1,-2.5,GO:0071875,adrenergic receptor signaling pathway,M1,1,0
1,-3.7,GO:0061387,regulation of extent of cell growth,M1,1,0
1,-3.3,GO:0071871,response to epinephrine,M1,1,0
1,-2.1,GO:0045687,positive regulation of glial cell differentiation,M1,1,0
1,-2.2,GO:0030162,regulation of proteolysis,M1,1,0
1,-2.2,GO:0001678,intracellular glucose homeostasis,M1,1,0
1,-2.1,GO:0046394,carboxylic acid biosynthetic process,M1,1,0
1,-2.7,GO:0097485,neuron projection guidance,M1,1,0
1,-2.3,GO:0032288,myelin assembly,M1,1,0
1,-3.3,GO:0033238,regulation of amine metabolic process,M1,1,0
1,-3.5,GO:0030534,adult behavior,M1,1,0
1,-3.6,GO:0099538,synaptic signaling via neuropeptide,M1,1,0
1,-10,GO:0042063,gliogenesis,M1,1,0
1,-2.5,GO:0071402,cellular response to lipoprotein particle stimulus,M1,1,0
1,-2.2,R-MMU-432040,Vasopressin regulates renal water homeostasis via Aquaporins,M1,1,0
1,-5.7,GO:0099537,trans-synaptic signaling,M1,1,0
1,-3.1,GO:0010718,positive regulation of epithelial to mesenchymal transition,M1,1,0
1,-3.7,mmu04727,GABAergic synapse - Mus musculus (house mouse),M1,1,0
1,-2.5,R-MMU-3858494,Beta-catenin independent WNT signaling,M1,1,0
1,-3.4,GO:0032535,regulation of cellular component size,M1,1,0
1,-2.1,GO:0090659,walking behavior,M1,1,0
1,-3.7,GO:0042692,muscle cell differentiation,M1,1,0
1,-2.8,GO:0050768,negative regulation of neurogenesis,M1,1,0
1,-5.2,GO:0051046,regulation of secretion,M1,1,0
1,-2.9,GO:0031400,negative regulation of protein modification process,M1,1,0
1,-3.1,GO:0050795,regulation of behavior,M1,1,0
1,-5.6,GO:0048858,cell projection morphogenesis,M1,1,0
1,-7.2,GO:0061564,axon development,M1,1,0
1,-2.5,GO:0021954,central nervous system neuron development,M1,1,0
1,-2.1,R-MMU-112316,Neuronal System,M1,1,0
1,-4.6,GO:0055082,intracellular chemical homeostasis,M1,1,0
1,-3,GO:0007611,learning or memory,M1,1,0
1,-2.1,GO:0030099,myeloid cell differentiation,M1,1,0
1,-2.3,GO:0070201,regulation of establishment of protein localization,M1,1,0
1,-3,GO:1903050,regulation of proteolysis involved in protein catabolic process,M1,1,0
1,-3.5,GO:0009636,response to toxic substance,M1,1,0
1,-3.1,GO:0010611,regulation of cardiac muscle hypertrophy,M1,1,0
1,-3.9,GO:0072001,renal system development,M1,1,0
1,-2.8,GO:0045732,positive regulation of protein catabolic process,M1,1,0
1,-2.8,R-MMU-9035034,RHOF GTPase cycle,M1,1,0
1,-3.4,GO:0050801,monoatomic ion homeostasis,M1,1,0
1,-3.3,R-MMU-9759476,Regulation of Homotypic Cell-Cell Adhesion,M1,1,0
1,-2.1,GO:1903846,positive regulation of cellular response to transforming growth factor beta stimulus,M1,1,0
1,-3.5,GO:0061136,regulation of proteasomal protein catabolic process,M1,1,0
1,-2.5,GO:0040013,negative regulation of locomotion,M1,1,0
1,-3.9,GO:0040008,regulation of growth,M1,1,0
1,-3,GO:0001822,kidney development,M1,1,0
1,-2.9,R-MMU-388396,GPCR downstream signalling,M1,1,0
1,-2.8,GO:0002790,peptide secretion,M1,1,0
1,-4.5,GO:0031643,positive regulation of myelination,M1,1,0
1,-3,GO:0010596,negative regulation of endothelial cell migration,M1,1,0
1,-2.6,WP5242,Comprehensive IL 17A signaling,M1,1,0
1,-2.3,GO:0010038,response to metal ion,M1,1,0
1,-2.1,R-MMU-9013407,RHOH GTPase cycle,M1,1,0
1,-2.7,GO:0060485,mesenchyme development,M1,1,0
1,-2.8,GO:0071805,potassium ion transmembrane transport,M1,1,0
1,-3.1,R-MMU-373076,Class A/1 (Rhodopsin-like receptors),M1,1,0
1,-12,GO:0021782,glial cell development,M1,1,0
1,-3.3,GO:0050767,regulation of neurogenesis,M1,1,0
1,-2.9,GO:0014002,astrocyte development,M1,1,0
1,-2,GO:0034405,response to fluid shear stress,M1,1,0
1,-2.7,R-MMU-372790,Signaling by GPCR,M1,1,0
1,-2.4,GO:0046824,positive regulation of nucleocytoplasmic transport,M1,1,0
1,-2.2,GO:1905207,regulation of cardiocyte differentiation,M1,1,0
1,-2.4,GO:0042306,regulation of protein import into nucleus,M1,1,0
1,-2.3,GO:0042307,positive regulation of protein import into nucleus,M1,1,0
1,-4.4,GO:1903365,regulation of fear response,M1,1,0
1,-3.8,R-MMU-2995410,Nuclear Envelope (NE) Reassembly,M1,1,0
1,-3.1,GO:0033555,multicellular organismal response to stress,M1,1,0
1,-2.7,GO:0045862,positive regulation of proteolysis,M1,1,0
1,-2.9,WP232,G protein signaling pathways,M1,1,0
1,-2.5,GO:0048738,cardiac muscle tissue development,M1,1,0
1,-2.8,GO:0042391,regulation of membrane potential,M1,1,0
1,-2.4,GO:0044283,small molecule biosynthetic process,M1,1,0
1,-5.1,GO:0010975,regulation of neuron projection development,M1,1,0
1,-4,GO:0007631,feeding behavior,M1,1,0
1,-2.2,GO:0051145,smooth muscle cell differentiation,M1,1,0
1,-2.6,mmu04962,Vasopressin-regulated water reabsorption - Mus musculus (house mouse),M1,1,0
1,-5.5,GO:0099536,synaptic signaling,M1,1,0
1,-3.4,GO:0030516,regulation of axon extension,M1,1,0
1,-2,GO:0033157,regulation of intracellular protein transport,M1,1,0
1,-2.3,GO:0030900,forebrain development,M1,1,0
1,-4.1,GO:0031667,response to nutrient levels,M1,1,0
1,-7.6,GO:0008366,axon ensheathment,M1,1,0
1,-2.2,GO:0034109,homotypic cell-cell adhesion,M1,1,0
1,-2.2,GO:0009914,hormone transport,M1,1,0
1,-2.1,GO:0000154,rRNA modification,M1,1,0
1,-2.1,GO:0007584,response to nutrient,M1,1,0
1,-2.2,R-MMU-5689880,Ub-specific processing proteases,M1,1,0
1,-2.2,GO:0071560,cellular response to transforming growth factor beta stimulus,M1,1,0
1,-2.5,R-MMU-375276,Peptide ligand-binding receptors,M1,1,0
1,-2,R-MMU-174824,"Plasma lipoprotein assembly, remodeling, and clearance",M1,1,0
1,-4.9,GO:0098916,anterograde trans-synaptic signaling,M1,1,0
1,-2.1,GO:0050865,regulation of cell activation,M1,1,0
1,-2.9,GO:0043065,positive regulation of apoptotic process,M1,1,0
1,-3.5,GO:1903367,positive regulation of fear response,M1,1,0
1,-3,GO:0002009,morphogenesis of an epithelium,M1,1,0
1,-2,GO:0051222,positive regulation of protein transport,M1,1,0
1,-2.4,R-MMU-8957275,Post-translational protein phosphorylation,M1,1,0
1,-2.5,GO:0001558,regulation of cell growth,M1,1,0
1,-3.1,GO:0048733,sebaceous gland development,M1,1,0
1,-2,GO:0051085,chaperone cofactor-dependent protein refolding,M1,1,0
1,-3.1,GO:0055080,monoatomic cation homeostasis,M1,1,0
1,-2,WP1269,Fatty acid beta oxidation,M1,1,0
1,-2.5,GO:0009612,response to mechanical stimulus,M1,1,0
1,-2.1,GO:1902903,regulation of supramolecular fiber organization,M1,1,0
1,-4.8,GO:0043254,regulation of protein-containing complex assembly,M1,1,0
1,-4,GO:0048588,developmental cell growth,M1,1,0
1,-2.1,GO:0030511,positive regulation of transforming growth factor beta receptor signaling pathway,M1,1,0
1,-2.6,GO:0051146,striated muscle cell differentiation,M1,1,0
1,-3.8,R-MMU-381426,Regulation of Insulin-like Growth Factor (IGF) transport and uptake by Insulin-like Growth Factor Binding Proteins (IGFBPs),M1,1,0
1,-2.5,GO:0050769,positive regulation of neurogenesis,M1,1,0
1,-2.8,GO:0060627,regulation of vesicle-mediated transport,M1,1,0
1,-2.1,GO:0051494,negative regulation of cytoskeleton organization,M1,1,0
1,-4.5,GO:0061061,muscle structure development,M1,1,0
1,-2,GO:0030837,negative regulation of actin filament polymerization,M1,1,0
1,-2.1,GO:0055074,calcium ion homeostasis,M1,1,0
1,-4,GO:0050770,regulation of axonogenesis,M1,1,0
1,-2.9,GO:0032355,response to estradiol,M1,1,0
1,-2.6,GO:0090090,negative regulation of canonical Wnt signaling pathway,M1,1,0
1,-2.3,GO:0014706,striated muscle tissue development,M1,1,0
1,-2.7,GO:0051961,negative regulation of nervous system development,M1,1,0
1,-5.1,GO:0007409,axonogenesis,M1,1,0
1,-3.2,GO:0032272,negative regulation of protein polymerization,M1,1,0
1,-2.5,GO:0007616,long-term memory,M1,1,0
1,-2.4,GO:0006909,phagocytosis,M1,1,0
1,-3.3,R-MMU-9759475,Regulation of CDH11 Expression and Function,M1,1,0
1,-2.7,GO:0002861,regulation of inflammatory response to antigenic stimulus,M1,1,0
1,-2.5,R-MMU-112310,Neurotransmitter release cycle,M1,1,0
1,-3.1,R-MMU-500792,GPCR ligand binding,M1,1,0
1,-2.5,GO:0043588,skin development,M1,1,0
1,-3.6,GO:2000987,positive regulation of behavioral fear response,M1,1,0
1,-2.4,GO:0001944,vasculature development,M1,1,0
1,-2,GO:0008045,motor neuron axon guidance,M1,1,0
1,-3.2,GO:0046683,response to organophosphorus,M1,1,0
1,-4.9,GO:0007268,chemical synaptic transmission,M1,1,0
1,-2.5,GO:0045652,regulation of megakaryocyte differentiation,M1,1,0
1,-2.3,R-MMU-8963899,Plasma lipoprotein remodeling,M1,1,0
1,-2.3,GO:0042326,negative regulation of phosphorylation,M1,1,0
1,-2.6,GO:0050867,positive regulation of cell activation,M1,1,0
1,-3.3,GO:0031349,positive regulation of defense response,M1,1,0
1,-2,R-MMU-6811442,Intra-Golgi and retrograde Golgi-to-ER traffic,M1,1,0
1,-2.5,GO:0098900,regulation of action potential,M1,1,0
1,-5.1,GO:0061771,response to caloric restriction,M1,1,0
1,-3,GO:0014743,regulation of muscle hypertrophy,M1,1,0
1,-2.3,GO:0010977,negative regulation of neuron projection development,M1,1,0
1,-4.5,WP2910,Mecp2 and associated Rett syndrome,M1,1,0
1,-2.5,GO:0006874,intracellular calcium ion homeostasis,M1,1,0
1,-3.2,R-MMU-3371556,Cellular response to heat stress,M1,1,0
1,-2,GO:0032292,peripheral nervous system axon ensheathment,M1,1,0
1,-2.9,GO:0002791,regulation of peptide secretion,M1,1,0
1,-4,GO:0051129,negative regulation of cellular component organization,M1,1,0
1,-2,mmu04713,Circadian entrainment - Mus musculus (house mouse),M1,1,0
1,-2.2,GO:0046686,response to cadmium ion,M1,1,0
1,-2.1,GO:0050771,negative regulation of axonogenesis,M1,1,0
1,-4.5,GO:0051047,positive regulation of secretion,M1,1,0
1,-2.4,GO:0007628,adult walking behavior,M1,1,0
1,-2.2,GO:0046883,regulation of hormone secretion,M1,1,0
1,-2,GO:0098657,import into cell,M1,1,0
1,-2.1,GO:0008306,associative learning,M1,1,0
1,-2.5,GO:0042755,eating behavior,M1,1,0
1,-2.9,GO:0030336,negative regulation of cell migration,M1,1,0
1,-6.5,GO:0007267,cell-cell signaling,M1,1,0
1,-5.8,GO:0048812,neuron projection morphogenesis,M1,1,0
1,-2.9,GO:0009611,response to wounding,M1,1,0
1,-3.7,GO:0031641,regulation of myelination,M1,1,0
1,-2.6,GO:0051591,response to cAMP,M1,1,0
1,-2.3,GO:0001568,blood vessel development,M1,1,0
1,-3.6,GO:0048520,positive regulation of behavior,M1,1,0
1,-2.9,GO:1903706,regulation of hemopoiesis,M1,1,0
1,-2.9,GO:0002793,positive regulation of peptide secretion,M1,1,0
1,-2.5,GO:0043149,stress fiber assembly,M1,1,0
1,-4.3,R-MMU-2995383,Initiation of Nuclear Envelope (NE) Reformation,M1,1,0
1,-3.6,GO:0042069,regulation of catecholamine metabolic process,M1,1,0
1,-3.5,GO:0099612,protein localization to axon,M1,1,0
1,-2.5,GO:1903829,positive regulation of protein localization,M1,1,0
1,-3.3,GO:0014897,striated muscle hypertrophy,M1,1,0
1,-2,GO:0034250,positive regulation of amide metabolic process,M1,1,0
1,-2.9,GO:0014888,striated muscle adaptation,M1,1,0
1,-3.1,GO:0007422,peripheral nervous system development,M1,1,0
1,-2.5,GO:0014887,cardiac muscle adaptation,M1,1,0
1,-2.2,GO:0071320,cellular response to cAMP,M1,1,0
1,-2.5,R-MMU-418594,G alpha (i) signalling events,M1,1,0
1,-2.2,GO:1903909,regulation of receptor clustering,M1,1,0
1,-2.4,GO:1903115,regulation of actin filament-based movement,M1,1,0
1,-2.9,GO:2001014,regulation of skeletal muscle cell differentiation,M1,1,0
1,-2.2,GO:0002523,leukocyte migration involved in inflammatory response,M1,1,0
1,-2.6,GO:0098869,cellular oxidant detoxification,M1,1,0
1,-2.3,mmu04911,Insulin secretion - Mus musculus (house mouse),M1,1,0
1,-2.4,GO:1901800,positive regulation of proteasomal protein catabolic process,M1,1,0
1,-2.8,GO:0090087,regulation of peptide transport,M1,1,0
1,-3.6,GO:0035050,embryonic heart tube development,M1,1,0
1,-2.1,GO:0021543,pallium development,M1,1,0
1,-4.9,GO:0019725,cellular homeostasis,M1,1,0
1,-3.2,GO:0048259,regulation of receptor-mediated endocytosis,M1,1,0
1,-2.8,GO:0034504,protein localization to nucleus,M1,1,0
1,-2.8,GO:0042176,regulation of protein catabolic process,M1,1,0
1,-2.6,GO:0051154,negative regulation of striated muscle cell differentiation,M1,1,0
1,-3.4,GO:0043408,regulation of MAPK cascade,M1,1,0
1,-3.7,GO:0043500,muscle adaptation,M1,1,0
1,-2.9,GO:0044060,regulation of endocrine process,M1,1,0
1,-2.2,mmu04978,Mineral absorption - Mus musculus (house mouse),M1,1,0
1,-3.8,GO:0042053,regulation of dopamine metabolic process,M1,1,0
1,-2.4,GO:0032095,regulation of response to food,M1,1,0
1,-4,GO:0071407,cellular response to organic cyclic compound,M1,1,0
1,-2.2,GO:0045540,regulation of cholesterol biosynthetic process,M1,1,0
1,-3.1,WP385,Myometrial relaxation and contraction pathways,M1,1,0
1,-3.3,R-MMU-9764260,Regulation of Expression and Function of Type II Classical Cadherins,M1,1,0
1,-2.1,GO:1903052,positive regulation of proteolysis involved in protein catabolic process,M1,1,0
1,-2.3,GO:0043410,positive regulation of MAPK cascade,M1,1,0
1,-2.1,GO:0032434,regulation of proteasomal ubiquitin-dependent protein catabolic process,M1,1,0
1,-5.9,GO:0048709,oligodendrocyte differentiation,M1,1,0
1,-2.6,R-MMU-8953897,Cellular responses to stimuli,M1,1,0
1,-2.2,GO:0031294,lymphocyte costimulation,M1,1,0
1,-2.7,GO:0007411,axon guidance,M1,1,0
1,-3.6,GO:0098609,cell-cell adhesion,M1,1,0
1,-4,GO:0030003,intracellular monoatomic cation homeostasis,M1,1,0
1,-4.6,GO:0044057,regulation of system process,M1,1,0
1,-2.1,WP3588,Fatty acid beta oxidation streamlined,M1,1,0
1,-3.1,GO:0030100,regulation of endocytosis,M1,1,0
1,-2.1,GO:0002888,positive regulation of myeloid leukocyte mediated immunity,M1,1,0
1,-2.4,R-MMU-3371497,HSP90 chaperone cycle for steroid hormone receptors (SHR) in the presence of ligand,M1,1,0
1,-2.5,GO:0030038,contractile actin filament bundle assembly,M1,1,0
1,-2.6,GO:0051223,regulation of protein transport,M1,1,0
1,-3,GO:0050729,positive regulation of inflammatory response,M1,1,0
1,-2,GO:0051693,actin filament capping,M1,1,0
1,-3.2,GO:0008361,regulation of cell size,M1,1,0
1,-5.7,GO:0120039,plasma membrane bounded cell projection morphogenesis,M1,1,0
1,-2.8,R-MMU-9716542,"Signaling by Rho GTPases, Miro GTPases and RHOBTB3",M1,1,0
1,-2.3,GO:0030111,regulation of Wnt signaling pathway,M1,1,0
1,-6.6,GO:0032291,axon ensheathment in central nervous system,M1,1,0
1,-2.5,GO:0050727,regulation of inflammatory response,M1,1,0
1,-3.5,GO:0045637,regulation of myeloid cell differentiation,M1,1,0
1,-3.6,GO:0008343,adult feeding behavior,M1,1,0
1,-7.2,GO:0014003,oligodendrocyte development,M1,1,0
1,-3.5,GO:0040007,growth,M1,1,0
1,-2.8,GO:0014015,positive regulation of gliogenesis,M1,1,0
1,-2.4,GO:0007263,nitric oxide mediated signal transduction,M1,1,0
1,-3.2,GO:0035239,tube morphogenesis,M1,1,0
1,-2.1,GO:0031345,negative regulation of cell projection organization,M1,1,0
1,-3.3,GO:0150146,cell junction disassembly,M1,1,0
1,-2.4,mmu04921,Oxytocin signaling pathway - Mus musculus (house mouse),M1,1,0
1,-2.9,GO:0043537,negative regulation of blood vessel endothelial cell migration,M1,1,0
1,-3.5,GO:0014074,response to purine-containing compound,M1,1,0
1,-2.2,GO:0009896,positive regulation of catabolic process,M1,1,0
1,-2.1,GO:0048598,embryonic morphogenesis,M1,1,0
1,-2.4,GO:0031589,cell-substrate adhesion,M1,1,0
1,-2.9,GO:0060537,muscle tissue development,M1,1,0
1,-2.4,GO:0035590,purinergic nucleotide receptor signaling pathway,M1,1,0
1,-2.3,WP4346,Cholesterol metabolism with Bloch and Kandutsch Russell pathways,M1,1,0
1,-2.2,GO:0099177,regulation of trans-synaptic signaling,M1,1,0
1,-3.5,GO:0048589,developmental growth,M1,1,0
1,-3.5,GO:0090066,regulation of anatomical structure size,M1,1,0
1,-2.2,GO:0106118,regulation of sterol biosynthetic process,M1,1,0
1,-2.9,WP4466,Oxidative stress and redox pathway,M1,1,0
1,-2.5,GO:0014898,cardiac muscle hypertrophy in response to stress,M1,1,0
1,-2.5,GO:0051153,regulation of striated muscle cell differentiation,M1,1,0
1,-2.2,GO:0001649,osteoblast differentiation,M1,1,0
1,-3.8,GO:0045596,negative regulation of cell differentiation,M1,1,0
1,-5.1,GO:1903530,regulation of secretion by cell,M1,1,0
1,-2.3,GO:0008277,regulation of G protein-coupled receptor signaling pathway,M1,1,0
1,-3.3,GO:0010720,positive regulation of cell development,M1,1,0
1,-3.3,GO:0007218,neuropeptide signaling pathway,M1,1,0
1,-2.3,GO:0030029,actin filament-based process,M1,1,0
1,-2.2,GO:0002521,leukocyte differentiation,M1,1,0
1,-3.1,GO:0071880,adenylate cyclase-activating adrenergic receptor signaling pathway,M1,1,0
1,-2.4,GO:0090316,positive regulation of intracellular protein transport,M1,1,0
1,-2.9,R-MMU-194315,Signaling by Rho GTPases,M1,1,0
1,-2,GO:0034121,regulation of toll-like receptor signaling pathway,M1,1,0
1,-2,mmu04728,Dopaminergic synapse - Mus musculus (house mouse),M1,1,0
1,-2.1,GO:0021952,central nervous system projection neuron axonogenesis,M1,1,0
1,-3.2,GO:0014896,muscle hypertrophy,M1,1,0
1,-2.6,GO:0007613,memory,M1,1,0
1,-3.9,GO:0006873,intracellular monoatomic ion homeostasis,M1,1,0
1,-3.4,GO:0007626,locomotory behavior,M1,1,0
1,-2,GO:0008015,blood circulation,M1,1,0
1,-2.1,GO:0071559,response to transforming growth factor beta,M1,1,0
1,-2.2,R-MMU-6807878,COPI-mediated anterograde transport,M1,1,0
1,-2.7,GO:2000146,negative regulation of cell motility,M1,1,0
1,-3.8,GO:0016049,cell growth,M1,1,0
1,-2.1,GO:0031644,regulation of nervous system process,M1,1,0
1,-2.3,R-MMU-382551,Transport of small molecules,M1,1,0
1,-2.2,GO:0032098,regulation of appetite,M1,1,0
1,-2.5,GO:0031647,regulation of protein stability,M1,1,0
1,-2.6,GO:0060828,regulation of canonical Wnt signaling pathway,M1,1,0
1,-2.7,GO:0045926,negative regulation of growth,M1,1,0
1,-3.6,GO:0051960,regulation of nervous system development,M1,1,0
1,-3.5,GO:0031333,negative regulation of protein-containing complex assembly,M1,1,0
1,-2.2,GO:0050804,modulation of chemical synaptic transmission,M1,1,0
1,-2.4,GO:0031346,positive regulation of cell projection organization,M1,1,0
1,-2.6,GO:0045445,myoblast differentiation,M1,1,0
1,-2.1,WP3625,Tyrobp causal network in microglia,M1,1,0
1,-5.1,GO:0031646,positive regulation of nervous system process,M1,1,0
1,-2,GO:0007159,leukocyte cell-cell adhesion,M1,1,0
1,-2.6,GO:0090083,regulation of inclusion body assembly,M1,1,0
1,-2.6,mmu04514,Cell adhesion molecules - Mus musculus (house mouse),M1,1,0
1,-3.7,GO:0002573,myeloid leukocyte differentiation,M1,1,0
1,-2,GO:0033344,cholesterol efflux,M1,1,0
1,-2.4,GO:0002696,positive regulation of leukocyte activation,M1,1,0
1,-4.4,GO:1990138,neuron projection extension,M1,1,0
1,-3.3,GO:1902904,negative regulation of supramolecular fiber organization,M1,1,0
1,-2,GO:0007160,cell-matrix adhesion,M1,1,0
1,-3.5,GO:0003012,muscle system process,M1,1,0
1,-2.7,GO:0050862,positive regulation of T cell receptor signaling pathway,M1,1,0
1,-2.2,GO:0031295,T cell costimulation,M1,1,0
1,-2.4,GO:0040011,locomotion,M1,1,0
1,-4.4,GO:0120035,regulation of plasma membrane bounded cell projection organization,M1,1,0
1,-3,GO:0010721,negative regulation of cell development,M1,1,0
1,-3.2,GO:0043068,positive regulation of programmed cell death,M1,1,0
1,-3.1,GO:0043542,endothelial cell migration,M1,1,0
1,-2.5,GO:0006813,potassium ion transport,M1,1,0
1,-3,GO:0032787,monocarboxylic acid metabolic process,M1,1,0
1,-2,GO:0016053,organic acid biosynthetic process,M1,1,0
1,-3.3,mmu04371,Apelin signaling pathway - Mus musculus (house mouse),M1,1,0
1,-5.1,GO:0031344,regulation of cell projection organization,M1,1,0
1,-2.1,GO:0051336,regulation of hydrolase activity,M1,1,0
1,-2.3,GO:0046887,positive regulation of hormone secretion,M1,1,0
1,-3.4,GO:0050857,positive regulation of antigen receptor-mediated signaling pathway,M1,1,0
1,-2.1,GO:0071276,cellular response to cadmium ion,M1,1,0
1,-3,GO:0050890,cognition,M1,1,0
1,-3.4,GO:0003300,cardiac muscle hypertrophy,M1,1,0
1,-2.5,GO:0030001,metal ion transport,M1,1,0
1,-2.7,GO:0030178,negative regulation of Wnt signaling pathway,M1,1,0
1,-6.6,GO:0022010,central nervous system myelination,M1,1,0
