_MEMBER_gene,_LogP_gene,GO,Description,_PATTERN_,_RANK_,CHILD_GO_gene
1,-12.030250653875752,GO:0032502,developmental process,M1,1,GO:0021782 glial cell development
1,-6.493793501441319,GO:0050789,regulation of biological process,M1,1,GO:0007267 cell-cell signaling
1,-5.152323928710454,GO:0051179,localization,M1,1,GO:0051046 regulation of secretion
1,-5.07666245522796,GO:0048518,positive regulation of biological process,M1,1,GO:0031646 positive regulation of nervous system process
1,-5.051246287854965,GO:0050896,response to stimulus,M1,1,GO:0061771 response to caloric restriction
1,-4.856210113391167,GO:0042592,homeostatic process,M1,1,GO:0019725 cellular homeostasis
1,-4.582514118937814,GO:0032501,multicellular organismal process,M1,1,GO:0044057 regulation of system process
1,-4.374332686239468,GO:0040007,growth,M1,1,GO:1990138 neuron projection extension
1,-3.9883901233678953,GO:0048519,negative regulation of biological process,M1,1,GO:0051129 negative regulation of cellular component organization
1,-3.6731120814258786,GO:0098754,detoxification,M1,1,GO:0098754 detoxification
1,-3.5677820361244694,GO:0009987,cellular process,M1,1,GO:0098609 cell-cell adhesion
1,-3.5149636320543434,GO:0002376,immune system process,M1,1,GO:0045637 regulation of myeloid cell differentiation
1,-3.456646993328246,GO:0065007,biological regulation,M1,1,GO:0090066 regulation of anatomical structure size
1,-3.008820043745125,GO:0040011,locomotion,M1,1,GO:0010596 negative regulation of endothelial cell migration
1,-2.0026904279217455,GO:0044419,biological process involved in interspecies interaction between organisms,M1,1,GO:0034121 regulation of toll-like receptor signaling pathway
