_MEMBER_Gene,_LogP_Gene,GO,_PATTERN_,_RANK_,GiniIndex,Category,CategoryID,Description,PARENT_GO,LogP,Enrichment,Z-score,#TotalGeneInLibrary,#GeneInGO,#GeneInHitList,#GeneInGOAndHitList,%InGO,STDV %InGO,GeneID,Hits,Log(q-value),EvidenceCutoff
1,-19,PGB:00034,M1,1,0,PaGenBase,36,Tissue-specific: spinal cord,,-19,39,23,21222,27,284,14,4.9,1.3,14580|17136|17433|17441|19144|22239|72446|73940|76960|77767|118454|217893|320111|320587,Gfap|Mag|Mobp|Mog|Klk6|Ugt8a|Prr5l|Hapln2|Bcas1|Ermn|Gjc2|Pacs2|Prr18|Tmem278,-16,0
1,-6.5,PGB:00010,M1,1,0,PaGenBase,36,Tissue-specific: brain,,-6.5,3.1,6.2,21222,661,284,27,9.5,1.7,12424|13655|14394|14417|14758|17136|17433|17441|17957|20604|20713|21333|22771|50913|50914|56177|66259|67272|68423|72927|75141|76161|76982|77767|140919|235180|381979,Cck|Egr3|Gabra1|Gad2|Gpm6b|Mag|Mobp|Mog|Napb|Sst|Serpini1|Tac1|Zic1|Olig2|Olig1|Olfm1|Camk2n1|Cmtm5|Ankrd13d|Hepacam|Rasd2|Lamp5|Vxn|Ermn|Slc17a6|Fez1|Brsk1,-3.9,0
1,-5.5,PGB:00258,M1,1,0,PaGenBase,36,Cell-specific: medial olfactory epithelium,,-5.5,3.1,5.7,21222,532,284,22,7.7,1.6,11815|12971|14758|18417|18606|19215|20361|22092|27220|27276|50913|50914|56177|56615|68312|69398|77125|77767|140919|208076|208613|270150,Apod|Crym|Gpm6b|Cldn11|Enpp2|Ptgds|Sema7a|Rsph1|Cartpt|Plekhb1|Olig2|Olig1|Olfm1|Mgst1|Gstm7|Cdhr4|Il33|Ermn|Slc17a6|Pknox2|Tmem212|Ccdc153,-3,0
1,-4.7,PGB:00269,M1,1,0,PaGenBase,36,Cell-specific: retinal pigment epithelium,,-4.7,3.3,5.3,21222,386,284,17,6,1.4,13170|14183|15165|17957|18606|19215|20665|21333|21828|22041|23831|27276|54403|77630|77767|235415|245049,Dbp|Fgfr2|Hcn1|Napb|Enpp2|Ptgds|Sox10|Tac1|Thbs4|Trf|Car14|Plekhb1|Slc4a4|Prdm8|Ermn|Cplx3|Myrip,-2.3,0
1,-4,PGB:00229,M1,1,0,PaGenBase,36,Tissue-specific: dorsal striatum,,-4,16,7.5,21222,19,284,4,1.4,0.7,16492|19049|75141|108655,Kcna4|Ppp1r1b|Rasd2|Foxp1,-1.7,0
1,-2.2,PGB:00259,M1,1,0,PaGenBase,36,Cell-specific: c2c12,,-2.2,2.3,3.1,21222,385,284,12,4.2,1.2,14431|15245|16008|21952|70423|70598|77125|98363|100434|110119|213019|217893,Gamt|Hhip|Igfbp2|Tnni1|Tspan15|Filip1|Il33|Efhd1|Slc44a1|Mpi|Pdlim2|Pacs2,-0.099,0
