_MEMBER_gene,_LogP_gene,GO,_PATTERN_,_RANK_,GiniIndex,Category,CategoryID,Description,PARENT_GO,LogP,Enrichment,Z-score,#TotalGeneInLibrary,#GeneInGO,#GeneInHitList,#GeneInGOAndHitList,%InGO,STDV %InGO,GeneID,Hits,Log(q-value),EvidenceCutoff
1,-11,PGB:00010,M1,1,0,PaGenBase,36,Tissue-specific: brain,,-11,3.8,8.6,21160,661,285,34,12,1.9,12032|12424|13655|14394|14417|14758|16180|16494|16513|16572|17136|17433|17441|17957|19055|19283|20203|20604|20713|21333|21367|22771|50914|56177|56471|67272|68423|72948|75141|76161|76982|77767|235180|245607,Bcan|Cck|Egr3|Gabra1|Gad2|Gpm6b|Il1rap|Kcna6|Kcnj10|Kif5a|Mag|Mobp|Mog|Napb|Ppp3ca|Ptprz1|S100b|Sst|Serpini1|Tac1|Cntn2|Zic1|Olig1|Olfm1|Stmn4|Cmtm5|Ankrd13d|Tppp|Rasd2|Lamp5|Vxn|Ermn|Fez1|Gprasp2,-7.7,0
1,-8.8,PGB:00034,M1,1,0,PaGenBase,36,Tissue-specific: spinal cord,,-8.8,22,13,21160,27,285,8,2.8,0.98,14580|16494|17136|17433|17441|22239|76960|77767,Gfap|Kcna6|Mag|Mobp|Mog|Ugt8a|Bcas1|Ermn,-6.1,0
1,-4.1,PGB:00269,M1,1,0,PaGenBase,36,Cell-specific: retinal pigment epithelium,,-4.1,3.1,4.8,21160,386,285,16,5.6,1.4,13170|14183|15165|17957|18606|19215|20665|21333|21859|22041|27276|54403|56195|77630|77767|245049,Dbp|Fgfr2|Hcn1|Napb|Enpp2|Ptgds|Sox10|Tac1|Timp3|Trf|Plekhb1|Slc4a4|Ptbp2|Prdm8|Ermn|Myrip,-1.6,0
1,-4,PGB:00229,M1,1,0,PaGenBase,36,Tissue-specific: dorsal striatum,,-4,16,7.5,21160,19,285,4,1.4,0.7,16492|19049|75141|108655,Kcna4|Ppp1r1b|Rasd2|Foxp1,-1.6,0
1,-2.6,PGB:00258,M1,1,0,PaGenBase,36,Cell-specific: medial olfactory epithelium,,-2.6,2.2,3.4,21160,532,285,16,5.6,1.4,12971|14758|18417|18606|19215|20024|27220|27276|50914|56177|56471|68312|71946|77125|77767|114679,Crym|Gpm6b|Cldn11|Enpp2|Ptgds|Sub1|Cartpt|Plekhb1|Olig1|Olfm1|Stmn4|Gstm7|Endod1|Il33|Ermn|Selenom,-0.49,0
