_MEMBER_gene,_LogP_gene,GO,Description,_PATTERN_,_RANK_,GiniIndex
1,-2.3,R-MMU-9013406,RHOQ GTPase cycle,M1,1,0
1,-2.1,GO:0035249,"synaptic transmission, glutamatergic",M1,1,0
1,-3,GO:0061061,muscle structure development,M1,1,0
1,-2.1,mmu04727,GABAergic synapse - Mus musculus (house mouse),M1,1,0
1,-2.3,GO:0032436,positive regulation of proteasomal ubiquitin-dependent protein catabolic process,M1,1,0
1,-2.4,GO:2000785,regulation of autophagosome assembly,M1,1,0
1,-4.3,GO:0040007,growth,M1,1,0
1,-5,GO:0021537,telencephalon development,M1,1,0
1,-11,GO:0014003,oligodendrocyte development,M1,1,0
1,-3.8,GO:0089718,amino acid import across plasma membrane,M1,1,0
1,-2.3,GO:0061387,regulation of extent of cell growth,M1,1,0
1,-2.7,GO:0031109,microtubule polymerization or depolymerization,M1,1,0
1,-2.5,GO:0010506,regulation of autophagy,M1,1,0
1,-2.1,GO:0001649,osteoblast differentiation,M1,1,0
1,-2.9,GO:0060348,bone development,M1,1,0
1,-3.4,GO:0072594,establishment of protein localization to organelle,M1,1,0
1,-4.4,GO:0010975,regulation of neuron projection development,M1,1,0
1,-2.5,GO:0007218,neuropeptide signaling pathway,M1,1,0
1,-2.9,mmu05012,Parkinson disease - Mus musculus (house mouse),M1,1,0
1,-2.6,GO:2000786,positive regulation of autophagosome assembly,M1,1,0
1,-2.8,GO:0071280,cellular response to copper ion,M1,1,0
1,-2.5,R-MMU-6811442,Intra-Golgi and retrograde Golgi-to-ER traffic,M1,1,0
1,-2.3,GO:0071867,response to monoamine,M1,1,0
1,-7.5,GO:0048667,cell morphogenesis involved in neuron differentiation,M1,1,0
1,-2.4,GO:1903311,regulation of mRNA metabolic process,M1,1,0
1,-5,GO:0060485,mesenchyme development,M1,1,0
1,-2.5,GO:0051223,regulation of protein transport,M1,1,0
1,-2.9,GO:0032535,regulation of cellular component size,M1,1,0
1,-11,GO:0042552,myelination,M1,1,0
1,-3.8,GO:0007411,axon guidance,M1,1,0
1,-4.1,GO:1903050,regulation of proteolysis involved in protein catabolic process,M1,1,0
1,-2.5,GO:0051988,regulation of attachment of spindle microtubules to kinetochore,M1,1,0
1,-4.6,GO:0032288,myelin assembly,M1,1,0
1,-3.4,GO:0007420,brain development,M1,1,0
1,-3.1,GO:0071276,cellular response to cadmium ion,M1,1,0
1,-4,GO:0051640,organelle localization,M1,1,0
1,-3,GO:0008344,adult locomotory behavior,M1,1,0
1,-2.3,GO:0070050,neuron cellular homeostasis,M1,1,0
1,-2.9,GO:0048714,positive regulation of oligodendrocyte differentiation,M1,1,0
1,-3.6,GO:0045596,negative regulation of cell differentiation,M1,1,0
1,-2.1,R-MMU-6811434,COPI-dependent Golgi-to-ER retrograde traffic,M1,1,0
1,-2.9,GO:2001014,regulation of skeletal muscle cell differentiation,M1,1,0
1,-2.3,R-MMU-381426,Regulation of Insulin-like Growth Factor (IGF) transport and uptake by Insulin-like Growth Factor Binding Proteins (IGFBPs),M1,1,0
1,-2.7,GO:0045732,positive regulation of protein catabolic process,M1,1,0
1,-5.3,GO:0051962,positive regulation of nervous system development,M1,1,0
1,-2.9,GO:0014002,astrocyte development,M1,1,0
1,-2,GO:0051588,regulation of neurotransmitter transport,M1,1,0
1,-2.5,GO:0010613,positive regulation of cardiac muscle hypertrophy,M1,1,0
1,-13,GO:0021782,glial cell development,M1,1,0
1,-2.4,GO:0009612,response to mechanical stimulus,M1,1,0
1,-3.8,GO:0032870,cellular response to hormone stimulus,M1,1,0
1,-3.7,R-MMU-5625970,RHO GTPases activate KTN1,M1,1,0
1,-2.2,GO:0032024,positive regulation of insulin secretion,M1,1,0
1,-3.6,GO:0099538,synaptic signaling via neuropeptide,M1,1,0
1,-3.3,GO:1902850,microtubule cytoskeleton organization involved in mitosis,M1,1,0
1,-4.6,GO:0033555,multicellular organismal response to stress,M1,1,0
1,-4.4,GO:0016049,cell growth,M1,1,0
1,-2.9,GO:0010638,positive regulation of organelle organization,M1,1,0
1,-2.4,GO:0031346,positive regulation of cell projection organization,M1,1,0
1,-2.6,GO:1904358,positive regulation of telomere maintenance via telomere lengthening,M1,1,0
1,-2.7,GO:1902115,regulation of organelle assembly,M1,1,0
1,-3,GO:0032292,peripheral nervous system axon ensheathment,M1,1,0
1,-2,GO:0001836,release of cytochrome c from mitochondria,M1,1,0
1,-3.3,GO:0051926,negative regulation of calcium ion transport,M1,1,0
1,-3.3,mmu04728,Dopaminergic synapse - Mus musculus (house mouse),M1,1,0
1,-2.6,GO:0042692,muscle cell differentiation,M1,1,0
1,-3.1,R-MMU-9716542,"Signaling by Rho GTPases, Miro GTPases and RHOBTB3",M1,1,0
1,-6.2,GO:0014013,regulation of gliogenesis,M1,1,0
1,-11,GO:0010001,glial cell differentiation,M1,1,0
1,-3.4,GO:0032228,"regulation of synaptic transmission, GABAergic",M1,1,0
1,-3.8,GO:0050795,regulation of behavior,M1,1,0
1,-2,mmu05016,Huntington disease - Mus musculus (house mouse),M1,1,0
1,-3.7,GO:0050801,monoatomic ion homeostasis,M1,1,0
1,-2.1,GO:0007041,lysosomal transport,M1,1,0
1,-2.4,GO:1902903,regulation of supramolecular fiber organization,M1,1,0
1,-2.9,GO:0030029,actin filament-based process,M1,1,0
1,-4,GO:2000058,regulation of ubiquitin-dependent protein catabolic process,M1,1,0
1,-2.3,GO:0098657,import into cell,M1,1,0
1,-3.6,GO:0030521,androgen receptor signaling pathway,M1,1,0
1,-3.4,GO:0050857,positive regulation of antigen receptor-mediated signaling pathway,M1,1,0
1,-2.2,mmu05022,Pathways of neurodegeneration - multiple diseases - Mus musculus (house mouse),M1,1,0
1,-12,GO:0008366,axon ensheathment,M1,1,0
1,-2.1,GO:0006882,intracellular zinc ion homeostasis,M1,1,0
1,-2.6,GO:0030036,actin cytoskeleton organization,M1,1,0
1,-2.1,GO:1904063,negative regulation of cation transmembrane transport,M1,1,0
1,-3.2,R-MMU-194315,Signaling by Rho GTPases,M1,1,0
1,-2.1,GO:0032098,regulation of appetite,M1,1,0
1,-3.3,GO:0070203,regulation of establishment of protein localization to telomere,M1,1,0
1,-2.5,GO:0010232,vascular transport,M1,1,0
1,-2.8,GO:0030520,estrogen receptor signaling pathway,M1,1,0
1,-2.8,GO:0010269,response to selenium ion,M1,1,0
1,-2.2,R-MMU-9012999,RHO GTPase cycle,M1,1,0
1,-2.3,GO:0045822,negative regulation of heart contraction,M1,1,0
1,-4.2,GO:0007268,chemical synaptic transmission,M1,1,0
1,-2,GO:0002274,myeloid leukocyte activation,M1,1,0
1,-3.9,GO:0055080,monoatomic cation homeostasis,M1,1,0
1,-5.2,GO:0099545,trans-synaptic signaling by trans-synaptic complex,M1,1,0
1,-4.4,WP385,Myometrial relaxation and contraction pathways,M1,1,0
1,-4.9,GO:0031667,response to nutrient levels,M1,1,0
1,-2.7,GO:0007266,Rho protein signal transduction,M1,1,0
1,-2.8,GO:0031102,neuron projection regeneration,M1,1,0
1,-2.7,GO:0070507,regulation of microtubule cytoskeleton organization,M1,1,0
1,-3,GO:0007422,peripheral nervous system development,M1,1,0
1,-2,GO:0051961,negative regulation of nervous system development,M1,1,0
1,-2.4,GO:0008637,apoptotic mitochondrial changes,M1,1,0
1,-4.6,GO:0008360,regulation of cell shape,M1,1,0
1,-2.6,GO:0032230,"positive regulation of synaptic transmission, GABAergic",M1,1,0
1,-5.2,WP5298,Dravet syndrome Scn1a A1783V point mutation model,M1,1,0
1,-4.5,GO:0030900,forebrain development,M1,1,0
1,-2.2,GO:0061024,membrane organization,M1,1,0
1,-2.3,GO:0002761,regulation of myeloid leukocyte differentiation,M1,1,0
1,-2.7,R-MMU-1257604,PIP3 activates AKT signaling,M1,1,0
1,-2.5,GO:0051146,striated muscle cell differentiation,M1,1,0
1,-2.2,GO:0007612,learning,M1,1,0
1,-2.5,GO:0001662,behavioral fear response,M1,1,0
1,-4,GO:1904705,regulation of vascular associated smooth muscle cell proliferation,M1,1,0
1,-3.3,GO:0090087,regulation of peptide transport,M1,1,0
1,-3.9,GO:0051963,regulation of synapse assembly,M1,1,0
1,-3.4,GO:0099612,protein localization to axon,M1,1,0
1,-2.6,mmu05031,Amphetamine addiction - Mus musculus (house mouse),M1,1,0
1,-2.1,GO:0051047,positive regulation of secretion,M1,1,0
1,-2.8,GO:0032956,regulation of actin cytoskeleton organization,M1,1,0
1,-3.5,GO:0061136,regulation of proteasomal protein catabolic process,M1,1,0
1,-2.2,GO:0033238,regulation of amine metabolic process,M1,1,0
1,-2.3,mmu04724,Glutamatergic synapse - Mus musculus (house mouse),M1,1,0
1,-5.4,GO:0060560,developmental growth involved in morphogenesis,M1,1,0
1,-3.8,GO:0090659,walking behavior,M1,1,0
1,-2.8,GO:0002791,regulation of peptide secretion,M1,1,0
1,-3.1,GO:0141193,nuclear receptor-mediated signaling pathway,M1,1,0
1,-2.1,R-MMU-352230,Amino acid transport across the plasma membrane,M1,1,0
1,-4.2,GO:0019725,cellular homeostasis,M1,1,0
1,-5.7,GO:0031643,positive regulation of myelination,M1,1,0
1,-2.4,GO:0050684,regulation of mRNA processing,M1,1,0
1,-2.4,mmu05030,Cocaine addiction - Mus musculus (house mouse),M1,1,0
1,-5.2,GO:0099177,regulation of trans-synaptic signaling,M1,1,0
1,-4.3,GO:1990138,neuron projection extension,M1,1,0
1,-2.2,GO:1903523,negative regulation of blood circulation,M1,1,0
1,-3.1,GO:0031345,negative regulation of cell projection organization,M1,1,0
1,-2.1,GO:0051984,positive regulation of chromosome segregation,M1,1,0
1,-4.3,GO:0048589,developmental growth,M1,1,0
1,-2.1,R-MMU-109582,Hemostasis,M1,1,0
1,-4.5,GO:0031344,regulation of cell projection organization,M1,1,0
1,-5.6,GO:0031641,regulation of myelination,M1,1,0
1,-9.3,GO:0022010,central nervous system myelination,M1,1,0
1,-2.1,GO:0030100,regulation of endocytosis,M1,1,0
1,-2.7,GO:0031349,positive regulation of defense response,M1,1,0
1,-2.1,GO:0051781,positive regulation of cell division,M1,1,0
1,-3.1,GO:0006839,mitochondrial transport,M1,1,0
1,-2.9,GO:0050796,regulation of insulin secretion,M1,1,0
1,-3.8,GO:0009896,positive regulation of catabolic process,M1,1,0
1,-2.6,GO:0043500,muscle adaptation,M1,1,0
1,-3.5,GO:0043567,regulation of insulin-like growth factor receptor signaling pathway,M1,1,0
1,-2.5,GO:0046883,regulation of hormone secretion,M1,1,0
1,-2.3,GO:0010611,regulation of cardiac muscle hypertrophy,M1,1,0
1,-2.6,GO:0001878,response to yeast,M1,1,0
1,-3.1,GO:1903170,negative regulation of calcium ion transmembrane transport,M1,1,0
1,-3.3,GO:0006873,intracellular monoatomic ion homeostasis,M1,1,0
1,-2.8,GO:0099560,synaptic membrane adhesion,M1,1,0
1,-2.2,GO:0045661,regulation of myoblast differentiation,M1,1,0
1,-3.8,GO:0034103,regulation of tissue remodeling,M1,1,0
1,-2.2,GO:0050768,negative regulation of neurogenesis,M1,1,0
1,-2.4,GO:0018193,peptidyl-amino acid modification,M1,1,0
1,-3.4,GO:0007212,G protein-coupled dopamine receptor signaling pathway,M1,1,0
1,-2.3,GO:0051453,regulation of intracellular pH,M1,1,0
1,-2.8,GO:0043401,steroid hormone receptor signaling pathway,M1,1,0
1,-3.8,GO:0030522,intracellular receptor signaling pathway,M1,1,0
1,-5.6,GO:0051129,negative regulation of cellular component organization,M1,1,0
1,-3.2,GO:0051987,positive regulation of attachment of spindle microtubules to kinetochore,M1,1,0
1,-2.1,GO:0008285,negative regulation of cell population proliferation,M1,1,0
1,-2.1,GO:1903829,positive regulation of protein localization,M1,1,0
1,-2.5,R-MMU-3371571,HSF1-dependent transactivation,M1,1,0
1,-2.3,R-MMU-6804758,Regulation of TP53 Activity through Acetylation,M1,1,0
1,-4.6,GO:0048520,positive regulation of behavior,M1,1,0
1,-2.6,GO:0034220,monoatomic ion transmembrane transport,M1,1,0
1,-2.2,GO:0010508,positive regulation of autophagy,M1,1,0
1,-2.2,GO:0051251,positive regulation of lymphocyte activation,M1,1,0
1,-2.2,GO:0048024,"regulation of mRNA splicing, via spliceosome",M1,1,0
1,-2.6,GO:0098609,cell-cell adhesion,M1,1,0
1,-6.5,GO:0099536,synaptic signaling,M1,1,0
1,-4.1,GO:0030534,adult behavior,M1,1,0
1,-2.7,GO:0072330,monocarboxylic acid biosynthetic process,M1,1,0
1,-4,GO:0007611,learning or memory,M1,1,0
1,-2,GO:0034763,negative regulation of transmembrane transport,M1,1,0
1,-2.3,GO:0106030,neuron projection fasciculation,M1,1,0
1,-2.1,WP3675,Factors and pathways affecting insulin like growth factor IGF1 Akt signaling,M1,1,0
1,-2.1,GO:0031294,lymphocyte costimulation,M1,1,0
1,-4,GO:1903530,regulation of secretion by cell,M1,1,0
1,-2.7,GO:0016239,positive regulation of macroautophagy,M1,1,0
1,-3.9,GO:0031644,regulation of nervous system process,M1,1,0
1,-4.4,GO:0055082,intracellular chemical homeostasis,M1,1,0
1,-5,GO:1903367,positive regulation of fear response,M1,1,0
1,-2.3,GO:0007413,axonal fasciculation,M1,1,0
1,-3,GO:0043068,positive regulation of programmed cell death,M1,1,0
1,-3.9,GO:0050890,cognition,M1,1,0
1,-2.3,GO:0044090,positive regulation of vacuole organization,M1,1,0
1,-9.8,GO:0120039,plasma membrane bounded cell projection morphogenesis,M1,1,0
1,-2.1,GO:0019098,reproductive behavior,M1,1,0
1,-3.1,GO:0021954,central nervous system neuron development,M1,1,0
1,-2.3,GO:0006835,dicarboxylic acid transport,M1,1,0
1,-2.6,GO:0060249,anatomical structure homeostasis,M1,1,0
1,-3.2,GO:1904816,"positive regulation of protein localization to chromosome, telomeric region",M1,1,0
1,-2.3,GO:1900037,regulation of cellular response to hypoxia,M1,1,0
1,-2.3,GO:0035239,tube morphogenesis,M1,1,0
1,-5.2,GO:2000987,positive regulation of behavioral fear response,M1,1,0
1,-2.5,GO:0043149,stress fiber assembly,M1,1,0
1,-2,GO:0042749,regulation of circadian sleep/wake cycle,M1,1,0
1,-2.2,GO:1904888,cranial skeletal system development,M1,1,0
1,-10,GO:0061564,axon development,M1,1,0
1,-3.1,GO:0001503,ossification,M1,1,0
1,-2.8,GO:0071805,potassium ion transmembrane transport,M1,1,0
1,-3.3,GO:0051046,regulation of secretion,M1,1,0
1,-4,GO:0015800,acidic amino acid transport,M1,1,0
1,-2.1,GO:0045926,negative regulation of growth,M1,1,0
1,-3.2,GO:0042596,fear response,M1,1,0
1,-3.7,GO:0032289,central nervous system myelin formation,M1,1,0
1,-2.6,R-MMU-425393,Transport of inorganic cations/anions and amino acids/oligopeptides,M1,1,0
1,-3.1,GO:0008038,neuron recognition,M1,1,0
1,-2.3,GO:0060627,regulation of vesicle-mediated transport,M1,1,0
1,-3.6,GO:0021957,corticospinal tract morphogenesis,M1,1,0
1,-4.3,GO:0006886,intracellular protein transport,M1,1,0
1,-2.4,WP108,Selenium metabolism selenoproteins,M1,1,0
1,-2.5,GO:0014742,positive regulation of muscle hypertrophy,M1,1,0
1,-2,GO:2000737,negative regulation of stem cell differentiation,M1,1,0
1,-2.6,GO:0001894,tissue homeostasis,M1,1,0
1,-2.5,GO:0030038,contractile actin filament bundle assembly,M1,1,0
1,-2.4,GO:0016241,regulation of macroautophagy,M1,1,0
1,-3,GO:0001837,epithelial to mesenchymal transition,M1,1,0
1,-2.4,GO:0031647,regulation of protein stability,M1,1,0
1,-3.7,GO:0043254,regulation of protein-containing complex assembly,M1,1,0
1,-3.4,GO:0032886,regulation of microtubule-based process,M1,1,0
1,-2.7,GO:1905039,carboxylic acid transmembrane transport,M1,1,0
1,-4.1,GO:0010038,response to metal ion,M1,1,0
1,-2.8,GO:0090276,regulation of peptide hormone secretion,M1,1,0
1,-7.3,GO:0010720,positive regulation of cell development,M1,1,0
1,-5.1,GO:0050769,positive regulation of neurogenesis,M1,1,0
1,-3.2,GO:0048545,response to steroid hormone,M1,1,0
1,-2.5,GO:0032253,dense core granule localization,M1,1,0
1,-2.6,GO:0046942,carboxylic acid transport,M1,1,0
1,-2.6,GO:0040008,regulation of growth,M1,1,0
1,-2.9,R-MMU-8953897,Cellular responses to stimuli,M1,1,0
1,-2.5,GO:0050808,synapse organization,M1,1,0
1,-2.4,GO:1903706,regulation of hemopoiesis,M1,1,0
1,-4.3,GO:0042176,regulation of protein catabolic process,M1,1,0
1,-2.9,GO:1904814,"regulation of protein localization to chromosome, telomeric region",M1,1,0
1,-2.5,GO:0051051,negative regulation of transport,M1,1,0
1,-2.7,GO:0032970,regulation of actin filament-based process,M1,1,0
1,-2.5,GO:0099151,regulation of postsynaptic density assembly,M1,1,0
1,-2.4,R-MMU-199418,Negative regulation of the PI3K/AKT network,M1,1,0
1,-2.3,GO:0002696,positive regulation of leukocyte activation,M1,1,0
1,-9.6,GO:0048858,cell projection morphogenesis,M1,1,0
1,-2.2,GO:0043279,response to alkaloid,M1,1,0
1,-2.4,GO:0032095,regulation of response to food,M1,1,0
1,-3.4,GO:0031333,negative regulation of protein-containing complex assembly,M1,1,0
1,-2.7,GO:0042220,response to cocaine,M1,1,0
1,-2.3,GO:1902105,regulation of leukocyte differentiation,M1,1,0
1,-2.9,GO:1901699,cellular response to nitrogen compound,M1,1,0
1,-2.7,GO:0048729,tissue morphogenesis,M1,1,0
1,-2.2,GO:1901861,regulation of muscle tissue development,M1,1,0
1,-9.9,GO:0048812,neuron projection morphogenesis,M1,1,0
1,-4.1,GO:0032434,regulation of proteasomal ubiquitin-dependent protein catabolic process,M1,1,0
1,-4.4,GO:0071407,cellular response to organic cyclic compound,M1,1,0
1,-2.2,GO:0009914,hormone transport,M1,1,0
1,-2.4,GO:0043588,skin development,M1,1,0
1,-3.9,GO:0050803,regulation of synapse structure or activity,M1,1,0
1,-2.6,GO:0032271,regulation of protein polymerization,M1,1,0
1,-4.2,GO:0120035,regulation of plasma membrane bounded cell projection organization,M1,1,0
1,-12,GO:0007272,ensheathment of neurons,M1,1,0
1,-3.3,GO:1903825,organic acid transmembrane transport,M1,1,0
1,-3.6,GO:0008343,adult feeding behavior,M1,1,0
1,-2.5,GO:0045445,myoblast differentiation,M1,1,0
1,-3.2,GO:0050770,regulation of axonogenesis,M1,1,0
1,-4.1,GO:0051493,regulation of cytoskeleton organization,M1,1,0
1,-6,GO:0045685,regulation of glial cell differentiation,M1,1,0
1,-6.8,GO:0099537,trans-synaptic signaling,M1,1,0
1,-2.4,GO:0002209,behavioral defense response,M1,1,0
1,-3.6,GO:1904851,positive regulation of establishment of protein localization to telomere,M1,1,0
1,-2.8,GO:0032940,secretion by cell,M1,1,0
1,-3.4,GO:0048660,regulation of smooth muscle cell proliferation,M1,1,0
1,-2.1,GO:0030641,regulation of cellular pH,M1,1,0
1,-2.6,GO:0051580,regulation of neurotransmitter uptake,M1,1,0
1,-2.5,GO:0048167,regulation of synaptic plasticity,M1,1,0
1,-2.1,GO:0050870,positive regulation of T cell activation,M1,1,0
1,-4.9,GO:0044057,regulation of system process,M1,1,0
1,-2.1,GO:0048144,fibroblast proliferation,M1,1,0
1,-3.2,GO:0070202,regulation of establishment of protein localization to chromosome,M1,1,0
1,-4.4,GO:1903365,regulation of fear response,M1,1,0
1,-5.1,GO:0022604,regulation of cell morphogenesis,M1,1,0
1,-5.8,GO:0007626,locomotory behavior,M1,1,0
1,-13,GO:0042063,gliogenesis,M1,1,0
1,-2.8,mmu05032,Morphine addiction - Mus musculus (house mouse),M1,1,0
1,-3.2,GO:0044089,positive regulation of cellular component biogenesis,M1,1,0
1,-2.6,GO:0050862,positive regulation of T cell receptor signaling pathway,M1,1,0
1,-2.1,GO:0030001,metal ion transport,M1,1,0
1,-2.7,GO:0060562,epithelial tube morphogenesis,M1,1,0
1,-2.2,GO:0002793,positive regulation of peptide secretion,M1,1,0
1,-3.8,GO:0021543,pallium development,M1,1,0
1,-2.3,GO:0018205,peptidyl-lysine modification,M1,1,0
1,-2.1,GO:0051170,import into nucleus,M1,1,0
1,-3.3,GO:0007584,response to nutrient,M1,1,0
1,-2.3,GO:1904889,regulation of excitatory synapse assembly,M1,1,0
1,-3.8,GO:0048710,regulation of astrocyte differentiation,M1,1,0
1,-2.5,GO:0009410,response to xenobiotic stimulus,M1,1,0
1,-2.3,GO:0014037,Schwann cell differentiation,M1,1,0
1,-3.1,GO:0048733,sebaceous gland development,M1,1,0
1,-2.2,GO:0045667,regulation of osteoblast differentiation,M1,1,0
1,-3.3,R-MMU-3371497,HSP90 chaperone cycle for steroid hormone receptors (SHR) in the presence of ligand,M1,1,0
1,-2,GO:0044060,regulation of endocrine process,M1,1,0
1,-2.2,GO:1903909,regulation of receptor clustering,M1,1,0
1,-2.3,GO:0042304,regulation of fatty acid biosynthetic process,M1,1,0
1,-2.2,GO:0000302,response to reactive oxygen species,M1,1,0
1,-2.7,GO:0043269,regulation of monoatomic ion transport,M1,1,0
1,-2.6,GO:1903351,cellular response to dopamine,M1,1,0
1,-2,GO:0001763,morphogenesis of a branching structure,M1,1,0
1,-2.1,GO:0015711,organic anion transport,M1,1,0
1,-2.8,GO:0098771,inorganic ion homeostasis,M1,1,0
1,-2.4,GO:0032272,negative regulation of protein polymerization,M1,1,0
1,-3,GO:0051656,establishment of organelle localization,M1,1,0
1,-2,GO:0021952,central nervous system projection neuron axonogenesis,M1,1,0
1,-2.5,GO:0071870,cellular response to catecholamine stimulus,M1,1,0
1,-2.8,GO:0032355,response to estradiol,M1,1,0
1,-4.6,GO:1901888,regulation of cell junction assembly,M1,1,0
1,-4.1,GO:0034105,positive regulation of tissue remodeling,M1,1,0
1,-2,GO:0008610,lipid biosynthetic process,M1,1,0
1,-3.2,GO:0030518,nuclear receptor-mediated steroid hormone signaling pathway,M1,1,0
1,-3.4,GO:0030003,intracellular monoatomic cation homeostasis,M1,1,0
1,-2.2,GO:0032252,secretory granule localization,M1,1,0
1,-2.5,GO:0033365,protein localization to organelle,M1,1,0
1,-4.7,GO:0048588,developmental cell growth,M1,1,0
1,-3.4,GO:0033197,response to vitamin E,M1,1,0
1,-2.1,GO:0019226,transmission of nerve impulse,M1,1,0
1,-3,GO:0008037,cell recognition,M1,1,0
1,-2.3,GO:0090277,positive regulation of peptide hormone secretion,M1,1,0
1,-2.6,GO:0050708,regulation of protein secretion,M1,1,0
1,-3.8,GO:0097485,neuron projection guidance,M1,1,0
1,-2.9,GO:0014743,regulation of muscle hypertrophy,M1,1,0
1,-2,GO:0036293,response to decreased oxygen levels,M1,1,0
1,-9.3,GO:0032291,axon ensheathment in central nervous system,M1,1,0
1,-3.1,GO:0006865,amino acid transport,M1,1,0
1,-3.1,GO:0032984,protein-containing complex disassembly,M1,1,0
1,-3,GO:0022011,myelination in peripheral nervous system,M1,1,0
1,-2,R-MMU-420092,Glucagon-type ligand receptors,M1,1,0
1,-4.5,GO:2000822,regulation of behavioral fear response,M1,1,0
1,-4.2,GO:0098916,anterograde trans-synaptic signaling,M1,1,0
1,-2.8,GO:0043065,positive regulation of apoptotic process,M1,1,0
1,-2,GO:0046688,response to copper ion,M1,1,0
1,-2.3,GO:0034330,cell junction organization,M1,1,0
1,-4.7,GO:0050804,modulation of chemical synaptic transmission,M1,1,0
1,-2.9,GO:0014009,glial cell proliferation,M1,1,0
1,-3.3,GO:0097435,supramolecular fiber organization,M1,1,0
1,-2.1,R-MMU-6807878,COPI-mediated anterograde transport,M1,1,0
1,-2.8,GO:0032212,positive regulation of telomere maintenance via telomerase,M1,1,0
1,-2.1,GO:0061484,hematopoietic stem cell homeostasis,M1,1,0
1,-2.9,WP232,G protein signaling pathways,M1,1,0
1,-2.3,GO:0071869,response to catecholamine,M1,1,0
1,-2.5,GO:0042053,regulation of dopamine metabolic process,M1,1,0
1,-2.2,GO:0032210,regulation of telomere maintenance via telomerase,M1,1,0
1,-5.3,GO:0014015,positive regulation of gliogenesis,M1,1,0
1,-3.9,GO:0045687,positive regulation of glial cell differentiation,M1,1,0
1,-2.2,GO:0051954,positive regulation of amine transport,M1,1,0
1,-2.7,R-MMU-9013408,RHOG GTPase cycle,M1,1,0
1,-2.7,R-MMU-388844,Receptor-type tyrosine-protein phosphatases,M1,1,0
1,-2.1,GO:0001764,neuron migration,M1,1,0
1,-2.3,GO:0043502,regulation of muscle adaptation,M1,1,0
1,-2.1,GO:0044088,regulation of vacuole organization,M1,1,0
1,-2.6,GO:0048814,regulation of dendrite morphogenesis,M1,1,0
1,-2.3,GO:0043484,regulation of RNA splicing,M1,1,0
1,-2.5,GO:0051084,'de novo' post-translational protein folding,M1,1,0
1,-3.3,GO:0002009,morphogenesis of an epithelium,M1,1,0
1,-2.2,GO:0045187,"regulation of circadian sleep/wake cycle, sleep",M1,1,0
1,-2.9,GO:0022411,cellular component disassembly,M1,1,0
1,-2.8,GO:0030162,regulation of proteolysis,M1,1,0
1,-5.1,GO:0048762,mesenchymal cell differentiation,M1,1,0
1,-6.9,GO:0050767,regulation of neurogenesis,M1,1,0
1,-2.1,GO:0098742,cell-cell adhesion via plasma-membrane adhesion molecules,M1,1,0
1,-3,R-MMU-9006925,Intracellular signaling by second messengers,M1,1,0
1,-2.4,GO:0007015,actin filament organization,M1,1,0
1,-2.1,R-MMU-388396,GPCR downstream signalling,M1,1,0
1,-2.3,GO:0060043,regulation of cardiac muscle cell proliferation,M1,1,0
1,-2.9,GO:0019732,antifungal humoral response,M1,1,0
1,-4.3,GO:0007628,adult walking behavior,M1,1,0
1,-2.7,GO:0003333,amino acid transmembrane transport,M1,1,0
1,-2.1,GO:0050867,positive regulation of cell activation,M1,1,0
1,-3.3,GO:0021761,limbic system development,M1,1,0
1,-3.3,GO:0021766,hippocampus development,M1,1,0
1,-2.3,GO:0060349,bone morphogenesis,M1,1,0
1,-2.3,GO:1905874,regulation of postsynaptic density organization,M1,1,0
1,-2.7,GO:0010092,specification of animal organ identity,M1,1,0
1,-2.5,GO:0048662,negative regulation of smooth muscle cell proliferation,M1,1,0
1,-2.5,GO:0071868,cellular response to monoamine stimulus,M1,1,0
1,-3.3,GO:0070445,regulation of oligodendrocyte progenitor proliferation,M1,1,0
1,-2.3,GO:1904951,positive regulation of establishment of protein localization,M1,1,0
1,-2,WP1270,Endochondral ossification,M1,1,0
1,-2.5,GO:0006813,potassium ion transport,M1,1,0
1,-3.5,GO:0050807,regulation of synapse organization,M1,1,0
1,-2.2,GO:0033273,response to vitamin,M1,1,0
1,-3.4,GO:0070201,regulation of establishment of protein localization,M1,1,0
1,-3.3,GO:0010624,regulation of Schwann cell proliferation,M1,1,0
1,-6.8,GO:0007267,cell-cell signaling,M1,1,0
1,-2.6,GO:0015849,organic acid transport,M1,1,0
1,-2.2,GO:0046686,response to cadmium ion,M1,1,0
1,-3.9,GO:0048713,regulation of oligodendrocyte differentiation,M1,1,0
1,-2.4,GO:0003013,circulatory system process,M1,1,0
1,-2.5,GO:0035725,sodium ion transmembrane transport,M1,1,0
1,-2.9,GO:0006633,fatty acid biosynthetic process,M1,1,0
1,-3,GO:0140352,export from cell,M1,1,0
1,-11,GO:0048709,oligodendrocyte differentiation,M1,1,0
1,-6.1,GO:0031646,positive regulation of nervous system process,M1,1,0
1,-2.2,GO:0000226,microtubule cytoskeleton organization,M1,1,0
1,-2.1,GO:1903532,positive regulation of secretion by cell,M1,1,0
1,-2.4,GO:0002573,myeloid leukocyte differentiation,M1,1,0
1,-3.3,GO:0099150,regulation of postsynaptic specialization assembly,M1,1,0
1,-5,GO:0042391,regulation of membrane potential,M1,1,0
1,-2.5,GO:1903350,response to dopamine,M1,1,0
1,-4.4,WP2910,Mecp2 and associated Rett syndrome,M1,1,0
1,-2.2,GO:0030010,establishment of cell polarity,M1,1,0
1,-2.4,GO:0007631,feeding behavior,M1,1,0
1,-2.3,GO:0098773,skin epidermis development,M1,1,0
1,-2.5,WP1272,Selenium micronutrient network,M1,1,0
1,-2.2,GO:0031295,T cell costimulation,M1,1,0
1,-8.1,GO:0007409,axonogenesis,M1,1,0
1,-2.5,GO:1904707,positive regulation of vascular associated smooth muscle cell proliferation,M1,1,0
1,-2.9,R-MMU-112316,Neuronal System,M1,1,0
1,-3.4,WP2432,Spinal cord injury,M1,1,0
1,-2.1,GO:0036294,cellular response to decreased oxygen levels,M1,1,0
1,-2.9,R-MMU-8856688,Golgi-to-ER retrograde transport,M1,1,0
1,-3.5,GO:0098739,import across plasma membrane,M1,1,0
1,-2.1,GO:0034504,protein localization to nucleus,M1,1,0
1,-2.3,GO:0006606,protein import into nucleus,M1,1,0
1,-2.8,GO:0009755,hormone-mediated signaling pathway,M1,1,0
1,-2.5,R-MMU-6811558,"PI5P, PP2A and IER3 Regulate PI3K/AKT Signaling",M1,1,0
1,-2.4,GO:0014044,Schwann cell development,M1,1,0
1,-2.8,GO:0010977,negative regulation of neuron projection development,M1,1,0
1,-2.4,GO:0042069,regulation of catecholamine metabolic process,M1,1,0
1,-3,R-MMU-425407,SLC-mediated transmembrane transport,M1,1,0
1,-2.2,GO:0046887,positive regulation of hormone secretion,M1,1,0
1,-2.2,GO:0098655,monoatomic cation transmembrane transport,M1,1,0
1,-2.4,GO:0006458,'de novo' protein folding,M1,1,0
1,-3.3,GO:0090066,regulation of anatomical structure size,M1,1,0
1,-2.1,GO:2000736,regulation of stem cell differentiation,M1,1,0
1,-2.6,GO:0043271,negative regulation of monoatomic ion transport,M1,1,0
1,-2.8,GO:0032328,alanine transport,M1,1,0
1,-2.3,GO:0045637,regulation of myeloid cell differentiation,M1,1,0
1,-2.1,GO:0097479,synaptic vesicle localization,M1,1,0
1,-3.1,GO:0071107,response to parathyroid hormone,M1,1,0
1,-2.3,GO:0016601,Rac protein signal transduction,M1,1,0
1,-2.2,R-MMU-2132295,MHC class II antigen presentation,M1,1,0
1,-4,GO:0071248,cellular response to metal ion,M1,1,0
1,-2,GO:0034766,negative regulation of monoatomic ion transmembrane transport,M1,1,0
1,-2.1,GO:0046903,secretion,M1,1,0
1,-2.5,GO:0051452,intracellular pH reduction,M1,1,0
1,-7.6,GO:0051960,regulation of nervous system development,M1,1,0
1,-2.1,GO:0010959,regulation of metal ion transport,M1,1,0
