_MEMBER_gene,_LogP_gene,GO,Description,_PATTERN_,_RANK_,CHILD_GO_gene
1,-12.908572136684949,GO:0032502,developmental process,M1,1,GO:0021782 glial cell development
1,-6.830737502886944,GO:0050789,regulation of biological process,M1,1,GO:0099537 trans-synaptic signaling
1,-6.098852169856215,GO:0048518,positive regulation of biological process,M1,1,GO:0031646 positive regulation of nervous system process
1,-5.810479392311747,GO:0032501,multicellular organismal process,M1,1,GO:0007626 locomotory behavior
1,-5.604799955023281,GO:0048519,negative regulation of biological process,M1,1,GO:0051129 negative regulation of cellular component organization
1,-5.43003662156134,GO:0040007,growth,M1,1,GO:0060560 developmental growth involved in morphogenesis
1,-5.016047153930993,GO:0065007,biological regulation,M1,1,GO:0042391 regulation of membrane potential
1,-4.926730973430895,GO:0050896,response to stimulus,M1,1,GO:0031667 response to nutrient levels
1,-4.428345953074308,GO:0042592,homeostatic process,M1,1,GO:0055082 intracellular chemical homeostasis
1,-4.330090403224538,GO:0051179,localization,M1,1,GO:0006886 intracellular protein transport
1,-3.3536795730853,GO:0002376,immune system process,M1,1,GO:0050857 positive regulation of antigen receptor-mediated signaling pathway
1,-3.324968510914093,GO:0009987,cellular process,M1,1,GO:1902850 microtubule cytoskeleton organization involved in mitosis
1,-2.92485194443398,GO:0044419,biological process involved in interspecies interaction between organisms,M1,1,GO:0019732 antifungal humoral response
1,-2.1662901822777907,GO:0048511,rhythmic process,M1,1,"GO:0045187 regulation of circadian sleep/wake cycle, sleep"
1,-2.06037515095894,GO:0022414,reproductive process,M1,1,GO:0019098 reproductive behavior
