Network,Annotation
gene,GO:0042063|gliogenesis|-9.1;GO:0010720|positive regulation of cell development|-8.4;GO:0021782|glial cell development|-7.6
gene_MCODE_ALL,R-MMU-6811442|Intra-Golgi and retrograde Golgi-to-ER traffic|-8.1;R-MMU-8856688|Golgi-to-ER retrograde transport|-7.6;R-MMU-388396|GPCR downstream signalling|-7.0
gene_SUB1_MCODE_1,GO:0032212|positive regulation of telomere maintenance via telomerase|-7.6;GO:1904358|positive regulation of telomere maintenance via telomere lengthening|-7.4;GO:1904851|positive regulation of establishment of protein localization to telomere|-7.2
gene_SUB1_MCODE_2,R-MMU-2132295|MHC class II antigen presentation|-10.5;R-MMU-8856688|Golgi-to-ER retrograde transport|-10.4;R-MMU-6811442|Intra-Golgi and retrograde Golgi-to-ER traffic|-9.6
gene_SUB1_MCODE_3,R-MMU-375276|Peptide ligand-binding receptors|-10.3;R-MMU-418594|G alpha (i) signalling events|-9.5;R-MMU-373076|Class A/1 (Rhodopsin-like receptors)|-9.2
