Cluster,Score,Type,Gene,Symbol,Network
2,2.3333333333333335,Clustered,12343,Capza2,gene_SUB1
2,2.3333333333333335,Clustered,11844,Arf5,gene_SUB1
2,2.3333333333333335,Clustered,16573,Kif5b,gene_SUB1
2,2.3333333333333335,Clustered,69654,Dctn2,gene_SUB1
2,2.3333333333333335,Seed,64291,Osbpl1a,gene_SUB1
2,2.3333333333333335,Clustered,16572,Kif5a,gene_SUB1
1,2.0,Clustered,20614,Snap25,gene_SUB1
1,2.0,Clustered,66580,Esf1,gene_SUB1
1,2.0,Clustered,50780,Rgs3,gene_SUB1
1,2.0,Clustered,14681,Gnao1,gene_SUB1
1,2.0,Clustered,16418,Eif6,gene_SUB1
1,2.0,Clustered,12461,Cct2,gene_SUB1
1,2.0,Clustered,22319,Vamp3,gene_SUB1
1,2.0,Clustered,14683,Gnas,gene_SUB1
1,2.0,Clustered,17957,Napb,gene_SUB1
1,2.0,Seed,53331,Stx7,gene_SUB1
1,2.0,Clustered,13207,Ddx5,gene_SUB1
1,2.0,Clustered,12539,Cdc37,gene_SUB1
1,2.0,Clustered,66066,Gng11,gene_SUB1
1,2.0,Clustered,12465,Cct5,gene_SUB1
1,2.0,Clustered,14673,Gna12,gene_SUB1
1,2.0,Clustered,245474,Dkc1,gene_SUB1
1,2.0,Clustered,56351,Ptges3,gene_SUB1
1,2.0,Clustered,67040,Ddx17,gene_SUB1
3,2.0,Seed,109648,Npy,gene_SUB1
3,2.0,Clustered,14763,Gpr37,gene_SUB1
3,2.0,Clustered,20604,Sst,gene_SUB1
3,2.0,Clustered,12854,Cort,gene_SUB1
3,2.0,Clustered,18619,Penk,gene_SUB1
4,1.0,Seed,229759,Olfm3,gene_SUB3
4,1.0,Clustered,72555,Shisa9,gene_SUB3
4,1.0,Clustered,56177,Olfm1,gene_SUB3
