_MEMBER_Gene,_LogP_Gene,GO,Description,_PATTERN_,_RANK_,CHILD_GO_Gene
1,-14.406413041319105,GO:0032502,developmental process,M1,1,GO:0007272 ensheathment of neurons
1,-10.280956846579802,GO:0050789,regulation of biological process,M1,1,GO:0007267 cell-cell signaling
1,-6.509335257477667,GO:0050896,response to stimulus,M1,1,GO:0010038 response to metal ion
1,-5.593305871036557,GO:0032501,multicellular organismal process,M1,1,GO:0007616 long-term memory
1,-5.006424623791605,GO:0048518,positive regulation of biological process,M1,1,GO:0031646 positive regulation of nervous system process
1,-4.672724388134294,GO:0042592,homeostatic process,M1,1,GO:0019725 cellular homeostasis
1,-4.668867170033955,GO:0040007,growth,M1,1,GO:0060560 developmental growth involved in morphogenesis
1,-4.465393499327685,GO:0065007,biological regulation,M1,1,GO:0050803 regulation of synapse structure or activity
1,-4.28721572945622,GO:0044419,biological process involved in interspecies interaction between organisms,M1,1,GO:0019732 antifungal humoral response
1,-4.264166311151002,GO:0051179,localization,M1,1,GO:0070201 regulation of establishment of protein localization
1,-3.9413566727693996,GO:0048519,negative regulation of biological process,M1,1,GO:0090090 negative regulation of canonical Wnt signaling pathway
1,-3.2411080212347962,GO:0040011,locomotion,M1,1,GO:0040011 locomotion
1,-2.992572839998818,GO:0009987,cellular process,M1,1,GO:0098609 cell-cell adhesion
1,-2.7187338607549236,GO:0002376,immune system process,M1,1,GO:0002696 positive regulation of leukocyte activation
1,-2.06037515095894,GO:0022414,reproductive process,M1,1,GO:0019098 reproductive behavior
