_MEMBER_Gene,_LogP_Gene,GO,Description,_PATTERN_,_RANK_,GiniIndex
1,-2.5,GO:0033365,protein localization to organelle,M1,1,0
1,-2.1,GO:1902042,negative regulation of extrinsic apoptotic signaling pathway via death domain receptors,M1,1,0
1,-4.1,GO:0022011,myelination in peripheral nervous system,M1,1,0
1,-5.8,GO:0048667,cell morphogenesis involved in neuron differentiation,M1,1,0
1,-3,mmu04540,Gap junction - Mus musculus (house mouse),M1,1,0
1,-2,R-MMU-8939243,RUNX1 interacts with co-factors whose precise effect on RUNX1 targets is not known,M1,1,0
1,-13,GO:0042552,myelination,M1,1,0
1,-3.6,GO:0030162,regulation of proteolysis,M1,1,0
1,-2.4,GO:1902476,chloride transmembrane transport,M1,1,0
1,-2.8,GO:0019226,transmission of nerve impulse,M1,1,0
1,-7.1,GO:0014013,regulation of gliogenesis,M1,1,0
1,-2.3,GO:0008217,regulation of blood pressure,M1,1,0
1,-3.1,GO:0014037,Schwann cell differentiation,M1,1,0
1,-2.6,GO:0009306,protein secretion,M1,1,0
1,-4.5,GO:0007611,learning or memory,M1,1,0
1,-2.5,WP5298,Dravet syndrome Scn1a A1783V point mutation model,M1,1,0
1,-4.7,GO:1903050,regulation of proteolysis involved in protein catabolic process,M1,1,0
1,-3,GO:0010611,regulation of cardiac muscle hypertrophy,M1,1,0
1,-4.3,GO:0070201,regulation of establishment of protein localization,M1,1,0
1,-2.5,GO:0035107,appendage morphogenesis,M1,1,0
1,-2.5,GO:0035108,limb morphogenesis,M1,1,0
1,-2.2,WP412,Oxidative stress response,M1,1,0
1,-4.2,GO:0050801,monoatomic ion homeostasis,M1,1,0
1,-3,GO:0031115,negative regulation of microtubule polymerization,M1,1,0
1,-3.6,GO:0015833,peptide transport,M1,1,0
1,-2.3,GO:0071867,response to monoamine,M1,1,0
1,-2.7,GO:0010092,specification of animal organ identity,M1,1,0
1,-3.8,GO:0009895,negative regulation of catabolic process,M1,1,0
1,-2.2,GO:0000302,response to reactive oxygen species,M1,1,0
1,-2.3,GO:0032970,regulation of actin filament-based process,M1,1,0
1,-2.3,GO:0043502,regulation of muscle adaptation,M1,1,0
1,-2.5,GO:0003299,muscle hypertrophy in response to stress,M1,1,0
1,-2.9,GO:0061387,regulation of extent of cell growth,M1,1,0
1,-4.8,GO:0071871,response to epinephrine,M1,1,0
1,-3.9,GO:0045687,positive regulation of glial cell differentiation,M1,1,0
1,-2,GO:0031396,regulation of protein ubiquitination,M1,1,0
1,-2.5,GO:0048638,regulation of developmental growth,M1,1,0
1,-3.7,GO:0098771,inorganic ion homeostasis,M1,1,0
1,-2.3,GO:0007212,G protein-coupled dopamine receptor signaling pathway,M1,1,0
1,-4.5,GO:2000822,regulation of behavioral fear response,M1,1,0
1,-3,GO:0048762,mesenchymal cell differentiation,M1,1,0
1,-2.7,GO:0007169,cell surface receptor protein tyrosine kinase signaling pathway,M1,1,0
1,-2.8,R-MMU-9675108,Nervous system development,M1,1,0
1,-2.3,GO:0006820,monoatomic anion transport,M1,1,0
1,-14,GO:0007272,ensheathment of neurons,M1,1,0
1,-2.1,GO:0008285,negative regulation of cell population proliferation,M1,1,0
1,-2.3,GO:0048729,tissue morphogenesis,M1,1,0
1,-2.5,GO:1903532,positive regulation of secretion by cell,M1,1,0
1,-5.3,GO:0051962,positive regulation of nervous system development,M1,1,0
1,-3.3,GO:0014044,Schwann cell development,M1,1,0
1,-2.8,R-MMU-422475,Axon guidance,M1,1,0
1,-2.8,R-MMU-76002,"Platelet activation, signaling and aggregation",M1,1,0
1,-4.2,GO:0045685,regulation of glial cell differentiation,M1,1,0
1,-2.1,GO:0044092,negative regulation of molecular function,M1,1,0
1,-2.8,GO:0090276,regulation of peptide hormone secretion,M1,1,0
1,-2.2,GO:1904950,negative regulation of establishment of protein localization,M1,1,0
1,-2.3,WP1770,One carbon metabolism and related pathways,M1,1,0
1,-2.4,GO:1903169,regulation of calcium ion transmembrane transport,M1,1,0
1,-2.1,mmu04727,GABAergic synapse - Mus musculus (house mouse),M1,1,0
1,-2.4,GO:0048708,astrocyte differentiation,M1,1,0
1,-3.3,GO:0060020,Bergmann glial cell differentiation,M1,1,0
1,-2.9,GO:0090659,walking behavior,M1,1,0
1,-3.4,GO:0050768,negative regulation of neurogenesis,M1,1,0
1,-3.3,GO:0051046,regulation of secretion,M1,1,0
1,-2.2,GO:0015800,acidic amino acid transport,M1,1,0
1,-3,GO:0035902,response to immobilization stress,M1,1,0
1,-3.1,GO:0050795,regulation of behavior,M1,1,0
1,-3.1,GO:1900272,negative regulation of long-term synaptic potentiation,M1,1,0
1,-2.4,GO:0043567,regulation of insulin-like growth factor receptor signaling pathway,M1,1,0
1,-2.5,mmu04360,Axon guidance - Mus musculus (house mouse),M1,1,0
1,-2.7,GO:0042220,response to cocaine,M1,1,0
1,-8.3,GO:0048858,cell projection morphogenesis,M1,1,0
1,-2.5,GO:0098900,regulation of action potential,M1,1,0
1,-2.2,GO:0048024,"regulation of mRNA splicing, via spliceosome",M1,1,0
1,-2.2,GO:0034103,regulation of tissue remodeling,M1,1,0
1,-5,GO:0061771,response to caloric restriction,M1,1,0
1,-6.8,GO:0099537,trans-synaptic signaling,M1,1,0
1,-13,GO:0042063,gliogenesis,M1,1,0
1,-3.2,GO:0051963,regulation of synapse assembly,M1,1,0
1,-4.4,GO:0031643,positive regulation of myelination,M1,1,0
1,-5.5,GO:0061136,regulation of proteasomal protein catabolic process,M1,1,0
1,-2.9,GO:0040013,negative regulation of locomotion,M1,1,0
1,-2.9,GO:0006606,protein import into nucleus,M1,1,0
1,-3.3,GO:0040008,regulation of growth,M1,1,0
1,-2.3,GO:0034330,cell junction organization,M1,1,0
1,-2.2,GO:0030048,actin filament-based movement,M1,1,0
1,-2.7,GO:0061138,morphogenesis of a branching epithelium,M1,1,0
1,-2.4,R-MMU-388396,GPCR downstream signalling,M1,1,0
1,-3.5,GO:0002790,peptide secretion,M1,1,0
1,-2.9,GO:0060441,epithelial tube branching involved in lung morphogenesis,M1,1,0
1,-4,GO:0055082,intracellular chemical homeostasis,M1,1,0
1,-3.6,GO:0099538,synaptic signaling via neuropeptide,M1,1,0
1,-2.1,mmu04730,Long-term depression - Mus musculus (house mouse),M1,1,0
1,-3.2,GO:0097485,neuron projection guidance,M1,1,0
1,-2.4,mmu05030,Cocaine addiction - Mus musculus (house mouse),M1,1,0
1,-8.3,GO:0061564,axon development,M1,1,0
1,-4.3,GO:0019732,antifungal humoral response,M1,1,0
1,-3.4,GO:0032288,myelin assembly,M1,1,0
1,-2.2,GO:0033238,regulation of amine metabolic process,M1,1,0
1,-2.1,GO:0050808,synapse organization,M1,1,0
1,-2.8,GO:0030534,adult behavior,M1,1,0
1,-2.4,GO:0032367,intracellular cholesterol transport,M1,1,0
1,-2.2,GO:0051251,positive regulation of lymphocyte activation,M1,1,0
1,-4.7,GO:0060560,developmental growth involved in morphogenesis,M1,1,0
1,-3.8,GO:0035023,regulation of Rho protein signal transduction,M1,1,0
1,-2.6,GO:0035592,establishment of protein localization to extracellular region,M1,1,0
1,-14,GO:0021782,glial cell development,M1,1,0
1,-6.9,GO:0050767,regulation of neurogenesis,M1,1,0
1,-2.9,GO:0090257,regulation of muscle system process,M1,1,0
1,-2.2,R-MMU-372790,Signaling by GPCR,M1,1,0
1,-2.2,GO:1905207,regulation of cardiocyte differentiation,M1,1,0
1,-2.6,GO:0001878,response to yeast,M1,1,0
1,-4.4,GO:1903365,regulation of fear response,M1,1,0
1,-2.5,GO:0060173,limb development,M1,1,0
1,-3.1,GO:0021772,olfactory bulb development,M1,1,0
1,-3.8,GO:0033555,multicellular organismal response to stress,M1,1,0
1,-3.2,GO:1904951,positive regulation of establishment of protein localization,M1,1,0
1,-2.2,GO:0071805,potassium ion transmembrane transport,M1,1,0
1,-2.9,GO:0014009,glial cell proliferation,M1,1,0
1,-2.1,GO:1901799,negative regulation of proteasomal protein catabolic process,M1,1,0
1,-4.5,WP232,G protein signaling pathways,M1,1,0
1,-2.2,mmu00270,Cysteine and methionine metabolism - Mus musculus (house mouse),M1,1,0
1,-2,GO:0001508,action potential,M1,1,0
1,-3,GO:0048738,cardiac muscle tissue development,M1,1,0
1,-3.1,GO:0042391,regulation of membrane potential,M1,1,0
1,-2.5,GO:0002009,morphogenesis of an epithelium,M1,1,0
1,-2.4,GO:0051222,positive regulation of protein transport,M1,1,0
1,-2.4,R-MMU-8957275,Post-translational protein phosphorylation,M1,1,0
1,-2.2,GO:0006821,chloride transport,M1,1,0
1,-2.6,GO:0060485,mesenchyme development,M1,1,0
1,-2.9,GO:0007229,integrin-mediated signaling pathway,M1,1,0
1,-2.5,GO:0071868,cellular response to monoamine stimulus,M1,1,0
1,-7.7,GO:0099536,synaptic signaling,M1,1,0
1,-3.3,GO:0030516,regulation of axon extension,M1,1,0
1,-2.7,GO:0031667,response to nutrient levels,M1,1,0
1,-4,GO:0030900,forebrain development,M1,1,0
1,-14,GO:0008366,axon ensheathment,M1,1,0
1,-2.8,GO:0030520,estrogen receptor signaling pathway,M1,1,0
1,-3.6,GO:0009914,hormone transport,M1,1,0
1,-2.1,GO:0060251,regulation of glial cell proliferation,M1,1,0
1,-3.3,GO:0099150,regulation of postsynaptic specialization assembly,M1,1,0
1,-2.1,GO:0007584,response to nutrient,M1,1,0
1,-3.6,R-MMU-71291,Metabolism of amino acids and derivatives,M1,1,0
1,-2.2,R-MMU-1257604,PIP3 activates AKT signaling,M1,1,0
1,-2.7,mmu00260,"Glycine, serine and threonine metabolism - Mus musculus (house mouse)",M1,1,0
1,-2.2,GO:0055010,ventricular cardiac muscle tissue morphogenesis,M1,1,0
1,-2.7,R-MMU-9013408,RHOG GTPase cycle,M1,1,0
1,-2.2,GO:0015813,L-glutamate transmembrane transport,M1,1,0
1,-3.1,GO:0110020,regulation of actomyosin structure organization,M1,1,0
1,-5.4,GO:0098916,anterograde trans-synaptic signaling,M1,1,0
1,-3.2,GO:0043065,positive regulation of apoptotic process,M1,1,0
1,-3.4,GO:1903367,positive regulation of fear response,M1,1,0
1,-2.2,GO:0048012,hepatocyte growth factor receptor signaling pathway,M1,1,0
1,-5.4,GO:0010975,regulation of neuron projection development,M1,1,0
1,-5.6,GO:0007616,long-term memory,M1,1,0
1,-3.2,GO:0001763,morphogenesis of a branching structure,M1,1,0
1,-3.4,GO:0048660,regulation of smooth muscle cell proliferation,M1,1,0
1,-2.3,GO:0003208,cardiac ventricle morphogenesis,M1,1,0
1,-3.7,R-MMU-381426,Regulation of Insulin-like Growth Factor (IGF) transport and uptake by Insulin-like Growth Factor Binding Proteins (IGFBPs),M1,1,0
1,-2.5,GO:0035725,sodium ion transmembrane transport,M1,1,0
1,-2.6,GO:1903828,negative regulation of protein localization,M1,1,0
1,-4.5,GO:0050769,positive regulation of neurogenesis,M1,1,0
1,-2.8,GO:0007173,epidermal growth factor receptor signaling pathway,M1,1,0
1,-2.4,GO:0051099,positive regulation of binding,M1,1,0
1,-3,GO:0061061,muscle structure development,M1,1,0
1,-3,GO:0022038,corpus callosum development,M1,1,0
1,-2.4,GO:1904705,regulation of vascular associated smooth muscle cell proliferation,M1,1,0
1,-3,GO:0051279,regulation of release of sequestered calcium ion into cytosol,M1,1,0
1,-2.3,GO:0042596,fear response,M1,1,0
1,-2,GO:1902903,regulation of supramolecular fiber organization,M1,1,0
1,-2.1,GO:0050832,defense response to fungus,M1,1,0
1,-2.9,GO:0072594,establishment of protein localization to organelle,M1,1,0
1,-6.5,GO:0010038,response to metal ion,M1,1,0
1,-2.5,GO:0038127,ERBB signaling pathway,M1,1,0
1,-2.9,GO:0042177,negative regulation of protein catabolic process,M1,1,0
1,-2.5,GO:0097435,supramolecular fiber organization,M1,1,0
1,-3.6,mmu05032,Morphine addiction - Mus musculus (house mouse),M1,1,0
1,-2.9,GO:0032024,positive regulation of insulin secretion,M1,1,0
1,-2.3,mmu04724,Glutamatergic synapse - Mus musculus (house mouse),M1,1,0
1,-13,GO:0010001,glial cell differentiation,M1,1,0
1,-3.9,GO:0048588,developmental cell growth,M1,1,0
1,-2.3,GO:0008344,adult locomotory behavior,M1,1,0
1,-2.2,R-MMU-500792,GPCR ligand binding,M1,1,0
1,-2.2,GO:0015698,inorganic anion transport,M1,1,0
1,-3.4,GO:0043588,skin development,M1,1,0
1,-5.6,GO:0007409,axonogenesis,M1,1,0
1,-2.9,GO:0006979,response to oxidative stress,M1,1,0
1,-3.6,GO:2000987,positive regulation of behavioral fear response,M1,1,0
1,-2.1,GO:0098661,inorganic anion transmembrane transport,M1,1,0
1,-5.4,GO:0007268,chemical synaptic transmission,M1,1,0
1,-2.5,GO:1901699,cellular response to nitrogen compound,M1,1,0
1,-3.3,GO:1902041,regulation of extrinsic apoptotic signaling pathway via death domain receptors,M1,1,0
1,-2.5,GO:0048736,appendage development,M1,1,0
1,-2.5,GO:0050867,positive regulation of cell activation,M1,1,0
1,-2.2,GO:0035791,platelet-derived growth factor receptor-beta signaling pathway,M1,1,0
1,-3.9,GO:0055080,monoatomic cation homeostasis,M1,1,0
1,-3.8,GO:0009410,response to xenobiotic stimulus,M1,1,0
1,-3.9,GO:0051961,negative regulation of nervous system development,M1,1,0
1,-2.6,GO:0014706,striated muscle tissue development,M1,1,0
1,-2.1,GO:0048008,platelet-derived growth factor receptor signaling pathway,M1,1,0
1,-3.9,GO:0090090,negative regulation of canonical Wnt signaling pathway,M1,1,0
1,-3.3,GO:0048662,negative regulation of smooth muscle cell proliferation,M1,1,0
1,-3.1,GO:0048733,sebaceous gland development,M1,1,0
1,-2.8,GO:0051170,import into nucleus,M1,1,0
1,-2.2,GO:0043279,response to alkaloid,M1,1,0
1,-2.7,GO:0030073,insulin secretion,M1,1,0
1,-11,GO:0014003,oligodendrocyte development,M1,1,0
1,-2.5,R-MMU-425407,SLC-mediated transmembrane transport,M1,1,0
1,-3.6,GO:0030072,peptide hormone secretion,M1,1,0
1,-3,GO:0046883,regulation of hormone secretion,M1,1,0
1,-3.4,GO:0051129,negative regulation of cellular component organization,M1,1,0
1,-2.6,GO:0021554,optic nerve development,M1,1,0
1,-2.5,GO:1903350,response to dopamine,M1,1,0
1,-3.3,GO:0010624,regulation of Schwann cell proliferation,M1,1,0
1,-4.9,GO:0048713,regulation of oligodendrocyte differentiation,M1,1,0
1,-2.9,GO:0070371,ERK1 and ERK2 cascade,M1,1,0
1,-4,GO:2000058,regulation of ubiquitin-dependent protein catabolic process,M1,1,0
1,-3,GO:0046686,response to cadmium ion,M1,1,0
1,-2.5,GO:0051047,positive regulation of secretion,M1,1,0
1,-3.3,GO:0007628,adult walking behavior,M1,1,0
1,-3.4,GO:0008306,associative learning,M1,1,0
1,-2.8,GO:0002791,regulation of peptide secretion,M1,1,0
1,-3.1,GO:0042330,taxis,M1,1,0
1,-2.8,GO:0030336,negative regulation of cell migration,M1,1,0
1,-2.4,GO:0010880,regulation of release of sequestered calcium ion into cytosol by sarcoplasmic reticulum,M1,1,0
1,-10,GO:0007267,cell-cell signaling,M1,1,0
1,-8.6,GO:0048812,neuron projection morphogenesis,M1,1,0
1,-2.2,GO:0045661,regulation of myoblast differentiation,M1,1,0
1,-4,GO:0048714,positive regulation of oligodendrocyte differentiation,M1,1,0
1,-2,GO:0001952,regulation of cell-matrix adhesion,M1,1,0
1,-2,GO:0044089,positive regulation of cellular component biogenesis,M1,1,0
1,-2.8,GO:0090087,regulation of peptide transport,M1,1,0
1,-4.1,GO:0032292,peripheral nervous system axon ensheathment,M1,1,0
1,-2.9,GO:0045861,negative regulation of proteolysis,M1,1,0
1,-2,GO:0030855,epithelial cell differentiation,M1,1,0
1,-2.5,GO:0014887,cardiac muscle adaptation,M1,1,0
1,-2.3,GO:0090277,positive regulation of peptide hormone secretion,M1,1,0
1,-3.9,GO:0021537,telencephalon development,M1,1,0
1,-2.1,GO:1900271,regulation of long-term synaptic potentiation,M1,1,0
1,-2.9,GO:0008544,epidermis development,M1,1,0
1,-3.2,GO:1903829,positive regulation of protein localization,M1,1,0
1,-2.3,GO:0014897,striated muscle hypertrophy,M1,1,0
1,-2.3,GO:0010817,regulation of hormone levels,M1,1,0
1,-2.4,GO:2000785,regulation of autophagosome assembly,M1,1,0
1,-2.8,GO:0014888,striated muscle adaptation,M1,1,0
1,-3,GO:0007422,peripheral nervous system development,M1,1,0
1,-2.6,GO:0048754,branching morphogenesis of an epithelial tube,M1,1,0
1,-5.5,WP2910,Mecp2 and associated Rett syndrome,M1,1,0
1,-2.4,R-MMU-418594,G alpha (i) signalling events,M1,1,0
1,-2.3,mmu04928,"Parathyroid hormone synthesis, secretion and action - Mus musculus (house mouse)",M1,1,0
1,-2.5,GO:0071870,cellular response to catecholamine stimulus,M1,1,0
1,-2.8,GO:0043217,myelin maintenance,M1,1,0
1,-2.9,GO:0050796,regulation of insulin secretion,M1,1,0
1,-3.1,GO:0046879,hormone secretion,M1,1,0
1,-3.6,GO:0031641,regulation of myelination,M1,1,0
1,-2.7,GO:1901874,negative regulation of post-translational protein modification,M1,1,0
1,-2.9,GO:0014743,regulation of muscle hypertrophy,M1,1,0
1,-3.5,GO:0010977,negative regulation of neuron projection development,M1,1,0
1,-2.4,mmu04924,Renin secretion - Mus musculus (house mouse),M1,1,0
1,-3.2,GO:0007411,axon guidance,M1,1,0
1,-3.4,GO:0042886,amide transport,M1,1,0
1,-3.3,R-MMU-109582,Hemostasis,M1,1,0
1,-5.4,GO:0042176,regulation of protein catabolic process,M1,1,0
1,-2.7,GO:0043269,regulation of monoatomic ion transport,M1,1,0
1,-3.2,GO:0043408,regulation of MAPK cascade,M1,1,0
1,-3.6,GO:0043500,muscle adaptation,M1,1,0
1,-3.8,GO:0008360,regulation of cell shape,M1,1,0
1,-2.2,GO:0007612,learning,M1,1,0
1,-4,GO:0021988,olfactory lobe development,M1,1,0
1,-2.4,GO:0010043,response to zinc ion,M1,1,0
1,-2.2,mmu04978,Mineral absorption - Mus musculus (house mouse),M1,1,0
1,-2.5,GO:0042053,regulation of dopamine metabolic process,M1,1,0
1,-2.6,GO:1903351,cellular response to dopamine,M1,1,0
1,-2.4,GO:0060078,regulation of postsynaptic membrane potential,M1,1,0
1,-2.4,GO:0032095,regulation of response to food,M1,1,0
1,-2.3,GO:0071869,response to catecholamine,M1,1,0
1,-3.3,R-MMU-6798695,Neutrophil degranulation,M1,1,0
1,-4.4,GO:0071407,cellular response to organic cyclic compound,M1,1,0
1,-2.1,GO:2000177,regulation of neural precursor cell proliferation,M1,1,0
1,-3.8,GO:1902115,regulation of organelle assembly,M1,1,0
1,-3.7,WP385,Myometrial relaxation and contraction pathways,M1,1,0
1,-2.9,GO:0098773,skin epidermis development,M1,1,0
1,-2,GO:0045662,negative regulation of myoblast differentiation,M1,1,0
1,-3.9,GO:0043410,positive regulation of MAPK cascade,M1,1,0
1,-2.2,GO:0006886,intracellular protein transport,M1,1,0
1,-2.2,GO:0032366,intracellular sterol transport,M1,1,0
1,-2.5,GO:0071625,vocalization behavior,M1,1,0
1,-3.1,R-MMU-9716542,"Signaling by Rho GTPases, Miro GTPases and RHOBTB3",M1,1,0
1,-3,GO:0098609,cell-cell adhesion,M1,1,0
1,-3.9,GO:0030003,intracellular monoatomic cation homeostasis,M1,1,0
1,-5.4,GO:0044057,regulation of system process,M1,1,0
1,-2.1,GO:0030100,regulation of endocytosis,M1,1,0
1,-2.3,R-MMU-6804758,Regulation of TP53 Activity through Acetylation,M1,1,0
1,-2.1,GO:0044088,regulation of vacuole organization,M1,1,0
1,-2.2,GO:0048675,axon extension,M1,1,0
1,-2.6,GO:0008361,regulation of cell size,M1,1,0
1,-4.5,GO:0050803,regulation of synapse structure or activity,M1,1,0
1,-8.5,GO:0120039,plasma membrane bounded cell projection morphogenesis,M1,1,0
1,-3.2,GO:0030111,regulation of Wnt signaling pathway,M1,1,0
1,-2.7,GO:0003333,amino acid transmembrane transport,M1,1,0
1,-9.3,GO:0032291,axon ensheathment in central nervous system,M1,1,0
1,-3.3,GO:0071248,cellular response to metal ion,M1,1,0
1,-2,GO:0050727,regulation of inflammatory response,M1,1,0
1,-2.4,GO:0071692,protein localization to extracellular region,M1,1,0
1,-3.3,GO:0051223,regulation of protein transport,M1,1,0
1,-3.4,R-MMU-1266738,Developmental Biology,M1,1,0
1,-9.8,GO:0048709,oligodendrocyte differentiation,M1,1,0
1,-4.9,GO:0032434,regulation of proteasomal ubiquitin-dependent protein catabolic process,M1,1,0
1,-2.3,GO:1902532,negative regulation of intracellular signal transduction,M1,1,0
1,-4.7,GO:0019725,cellular homeostasis,M1,1,0
1,-2.4,GO:0042069,regulation of catecholamine metabolic process,M1,1,0
1,-2.2,GO:0002793,positive regulation of peptide secretion,M1,1,0
1,-4,GO:1903530,regulation of secretion by cell,M1,1,0
1,-2,GO:0051588,regulation of neurotransmitter transport,M1,1,0
1,-3.6,mmu04024,cAMP signaling pathway - Mus musculus (house mouse),M1,1,0
1,-3.4,GO:0035239,tube morphogenesis,M1,1,0
1,-3.7,GO:0031345,negative regulation of cell projection organization,M1,1,0
1,-2.4,R-MMU-9006925,Intracellular signaling by second messengers,M1,1,0
1,-2.3,mmu04921,Oxytocin signaling pathway - Mus musculus (house mouse),M1,1,0
1,-2.3,GO:0032436,positive regulation of proteasomal ubiquitin-dependent protein catabolic process,M1,1,0
1,-4,GO:1901888,regulation of cell junction assembly,M1,1,0
1,-2.8,GO:1903321,negative regulation of protein modification by small protein conjugation or removal,M1,1,0
1,-2.2,GO:0019915,lipid storage,M1,1,0
1,-2.5,GO:0072525,pyridine-containing compound biosynthetic process,M1,1,0
1,-2.3,GO:0048598,embryonic morphogenesis,M1,1,0
1,-3.3,GO:0022604,regulation of cell morphogenesis,M1,1,0
1,-2.8,GO:0060537,muscle tissue development,M1,1,0
1,-2,GO:1904019,epithelial cell apoptotic process,M1,1,0
1,-2.1,GO:0031113,regulation of microtubule polymerization,M1,1,0
1,-2,R-MMU-8964043,Plasma lipoprotein clearance,M1,1,0
1,-2.6,R-MMU-425393,Transport of inorganic cations/anions and amino acids/oligopeptides,M1,1,0
1,-2.6,GO:0000165,MAPK cascade,M1,1,0
1,-3.1,GO:0006935,chemotaxis,M1,1,0
1,-3.5,GO:0099177,regulation of trans-synaptic signaling,M1,1,0
1,-3.4,GO:0048589,developmental growth,M1,1,0
1,-2.5,R-MMU-6811558,"PI5P, PP2A and IER3 Regulate PI3K/AKT Signaling",M1,1,0
1,-3.6,GO:0007263,nitric oxide mediated signal transduction,M1,1,0
1,-5.3,GO:0014015,positive regulation of gliogenesis,M1,1,0
1,-2.6,GO:0098656,monoatomic anion transmembrane transport,M1,1,0
1,-2.6,GO:0051098,regulation of binding,M1,1,0
1,-3.2,GO:0060562,epithelial tube morphogenesis,M1,1,0
1,-4.6,GO:0010720,positive regulation of cell development,M1,1,0
1,-2.5,GO:0007218,neuropeptide signaling pathway,M1,1,0
1,-2.8,GO:0031102,neuron projection regeneration,M1,1,0
1,-2.2,GO:0046777,protein autophosphorylation,M1,1,0
1,-2.5,GO:0030029,actin filament-based process,M1,1,0
1,-3.1,GO:0050708,regulation of protein secretion,M1,1,0
1,-2.3,GO:0010976,positive regulation of neuron projection development,M1,1,0
1,-2.2,GO:0002521,leukocyte differentiation,M1,1,0
1,-2.5,GO:0035641,locomotory exploration behavior,M1,1,0
1,-2.8,R-MMU-194315,Signaling by Rho GTPases,M1,1,0
1,-2.5,GO:0014898,cardiac muscle hypertrophy in response to stress,M1,1,0
1,-2.6,GO:0071294,cellular response to zinc ion,M1,1,0
1,-2.6,mmu04728,Dopaminergic synapse - Mus musculus (house mouse),M1,1,0
1,-2.3,GO:0014896,muscle hypertrophy,M1,1,0
1,-3.8,GO:0007613,memory,M1,1,0
1,-3.8,GO:0006873,intracellular monoatomic ion homeostasis,M1,1,0
1,-4.5,GO:0007626,locomotory behavior,M1,1,0
1,-3.6,GO:0008015,blood circulation,M1,1,0
1,-2.8,GO:0045596,negative regulation of cell differentiation,M1,1,0
1,-3.4,GO:0040007,growth,M1,1,0
1,-2.2,GO:0006812,monoatomic cation transport,M1,1,0
1,-2.6,GO:0042311,vasodilation,M1,1,0
1,-2.3,mmu04810,Regulation of actin cytoskeleton - Mus musculus (house mouse),M1,1,0
1,-2.3,GO:0034220,monoatomic ion transmembrane transport,M1,1,0
1,-5,GO:0031646,positive regulation of nervous system process,M1,1,0
1,-2.5,GO:0060253,negative regulation of glial cell proliferation,M1,1,0
1,-2.9,GO:0003012,muscle system process,M1,1,0
1,-2.9,GO:0014014,negative regulation of gliogenesis,M1,1,0
1,-2.2,GO:0071396,cellular response to lipid,M1,1,0
1,-2.1,GO:0032098,regulation of appetite,M1,1,0
1,-3,GO:0060828,regulation of canonical Wnt signaling pathway,M1,1,0
1,-7.6,GO:0051960,regulation of nervous system development,M1,1,0
1,-3.5,GO:0050804,modulation of chemical synaptic transmission,M1,1,0
1,-2.2,GO:0006814,sodium ion transport,M1,1,0
1,-2.4,R-MMU-199418,Negative regulation of the PI3K/AKT network,M1,1,0
1,-2,GO:1903055,positive regulation of extracellular matrix organization,M1,1,0
1,-4.5,GO:0031344,regulation of cell projection organization,M1,1,0
1,-3,GO:0010959,regulation of metal ion transport,M1,1,0
1,-2,R-MMU-420092,Glucagon-type ligand receptors,M1,1,0
1,-2.2,GO:0007167,enzyme-linked receptor protein signaling pathway,M1,1,0
1,-2.6,WP2074,Neural crest differentiation,M1,1,0
1,-2.4,GO:0002573,myeloid leukocyte differentiation,M1,1,0
1,-2.7,GO:0002696,positive regulation of leukocyte activation,M1,1,0
1,-4.3,GO:1990138,neuron projection extension,M1,1,0
1,-3.6,GO:0048520,positive regulation of behavior,M1,1,0
1,-2.1,GO:0019098,reproductive behavior,M1,1,0
1,-3.5,GO:0050807,regulation of synapse organization,M1,1,0
1,-3,GO:0031397,negative regulation of protein ubiquitination,M1,1,0
1,-3.3,GO:0030178,negative regulation of Wnt signaling pathway,M1,1,0
1,-2.3,GO:0015850,organic hydroxy compound transport,M1,1,0
1,-3.9,GO:0043068,positive regulation of programmed cell death,M1,1,0
1,-2.6,GO:2000146,negative regulation of cell motility,M1,1,0
1,-2.4,mmu01230,Biosynthesis of amino acids - Mus musculus (house mouse),M1,1,0
1,-3.3,GO:0003013,circulatory system process,M1,1,0
1,-3.7,GO:0016049,cell growth,M1,1,0
1,-2.3,GO:1902116,negative regulation of organelle assembly,M1,1,0
1,-3.2,GO:0031644,regulation of nervous system process,M1,1,0
1,-4.2,R-MMU-382551,Transport of small molecules,M1,1,0
1,-3.2,GO:0040011,locomotion,M1,1,0
1,-4.2,GO:0120035,regulation of plasma membrane bounded cell projection organization,M1,1,0
1,-2.9,GO:0010721,negative regulation of cell development,M1,1,0
1,-2.1,GO:0051496,positive regulation of stress fiber assembly,M1,1,0
1,-2.1,GO:0030001,metal ion transport,M1,1,0
1,-2.5,GO:0006813,potassium ion transport,M1,1,0
1,-2.3,GO:0046626,regulation of insulin receptor signaling pathway,M1,1,0
1,-4.2,GO:0007420,brain development,M1,1,0
1,-2.3,GO:0007517,muscle organ development,M1,1,0
1,-2.8,GO:0046887,positive regulation of hormone secretion,M1,1,0
1,-2,GO:0071276,cellular response to cadmium ion,M1,1,0
1,-2.4,GO:0003300,cardiac muscle hypertrophy,M1,1,0
1,-5,GO:0050890,cognition,M1,1,0
1,-2.6,R-MMU-6811440,Retrograde transport at the Trans-Golgi-Network,M1,1,0
1,-2.9,GO:0035249,"synaptic transmission, glutamatergic",M1,1,0
1,-9.3,GO:0022010,central nervous system myelination,M1,1,0
