Network,Annotation
Gene,GO:0007267|cell-cell signaling|-9.5;GO:0021782|glial cell development|-9.3;GO:0042552|myelination|-9.0
Gene_MCODE_ALL,R-MMU-388396|GPCR downstream signalling|-8.4;R-MMU-372790|Signaling by GPCR|-8.2;R-MMU-418594|G alpha (i) signalling events|-8.0
Gene_SUB1_MCODE_1,R-MMU-375276|Peptide ligand-binding receptors|-10.3;R-MMU-418594|G alpha (i) signalling events|-9.5;R-MMU-373076|Class A/1 (Rhodopsin-like receptors)|-9.2
Gene_SUB1_MCODE_2,"R-MMU-9012999|RHO GTPase cycle|-8.7;R-MMU-194315|Signaling by Rho GTPases|-7.9;R-MMU-9716542|Signaling by Rho GTPases, Miro GTPases and RHOBTB3|-7.8"
Gene_SUB1_MCODE_3,WP232|G protein signaling pathways|-9.5;mmu04081|Hormone signaling - Mus musculus (house mouse)|-7.9;mmu05163|Human cytomegalovirus infection - Mus musculus (house mouse)|-7.7
Gene_SUB1_MCODE_4,GO:0098916|anterograde trans-synaptic signaling|-5.2;GO:0007268|chemical synaptic transmission|-5.2;GO:0099537|trans-synaptic signaling|-5.1
Gene_SUB1_MCODE_5,mmu04820|Cytoskeleton in muscle cells - Mus musculus (house mouse)|-5.9
