Cluster,Score,Type,Gene,Symbol,Network
1,2.0,Clustered,109648,Npy,Gene_SUB1
1,2.0,Clustered,12854,Cort,Gene_SUB1
1,2.0,Seed,18619,Penk,Gene_SUB1
1,2.0,Clustered,20604,Sst,Gene_SUB1
1,2.0,Clustered,14763,Gpr37,Gene_SUB1
3,1.5,Clustered,14683,Gnas,Gene_SUB1
3,1.5,Clustered,14678,Gnai2,Gene_SUB1
3,1.5,Clustered,14673,Gna12,Gene_SUB1
3,1.5,Seed,66066,Gng11,Gene_SUB1
2,1.4000000000000001,Clustered,59079,Erbin,Gene_SUB1
2,1.4000000000000001,Clustered,56212,Rhog,Gene_SUB1
2,1.4000000000000001,Clustered,84004,Mcam,Gene_SUB1
2,1.4000000000000001,Clustered,242687,Wasf2,Gene_SUB1
2,1.4000000000000001,Seed,16480,Jup,Gene_SUB1
4,1.0,Clustered,20614,Snap25,Gene_SUB1
4,1.0,Clustered,17957,Napb,Gene_SUB1
4,1.0,Seed,235415,Cplx3,Gene_SUB1
5,1.0,Clustered,21952,Tnni1,Gene_SUB1
5,1.0,Clustered,22352,Vim,Gene_SUB1
5,1.0,Clustered,17896,Myl4,Gene_SUB1
6,1.0,Clustered,14618,Gjb1,Gene_SUB1
6,1.0,Seed,20665,Sox10,Gene_SUB1
6,1.0,Clustered,118454,Gjc2,Gene_SUB1
